[Licensing::Module] Trying to connect to existing licensing client channel...
[Licensing::IpcConnector] Successfully connected to the License Client on channel: "LicenseClient-Dev.LI" at "2026-05-24T14:52:34.1549265Z"
[Licensing::Client] Error: Code 0 while verifying Licensing Client signature (process Id: 34360, path: "D:/unity Hub/Tuanjie Hub/TuanjieLicensingClient_V1/Tuanjie.Licensing.Client.exe")
[Licensing::Module] Error: LicensingClient has failed validation; ignoring
[Licensing::Client] Successfully send message: {"AuthorizationCheck":"Ewh0rCmhBe8SmA==","messageType":"HandshakeRequest","protocolVersion":"1.12","userAgent":"TuanjieEditor/2022.3.62t8 (Windows; U; Windows NT 10.0; zh)","externalCorrelationId":"8291777580077184736"} at 1779634354
[Licensing::Client] Successfully receive message: {"protocolVersion":"1.12","sessionId":"6ad9aac0caae45f181cd2e6d24897050","context":{"DeviceName":"DEV-LI","DeviceModel":"82WM (LENOVO)","PhysicalMemoryMB":"32448","SystemLanguageISO":"zh","ProcessorCount":"32","ProcessorType":"AMD Ryzen 9 7945HX with Radeon Graphics        ","OperatingSystem":"Windows 10  (10.0.26200) 64bit","OperatingSystemNumeric":"1000","Legacy.MachineBinding1":"00330-80000-00000-AA963","Legacy.MachineBinding2":"C5FDB_08_404071_E6.9","Legacy.MachineBinding4":"QkgwMDdHTTk=","Legacy.MachineBinding5":"00:ff:62:7d:43:93","EnvironmentUser":"Dev.LI","EnvironmentDomain":"DEV-LI","EnvironmentHostname":"DEV-LI"},"assemblyProductVersion":"1.14.0+249b3dc","machineId":"bonVfytvD87nvYY7zQjTorUyMJ8=","correlationId":"d5460788977d8261f3bcfd19cf5fbd27","responseCode":200,"responseStatus":"Handshake successful","messageType":"HandshakeResponse"} at 1779634354
[Licensing::Client] Handshaking with LicensingClient:
  Version:                 1.14.0+249b3dc
  Session Id:              6ad9aac0caae45f181cd2e6d24897050
  Correlation Id:          d5460788977d8261f3bcfd19cf5fbd27
  External correlation Id: 8291777580077184736
  Machine Id:              bonVfytvD87nvYY7zQjTorUyMJ8=
[Licensing::Module] Successfully connected to LicensingClient on channel: "LicenseClient-Dev.LI" (connect: 0.00s, validation: 0.01s, handshake: 0.08s)
[Licensing::IpcConnector] Successfully connected to the License Notification on channel: "LicenseClient-Dev.LI-notifications" at "2026-05-24T14:52:34.2464275Z"
[Licensing::Module] Error: Access token is unavailable; failed to update
[Licensing::Client] Successfully send message: {"AuthorizationCheck":"1DigkvtdDmo62A==","messageType":"UpdateLicenseRequest","AccessToken":"","OrgId":"","ProjectId":"","forceUpdateLicense":true} at 1779634354
[Licensing::Client] Successfully receive message: {"responseCode":200,"responseStatus":"Licenses updated.","messageType":"UpdateLicenseResponse","authorizationCheck":"1DigkvtdDmo62DufdwDU5YTV+mPX"} at 1779634355
[Licensing::Client] Attempt to check time stamp (startTime: 1779634354, endTime: 1779634355)
[Licensing::Client] Successfully updated license
Built from 'tuanjie/1.9/staging' branch; Version is '2022.3.62t8 (eaa6929bf4e5) revision 15378066'; Using compiler version '192829333'; Build Type 'Release'
OS: 'Windows 11  (10.0.26200) 64bit Professional' Language: 'zh' Physical Memory: 32448 MB
[Licensing::Client] Successfully send message: {"AuthorizationCheck":"Yq49OFZdRlb6ew==","messageType":"EntitlementDetailsRequest","entitlementIds":["com.unity.editor.legacy.pro","com.unity.editor.headless"],"packageEntitlementIds":[],"includeCustomData":false} at 1779634355
[Licensing::Client] Successfully receive message: {"entitlementGroups":[{"entitlementGroupId":"F4-6FHY-5BZF-BSUA-7WFB-3YQF","entitlementGroupIdHash":"6f799ff5df1ccc813733ac3e82bd392958bed8ce","productName":"Unity Personal","productType":"TuanjieEditor","licenseType":"ULF","expiration":1779897154000,"matchedEntitlements":[{"entitlementId":"com.unity.editor.headless","isPackage":false,"count":1}]}],"responseCode":200,"responseStatus":"Found 1 entitlement groups and 0 free entitlements matching requested entitlement ids","messageType":"EntitlementDetailsResponse","authorizationCheck":"Yq49OFZdRlb6e2KXVuCr4chsxMEv"} at 1779634355
[Licensing::Client] Attempt to check time stamp (startTime: 1779634355, endTime: 1779634355)
[Licensing::Client] Successfully resolved entitlement details
[Licensing::Module] Serial number assigned to: "F4-6FHY-5BZF-BSUA-7WFB-XXXX"
BatchMode: 1, IsHumanControllingUs: 0, StartBugReporterOnCrash: 0, Is64bit: 1, IsPro: 0
[Licensing::Client] Successfully send message: {"AuthorizationCheck":"Yq49OFZdRlb6ew==","messageType":"EntitlementDetailsRequest","entitlementIds":["com.unity.editor.headless","com.unity.editor.ui"],"packageEntitlementIds":[],"includeCustomData":false} at 1779634355
[Licensing::Client] Successfully receive message: {"entitlementGroups":[{"entitlementGroupId":"F4-6FHY-5BZF-BSUA-7WFB-3YQF","entitlementGroupIdHash":"6f799ff5df1ccc813733ac3e82bd392958bed8ce","productName":"Unity Personal","productType":"TuanjieEditor","licenseType":"ULF","expiration":1779897154000,"matchedEntitlements":[{"entitlementId":"com.unity.editor.ui","isPackage":false,"count":1},{"entitlementId":"com.unity.editor.headless","isPackage":false,"count":1}]}],"responseCode":200,"responseStatus":"Found 1 entitlement groups and 0 free entitlements matching requested entitlement ids","messageType":"EntitlementDetailsResponse","authorizationCheck":"Yq49OFZdRlb6e2KXVuCr4chsxMEv"} at 1779634355
[Licensing::Client] Attempt to check time stamp (startTime: 1779634355, endTime: 1779634355)
[Licensing::Client] Successfully resolved entitlement details

COMMAND LINE ARGUMENTS:
D:\Tuanjie\2022.3.62t8\Editor\Tuanjie.exe
-batchmode
-quit
-nographics
-projectPath
G:\maomaomao\unity\companion-cat
-executeMethod
Maomaomao.CompanionCat.EditorTools.CompanionCatAndroidExporter.ExportAndroidGradleProject
-logFile
G:\maomaomao\ulw\tuanjie-export-android-62t8.log
Successfully changed project path to: G:\maomaomao\unity\companion-cat
G:/maomaomao/unity/companion-cat
[Memory] Configuration Parameters - Can be set up in boot.config
    "memorysetup-bucket-allocator-granularity=16"
    "memorysetup-bucket-allocator-bucket-count=8"
    "memorysetup-bucket-allocator-block-size=33554432"
    "memorysetup-bucket-allocator-block-count=8"
    "memorysetup-main-allocator-block-size=16777216"
    "memorysetup-thread-allocator-block-size=16777216"
    "memorysetup-gfx-main-allocator-block-size=16777216"
    "memorysetup-gfx-thread-allocator-block-size=16777216"
    "memorysetup-cache-allocator-block-size=4194304"
    "memorysetup-typetree-allocator-block-size=2097152"
    "memorysetup-profiler-bucket-allocator-granularity=16"
    "memorysetup-profiler-bucket-allocator-bucket-count=8"
    "memorysetup-profiler-bucket-allocator-block-size=33554432"
    "memorysetup-profiler-bucket-allocator-block-count=8"
    "memorysetup-profiler-allocator-block-size=16777216"
    "memorysetup-profiler-editor-allocator-block-size=1048576"
    "memorysetup-temp-allocator-size-main=16777216"
    "memorysetup-job-temp-allocator-block-size=2097152"
    "memorysetup-job-temp-allocator-block-size-background=1048576"
    "memorysetup-job-temp-allocator-reduction-small-platforms=262144"
    "memorysetup-allocator-temp-initial-block-size-main=262144"
    "memorysetup-allocator-temp-initial-block-size-worker=262144"
    "memorysetup-temp-allocator-size-gfx=262144"
    "memorysetup-temp-allocator-size-background-worker=32768"
    "memorysetup-temp-allocator-size-job-worker=262144"
    "memorysetup-temp-allocator-size-preload-manager=33554432"
    "memorysetup-temp-allocator-size-nav-mesh-worker=65536"
    "memorysetup-temp-allocator-size-audio-worker=65536"
    "memorysetup-temp-allocator-size-cloud-worker=32768"
    "memorysetup-temp-allocator-size-gi-baking-worker=262144"
    "memorysetup-temp-allocator-size-gfx=262144"
Player connection [5116]  Target information:

Player connection [5116]  * "[IP] 10.60.155.129 [Port] 55504 [Flags] 2 [Guid] 2872875458 [EditorId] 2872875458 [Version] 1048832 [Id] WindowsEditor(7,Dev-Li) [Debug] 1 [PackageName] WindowsEditor [ProjectName] Editor" 

Player connection [5116] Host joined multi-casting on [225.0.0.222:54997]...
Player connection [5116] Host joined alternative multi-casting on [225.0.0.222:34997]...
Input System module state changed to: Initialized.
AS: AutoStreaming module initializing.
[LiveLink] LiveLink library is loaded successfully. Initializing...
Begin write certificate to file.
Write certificate complete, return 1.
InitScreenManager.StartServer, cert is C:/Users/Dev.LI/AppData/Roaming/Tuanjie/44500-rest-certificate.pem
Start HTTP server port 38000, HTTPS server port 38443.
[Package Manager] UpmClient::Connect -- Connected to IPC stream "Upm-44500" after 0.0 seconds.
ArtifactDBVersion changed from '0x5ce21767' to '0x01b4a447'
[Licensing::Client] Successfully send message: {"AuthorizationCheck":"Yq49OFZdRlb6eA==","messageType":"EntitlementDetailsRequest","entitlementIds":["com.unity.editor.ui","com.unity.editor.headless","com.unity.editor.dark-skin","com.unity.editor.disable-splash-screen","com.unity.editor.legacy.embedded","com.unity.editor.legacy.pro","com.unity.editor.platforms.android","com.unity.editor.platforms.android.pro","com.unity.editor.platforms.ios","com.unity.editor.platforms.ios.pro","com.unity.editor.platforms.nintendo3ds","com.unity.editor.platforms.ps4","com.unity.editor.platforms.pzazz","com.unity.editor.platforms.uwp","com.unity.editor.platforms.uwp.pro","com.unity.editor.platforms.vita","com.unity.editor.platforms.xboxone","com.unity.editor.watermarks.disable","com.unity.editor.watermarks.edu","com.unity.editor.watermarks.prototyping","com.unity.editor.watermarks.trial","com.unity.editor.time-limited-license","com.unity.editor.internal-developer","com.unity.tiny","com.unity.editor.unity.compliant","com.unity.editor.platforms.minigame","com.unity.editor.watermarks.forcedisable","com.unity.editor.guid.encryption","com.unity.editor.open-harmony.analytics.disabled","com.unity.editor.mini-game.analytics.disabled","com.unity.editor.last.activation.date","com.unity.editor.unity.expiration.2d","com.unity.editor.unity.expiration.7d","com.unity.editor.playableads.watermark","com.unity.editor.android.analytics.enable","com.unity.editor.ios.analytics.enable"],"packageEntitlementIds":[],"includeCustomData":false} at 1779634356
[Licensing::Client] Successfully receive message: {"entitlementGroups":[{"entitlementGroupId":"F4-6FHY-5BZF-BSUA-7WFB-3YQF","entitlementGroupIdHash":"6f799ff5df1ccc813733ac3e82bd392958bed8ce","productName":"Unity Personal","productType":"TuanjieEditor","licenseType":"ULF","expiration":1779897154000,"matchedEntitlements":[{"entitlementId":"com.unity.editor.platforms.android","isPackage":false,"count":1},{"entitlementId":"com.unity.editor.platforms.uwp","isPackage":false,"count":1},{"entitlementId":"com.unity.editor.platforms.minigame","isPackage":false,"count":1},{"entitlementId":"com.unity.editor.platforms.ios","isPackage":false,"count":1},{"entitlementId":"com.unity.editor.guid.encryption","isPackage":false,"count":1},{"entitlementId":"com.unity.editor.ui","isPackage":false,"count":1},{"entitlementId":"com.unity.editor.headless","isPackage":false,"count":1},{"entitlementId":"com.unity.editor.unity.expiration.2d","isPackage":false,"count":1},{"entitlementId":"com.unity.editor.ios.analytics.enable","isPackage":false,"count":1},{"entitlementId":"com.unity.editor.android.analytics.enable","isPackage":false,"count":1},{"entitlementId":"com.unity.editor.watermarks.forcedisable","isPackage":false,"count":1},{"entitlementId":"com.unity.editor.last.activation.date","isPackage":false,"count":1},{"entitlementId":"com.unity.editor.unity.compliant","isPackage":false,"count":1},{"entitlementId":"com.unity.editor.mini-game.analytics.disabled","isPackage":false,"count":1},{"entitlementId":"com.unity.editor.time-limited-license","isPackage":false,"count":1}]}],"responseCode":200,"responseStatus":"Found 1 entitlement groups and 0 free entitlements matching requested entitlement ids","messageType":"EntitlementDetailsResponse","authorizationCheck":"Yq49OFZdRlb6eGKXVuCr4e6NcOtL"} at 1779634356
[Licensing::Client] Attempt to check time stamp (startTime: 1779634356, endTime: 1779634356)
[Licensing::Client] Successfully resolved entitlement details
[Licensing::Client] Successfully send message: {"AuthorizationCheck":"Yq49OFZdRlb6eA==","messageType":"EntitlementDetailsRequest","entitlementIds":["com.unity.editor.allow-mix-usage","com.unity.editor.headless"],"packageEntitlementIds":[],"includeCustomData":false} at 1779634356
[Licensing::Client] Successfully receive message: {"entitlementGroups":[{"entitlementGroupId":"F4-6FHY-5BZF-BSUA-7WFB-3YQF","entitlementGroupIdHash":"6f799ff5df1ccc813733ac3e82bd392958bed8ce","productName":"Unity Personal","productType":"TuanjieEditor","licenseType":"ULF","expiration":1779897154000,"matchedEntitlements":[{"entitlementId":"com.unity.editor.headless","isPackage":false,"count":1}]}],"responseCode":200,"responseStatus":"Found 1 entitlement groups and 0 free entitlements matching requested entitlement ids","messageType":"EntitlementDetailsResponse","authorizationCheck":"Yq49OFZdRlb6eGKXVuCr4e6NcOtL"} at 1779634356
[Licensing::Client] Attempt to check time stamp (startTime: 1779634356, endTime: 1779634356)
[Licensing::Client] Successfully resolved entitlement details
Package Manager log level set to [2]
[Package Manager] Done resolving packages in 0.95 seconds
[Licensing::Client] Successfully send message: {"AuthorizationCheck":"Yq49OFZdRlb6dg==","messageType":"EntitlementDetailsRequest","entitlementIds":[],"packageEntitlementIds":["com.unity.cloud.gltfast","com.unity.modules.ai","com.unity.modules.androidjni","com.unity.modules.animation","com.unity.modules.assetbundle","com.unity.modules.audio","com.unity.modules.cloth","com.unity.modules.director","com.unity.modules.imageconversion","com.unity.modules.imgui","com.unity.modules.infinity","com.unity.modules.jsonserialize","com.unity.modules.particlesystem","com.unity.modules.physics","com.unity.modules.physics2d","com.unity.modules.screencapture","com.unity.modules.terrain","com.unity.modules.terrainphysics","com.unity.modules.tilemap","com.unity.modules.ui","com.unity.modules.uielements","com.unity.modules.unityanalytics","com.unity.modules.unitywebrequest","com.unity.modules.unitywebrequestassetbundle","com.unity.modules.unitywebrequestaudio","com.unity.modules.unitywebrequesttexture","com.unity.modules.unitywebrequestwww","com.unity.modules.vehicles","com.unity.modules.video","com.unity.modules.vr","com.unity.modules.wind","com.unity.modules.xr","com.unity.modules.subsystems","com.unity.burst","com.unity.collections","com.unity.mathematics","com.unity.test-framework","com.unity.ext.nunit"],"includeCustomData":false} at 1779634358
[Licensing::Client] Successfully receive message: {"freeEntitlementIds":["com.unity.cloud.gltfast","com.unity.modules.ai","com.unity.modules.androidjni","com.unity.modules.animation","com.unity.modules.assetbundle","com.unity.modules.audio","com.unity.modules.cloth","com.unity.modules.director","com.unity.modules.imageconversion","com.unity.modules.imgui","com.unity.modules.infinity","com.unity.modules.jsonserialize","com.unity.modules.particlesystem","com.unity.modules.physics","com.unity.modules.physics2d","com.unity.modules.screencapture","com.unity.modules.terrain","com.unity.modules.terrainphysics","com.unity.modules.tilemap","com.unity.modules.ui","com.unity.modules.uielements","com.unity.modules.unityanalytics","com.unity.modules.unitywebrequest","com.unity.modules.unitywebrequestassetbundle","com.unity.modules.unitywebrequestaudio","com.unity.modules.unitywebrequesttexture","com.unity.modules.unitywebrequestwww","com.unity.modules.vehicles","com.unity.modules.video","com.unity.modules.vr","com.unity.modules.wind","com.unity.modules.xr","com.unity.modules.subsystems","com.unity.burst","com.unity.collections","com.unity.mathematics","com.unity.test-framework","com.unity.ext.nunit"],"responseCode":200,"responseStatus":"Found 0 entitlement groups and 38 free entitlements matching requested entitlement ids","messageType":"EntitlementDetailsResponse","authorizationCheck":"Yq49OFZdRlb6dmKXVuCr4biJGaEL"} at 1779634358
[Licensing::Client] Attempt to check time stamp (startTime: 1779634358, endTime: 1779634358)
[Licensing::Client] Successfully resolved entitlement details
[Package Manager] Registered 38 packages:
  Packages from [https://packages.tuanjie.cn]:
    com.unity.cloud.gltfast@6.17.0 (location: G:\maomaomao\unity\companion-cat\Library\PackageCache\com.unity.cloud.gltfast@6.17.0)
    com.unity.burst@1.8.26 (location: G:\maomaomao\unity\companion-cat\Library\PackageCache\com.unity.burst@1.8.26)
    com.unity.collections@1.2.4 (location: G:\maomaomao\unity\companion-cat\Library\PackageCache\com.unity.collections@1.2.4)
    com.unity.mathematics@1.2.6 (location: G:\maomaomao\unity\companion-cat\Library\PackageCache\com.unity.mathematics@1.2.6)
    com.unity.test-framework@1.1.33 (location: G:\maomaomao\unity\companion-cat\Library\PackageCache\com.unity.test-framework@1.1.33)
    com.unity.ext.nunit@1.0.6 (location: G:\maomaomao\unity\companion-cat\Library\PackageCache\com.unity.ext.nunit@1.0.6)
  Built-in packages:
    com.unity.modules.ai@1.0.0 (location: G:\maomaomao\unity\companion-cat\Library\PackageCache\com.unity.modules.ai@1.0.0)
    com.unity.modules.androidjni@1.0.0 (location: G:\maomaomao\unity\companion-cat\Library\PackageCache\com.unity.modules.androidjni@1.0.0)
    com.unity.modules.animation@1.0.0 (location: G:\maomaomao\unity\companion-cat\Library\PackageCache\com.unity.modules.animation@1.0.0)
    com.unity.modules.assetbundle@1.0.0 (location: G:\maomaomao\unity\companion-cat\Library\PackageCache\com.unity.modules.assetbundle@1.0.0)
    com.unity.modules.audio@1.0.0 (location: G:\maomaomao\unity\companion-cat\Library\PackageCache\com.unity.modules.audio@1.0.0)
    com.unity.modules.cloth@1.0.0 (location: G:\maomaomao\unity\companion-cat\Library\PackageCache\com.unity.modules.cloth@1.0.0)
    com.unity.modules.director@1.0.0 (location: G:\maomaomao\unity\companion-cat\Library\PackageCache\com.unity.modules.director@1.0.0)
    com.unity.modules.imageconversion@1.0.0 (location: G:\maomaomao\unity\companion-cat\Library\PackageCache\com.unity.modules.imageconversion@1.0.0)
    com.unity.modules.imgui@1.0.0 (location: G:\maomaomao\unity\companion-cat\Library\PackageCache\com.unity.modules.imgui@1.0.0)
    com.unity.modules.infinity@1.0.0 (location: G:\maomaomao\unity\companion-cat\Library\PackageCache\com.unity.modules.infinity@1.0.0)
    com.unity.modules.jsonserialize@1.0.0 (location: G:\maomaomao\unity\companion-cat\Library\PackageCache\com.unity.modules.jsonserialize@1.0.0)
    com.unity.modules.particlesystem@1.0.0 (location: G:\maomaomao\unity\companion-cat\Library\PackageCache\com.unity.modules.particlesystem@1.0.0)
    com.unity.modules.physics@1.0.0 (location: G:\maomaomao\unity\companion-cat\Library\PackageCache\com.unity.modules.physics@1.0.0)
    com.unity.modules.physics2d@1.0.0 (location: G:\maomaomao\unity\companion-cat\Library\PackageCache\com.unity.modules.physics2d@1.0.0)
    com.unity.modules.screencapture@1.0.0 (location: G:\maomaomao\unity\companion-cat\Library\PackageCache\com.unity.modules.screencapture@1.0.0)
    com.unity.modules.terrain@1.0.0 (location: G:\maomaomao\unity\companion-cat\Library\PackageCache\com.unity.modules.terrain@1.0.0)
    com.unity.modules.terrainphysics@1.0.0 (location: G:\maomaomao\unity\companion-cat\Library\PackageCache\com.unity.modules.terrainphysics@1.0.0)
    com.unity.modules.tilemap@1.0.0 (location: G:\maomaomao\unity\companion-cat\Library\PackageCache\com.unity.modules.tilemap@1.0.0)
    com.unity.modules.ui@1.0.0 (location: G:\maomaomao\unity\companion-cat\Library\PackageCache\com.unity.modules.ui@1.0.0)
    com.unity.modules.uielements@1.0.0 (location: G:\maomaomao\unity\companion-cat\Library\PackageCache\com.unity.modules.uielements@1.0.0)
    com.unity.modules.unityanalytics@1.0.0 (location: G:\maomaomao\unity\companion-cat\Library\PackageCache\com.unity.modules.unityanalytics@1.0.0)
    com.unity.modules.unitywebrequest@1.0.0 (location: G:\maomaomao\unity\companion-cat\Library\PackageCache\com.unity.modules.unitywebrequest@1.0.0)
    com.unity.modules.unitywebrequestassetbundle@1.0.0 (location: G:\maomaomao\unity\companion-cat\Library\PackageCache\com.unity.modules.unitywebrequestassetbundle@1.0.0)
    com.unity.modules.unitywebrequestaudio@1.0.0 (location: G:\maomaomao\unity\companion-cat\Library\PackageCache\com.unity.modules.unitywebrequestaudio@1.0.0)
    com.unity.modules.unitywebrequesttexture@1.0.0 (location: G:\maomaomao\unity\companion-cat\Library\PackageCache\com.unity.modules.unitywebrequesttexture@1.0.0)
    com.unity.modules.unitywebrequestwww@1.0.0 (location: G:\maomaomao\unity\companion-cat\Library\PackageCache\com.unity.modules.unitywebrequestwww@1.0.0)
    com.unity.modules.vehicles@1.0.0 (location: G:\maomaomao\unity\companion-cat\Library\PackageCache\com.unity.modules.vehicles@1.0.0)
    com.unity.modules.video@1.0.0 (location: G:\maomaomao\unity\companion-cat\Library\PackageCache\com.unity.modules.video@1.0.0)
    com.unity.modules.vr@1.0.0 (location: G:\maomaomao\unity\companion-cat\Library\PackageCache\com.unity.modules.vr@1.0.0)
    com.unity.modules.wind@1.0.0 (location: G:\maomaomao\unity\companion-cat\Library\PackageCache\com.unity.modules.wind@1.0.0)
    com.unity.modules.xr@1.0.0 (location: G:\maomaomao\unity\companion-cat\Library\PackageCache\com.unity.modules.xr@1.0.0)
    com.unity.modules.subsystems@1.0.0 (location: G:\maomaomao\unity\companion-cat\Library\PackageCache\com.unity.modules.subsystems@1.0.0)
[Subsystems] No new subsystems found in resolved package list.
[Package Manager] Done registering packages in 0.00 seconds
Refreshing native plugins compatible for Editor in 8.88 ms, found 0 plugins.
Preloading 0 native plugins for Editor in 0.00 ms.
Initialize engine version: 2022.3.62t8 (eaa6929bf4e5)
THR RenderingThread disabled!
[Subsystems] Discovering subsystems at path D:/Tuanjie/2022.3.62t8/Editor/Data/Resources/UnitySubsystems
[Subsystems] Discovering subsystems at path G:/maomaomao/unity/companion-cat/Assets
Forcing GfxDevice: Null
GfxDevice: creating device client; threaded=0; jobified=0
CreateRealGfxDevice: 4NullGfxDevice:
    Version:  NULL 1.0 [1.0]
    Renderer: Null Device
    Vendor:   Unity Technologies
[Licensing::Client] Successfully send message: {"AuthorizationCheck":"Yq49OFZdRlb6dg==","messageType":"EntitlementDetailsRequest","entitlementIds":["com.unity.editor.cluster","com.unity.editor.headless"],"packageEntitlementIds":[],"includeCustomData":false} at 1779634358
[Licensing::Client] Successfully receive message: {"entitlementGroups":[{"entitlementGroupId":"F4-6FHY-5BZF-BSUA-7WFB-3YQF","entitlementGroupIdHash":"6f799ff5df1ccc813733ac3e82bd392958bed8ce","productName":"Unity Personal","productType":"TuanjieEditor","licenseType":"ULF","expiration":1779897154000,"matchedEntitlements":[{"entitlementId":"com.unity.editor.headless","isPackage":false,"count":1}]}],"responseCode":200,"responseStatus":"Found 1 entitlement groups and 0 free entitlements matching requested entitlement ids","messageType":"EntitlementDetailsResponse","authorizationCheck":"Yq49OFZdRlb6dmKXVuCr4biJGaEL"} at 1779634358
[Licensing::Client] Attempt to check time stamp (startTime: 1779634358, endTime: 1779634358)
[Licensing::Client] Successfully resolved entitlement details
Initialize mono
Mono path[0] = 'D:/Tuanjie/2022.3.62t8/Editor/Data/Managed'
Mono path[1] = 'D:/Tuanjie/2022.3.62t8/Editor/Data/MonoBleedingEdge/lib/mono/unityjit-win32'
Mono config path = 'D:/Tuanjie/2022.3.62t8/Editor/Data/MonoBleedingEdge/etc'
Using monoOptions --debugger-agent=transport=dt_socket,embedding=1,server=y,suspend=n,address=0.0.0.0:56500
Using cacheserver namespaces - metadata:defaultmetadata, artifacts:defaultartifacts
Using cacheserver namespaces - metadata:defaultmetadata, artifacts:defaultartifacts
ImportWorker Server TCP listen port: 0
Begin MonoManager ReloadAssembly
Registering precompiled tuanjie dll's ...
Register platform support module: D:/Tuanjie/2022.3.62t8/Editor/Data/PlaybackEngines/AndroidPlayer/UnityEditor.Android.Extensions.dll
Register platform support module: D:/Tuanjie/2022.3.62t8/Editor/Data/PlaybackEngines/WindowsStandaloneSupport/UnityEditor.WindowsStandalone.Extensions.dll
Registered in 0.004153 seconds.
- Loaded All Assemblies, in  0.354 seconds
Native extension for WindowsStandalone target not found
Native extension for Android target not found
Android Extension - Scanning For ADB Devices 2313 ms
[Licensing::Client] Successfully send message: {"AuthorizationCheck":"Yq49OFZdRlb5fw==","messageType":"EntitlementDetailsRequest","entitlementIds":["com.unity.editor.minigame.subplatform.wechat","com.unity.editor.headless"],"packageEntitlementIds":[],"includeCustomData":false} at 1779634361
[Licensing::Client] Successfully receive message: {"entitlementGroups":[{"entitlementGroupId":"F4-6FHY-5BZF-BSUA-7WFB-3YQF","entitlementGroupIdHash":"6f799ff5df1ccc813733ac3e82bd392958bed8ce","productName":"Unity Personal","productType":"TuanjieEditor","licenseType":"ULF","expiration":1779897154000,"matchedEntitlements":[{"entitlementId":"com.unity.editor.headless","isPackage":false,"count":1},{"entitlementId":"com.unity.editor.minigame.subplatform.wechat","isPackage":false,"count":1}]}],"responseCode":200,"responseStatus":"Found 1 entitlement groups and 0 free entitlements matching requested entitlement ids","messageType":"EntitlementDetailsResponse","authorizationCheck":"Yq49OFZdRlb5f2KXVuCr4RJY41jZ"} at 1779634361
[Licensing::Client] Attempt to check time stamp (startTime: 1779634361, endTime: 1779634361)
[Licensing::Client] Successfully resolved entitlement details
[Licensing::Client] Successfully send message: {"AuthorizationCheck":"Yq49OFZdRlb5fw==","messageType":"EntitlementDetailsRequest","entitlementIds":["com.unity.editor.minigame.subplatform.douyin","com.unity.editor.headless"],"packageEntitlementIds":[],"includeCustomData":false} at 1779634361
[Licensing::Client] Successfully receive message: {"entitlementGroups":[{"entitlementGroupId":"F4-6FHY-5BZF-BSUA-7WFB-3YQF","entitlementGroupIdHash":"6f799ff5df1ccc813733ac3e82bd392958bed8ce","productName":"Unity Personal","productType":"TuanjieEditor","licenseType":"ULF","expiration":1779897154000,"matchedEntitlements":[{"entitlementId":"com.unity.editor.headless","isPackage":false,"count":1},{"entitlementId":"com.unity.editor.minigame.subplatform.douyin","isPackage":false,"count":1}]}],"responseCode":200,"responseStatus":"Found 1 entitlement groups and 0 free entitlements matching requested entitlement ids","messageType":"EntitlementDetailsResponse","authorizationCheck":"Yq49OFZdRlb5f2KXVuCr4RJY41jZ"} at 1779634361
[Licensing::Client] Attempt to check time stamp (startTime: 1779634361, endTime: 1779634361)
[Licensing::Client] Successfully resolved entitlement details
[Licensing::Client] Successfully send message: {"AuthorizationCheck":"Yq49OFZdRlb5fw==","messageType":"EntitlementDetailsRequest","entitlementIds":["com.unity.editor.minigame.subplatform.xiaomi","com.unity.editor.headless"],"packageEntitlementIds":[],"includeCustomData":false} at 1779634361
[Licensing::Client] Successfully receive message: {"entitlementGroups":[{"entitlementGroupId":"F4-6FHY-5BZF-BSUA-7WFB-3YQF","entitlementGroupIdHash":"6f799ff5df1ccc813733ac3e82bd392958bed8ce","productName":"Unity Personal","productType":"TuanjieEditor","licenseType":"ULF","expiration":1779897154000,"matchedEntitlements":[{"entitlementId":"com.unity.editor.headless","isPackage":false,"count":1},{"entitlementId":"com.unity.editor.minigame.subplatform.xiaomi","isPackage":false,"count":1}]}],"responseCode":200,"responseStatus":"Found 1 entitlement groups and 0 free entitlements matching requested entitlement ids","messageType":"EntitlementDetailsResponse","authorizationCheck":"Yq49OFZdRlb5f2KXVuCr4RJY41jZ"} at 1779634361
[Licensing::Client] Attempt to check time stamp (startTime: 1779634361, endTime: 1779634361)
[Licensing::Client] Successfully resolved entitlement details
[Licensing::Client] Successfully send message: {"AuthorizationCheck":"Yq49OFZdRlb5fw==","messageType":"EntitlementDetailsRequest","entitlementIds":["com.unity.editor.minigame.subplatform.kuaishou","com.unity.editor.headless"],"packageEntitlementIds":[],"includeCustomData":false} at 1779634361
[Licensing::Client] Successfully receive message: {"entitlementGroups":[{"entitlementGroupId":"F4-6FHY-5BZF-BSUA-7WFB-3YQF","entitlementGroupIdHash":"6f799ff5df1ccc813733ac3e82bd392958bed8ce","productName":"Unity Personal","productType":"TuanjieEditor","licenseType":"ULF","expiration":1779897154000,"matchedEntitlements":[{"entitlementId":"com.unity.editor.headless","isPackage":false,"count":1},{"entitlementId":"com.unity.editor.minigame.subplatform.kuaishou","isPackage":false,"count":1}]}],"responseCode":200,"responseStatus":"Found 1 entitlement groups and 0 free entitlements matching requested entitlement ids","messageType":"EntitlementDetailsResponse","authorizationCheck":"Yq49OFZdRlb5f2KXVuCr4RJY41jZ"} at 1779634361
[Licensing::Client] Attempt to check time stamp (startTime: 1779634361, endTime: 1779634361)
[Licensing::Client] Successfully resolved entitlement details
[Licensing::Client] Successfully send message: {"AuthorizationCheck":"Yq49OFZdRlb5fw==","messageType":"EntitlementDetailsRequest","entitlementIds":["com.unity.editor.minigame.subplatform.taptap","com.unity.editor.headless"],"packageEntitlementIds":[],"includeCustomData":false} at 1779634361
[Licensing::Client] Successfully receive message: {"entitlementGroups":[{"entitlementGroupId":"F4-6FHY-5BZF-BSUA-7WFB-3YQF","entitlementGroupIdHash":"6f799ff5df1ccc813733ac3e82bd392958bed8ce","productName":"Unity Personal","productType":"TuanjieEditor","licenseType":"ULF","expiration":1779897154000,"matchedEntitlements":[{"entitlementId":"com.unity.editor.headless","isPackage":false,"count":1},{"entitlementId":"com.unity.editor.minigame.subplatform.taptap","isPackage":false,"count":1}]}],"responseCode":200,"responseStatus":"Found 1 entitlement groups and 0 free entitlements matching requested entitlement ids","messageType":"EntitlementDetailsResponse","authorizationCheck":"Yq49OFZdRlb5f2KXVuCr4RJY41jZ"} at 1779634361
[Licensing::Client] Attempt to check time stamp (startTime: 1779634361, endTime: 1779634361)
[Licensing::Client] Successfully resolved entitlement details
[Licensing::Client] Successfully send message: {"AuthorizationCheck":"Yq49OFZdRlb5fw==","messageType":"EntitlementDetailsRequest","entitlementIds":["com.unity.editor.minigame.subplatform.metaapp233","com.unity.editor.headless"],"packageEntitlementIds":[],"includeCustomData":false} at 1779634361
[Licensing::Client] Successfully receive message: {"entitlementGroups":[{"entitlementGroupId":"F4-6FHY-5BZF-BSUA-7WFB-3YQF","entitlementGroupIdHash":"6f799ff5df1ccc813733ac3e82bd392958bed8ce","productName":"Unity Personal","productType":"TuanjieEditor","licenseType":"ULF","expiration":1779897154000,"matchedEntitlements":[{"entitlementId":"com.unity.editor.headless","isPackage":false,"count":1},{"entitlementId":"com.unity.editor.minigame.subplatform.metaapp233","isPackage":false,"count":1}]}],"responseCode":200,"responseStatus":"Found 1 entitlement groups and 0 free entitlements matching requested entitlement ids","messageType":"EntitlementDetailsResponse","authorizationCheck":"Yq49OFZdRlb5f2KXVuCr4RJY41jZ"} at 1779634361
[Licensing::Client] Attempt to check time stamp (startTime: 1779634361, endTime: 1779634361)
[Licensing::Client] Successfully resolved entitlement details
[Licensing::Client] Successfully send message: {"AuthorizationCheck":"Yq49OFZdRlb5fw==","messageType":"EntitlementDetailsRequest","entitlementIds":["com.unity.editor.minigame.subplatform.minihost","com.unity.editor.headless"],"packageEntitlementIds":[],"includeCustomData":false} at 1779634361
[Licensing::Client] Successfully receive message: {"entitlementGroups":[{"entitlementGroupId":"F4-6FHY-5BZF-BSUA-7WFB-3YQF","entitlementGroupIdHash":"6f799ff5df1ccc813733ac3e82bd392958bed8ce","productName":"Unity Personal","productType":"TuanjieEditor","licenseType":"ULF","expiration":1779897154000,"matchedEntitlements":[{"entitlementId":"com.unity.editor.headless","isPackage":false,"count":1},{"entitlementId":"com.unity.editor.minigame.subplatform.minihost","isPackage":false,"count":1}]}],"responseCode":200,"responseStatus":"Found 1 entitlement groups and 0 free entitlements matching requested entitlement ids","messageType":"EntitlementDetailsResponse","authorizationCheck":"Yq49OFZdRlb5f2KXVuCr4RJY41jZ"} at 1779634361
[Licensing::Client] Attempt to check time stamp (startTime: 1779634361, endTime: 1779634361)
[Licensing::Client] Successfully resolved entitlement details
Mono: successfully reloaded assembly
- Finished resetting the current domain, in  2.723 seconds
Domain Reload Profiling: 3077ms
	BeginReloadAssembly (142ms)
		ExecutionOrderSort (0ms)
		DisableScriptedObjects (0ms)
		BackupInstance (0ms)
		ReleaseScriptingObjects (0ms)
		CreateAndSetChildDomain (1ms)
	RebuildCommonClasses (32ms)
	RebuildNativeTypeToScriptingClass (9ms)
	initialDomainReloadingComplete (41ms)
	LoadAllAssembliesAndSetupDomain (128ms)
		LoadAssemblies (142ms)
		RebuildTransferFunctionScriptingTraits (0ms)
		AnalyzeDomain (126ms)
			TypeCache.Refresh (124ms)
				TypeCache.ScanAssembly (111ms)
			ScanForSourceGeneratedMonoScriptInfo (0ms)
			ResolveRequiredComponents (1ms)
	FinalizeReload (2723ms)
		ReleaseScriptCaches (0ms)
		RebuildScriptCaches (0ms)
		SetupLoadedEditorAssemblies (2686ms)
			LogAssemblyErrors (0ms)
			InitializePlatformSupportModulesInManaged (2388ms)
			SetLoadedEditorAssemblies (5ms)
			RefreshPlugins (0ms)
			BeforeProcessingInitializeOnLoad (2ms)
			ProcessInitializeOnLoadAttributes (274ms)
			ProcessInitializeOnLoadMethodAttributes (17ms)
			AfterProcessingInitializeOnLoad (0ms)
			EditorAssembliesLoaded (0ms)
		ExecutionOrderSort2 (0ms)
		AwakeInstancesAfterBackupRestoration (0ms)
Application.AssetDatabase Initial Refresh Start
info: Microsoft.Hosting.Lifetime[14]
      Now listening on: http://localhost:80
info: Microsoft.Hosting.Lifetime[0]
      Application started. Press Ctrl+C to shut down.
info: Microsoft.Hosting.Lifetime[0]
      Hosting environment: Production
info: Microsoft.Hosting.Lifetime[0]
      Content root path: G:\maomaomao\unity\companion-cat\
info: Microsoft.AspNetCore.Hosting.Diagnostics[1]
      Request starting HTTP/2 POST http://ilpp/UnityILPP.PostProcessing/Ping application/grpc -
info: Microsoft.AspNetCore.Routing.EndpointMiddleware[0]
      Executing endpoint 'gRPC - /UnityILPP.PostProcessing/Ping'
info: Microsoft.AspNetCore.Routing.EndpointMiddleware[1]
      Executed endpoint 'gRPC - /UnityILPP.PostProcessing/Ping'
info: Microsoft.AspNetCore.Hosting.Diagnostics[2]
      Request finished HTTP/2 POST http://ilpp/UnityILPP.PostProcessing/Ping application/grpc - - 200 - application/grpc 30.8974ms
Clearing Bee directory 'Library/Bee', since bee backend hash ('Library/Bee/bee_backend.info') is different, previous hash was 557147807dda2ffae0dcb555d02e4efb13bc95c0dc548b0d845a0990ad7d1a2a (Unity version: 2022.3.62t7), current hash is d4146cbfebb26f67ff1dcad2ffb155c6c7f75a849449fd87d5e9617c6029d630 (Unity version: 2022.3.62t8).
Starting: D:\Tuanjie\2022.3.62t8\Editor\Data\bee_backend.exe --dont-print-to-structured-log --ipc --defer-dag-verification --dagfile="Library/Bee/1900b0aE.dag" --continue-on-failure --profile="Library/Bee/backend1.traceevents" ScriptAssemblies
WorkingDir: G:/maomaomao/unity/companion-cat
DisplayProgressbar: Compiling Scripts
ExitCode: 4 Duration: 0s288ms
[             ] Require frontend run.  Library/Bee/1900b0aE.dag couldn't be loaded
Starting: D:\Tuanjie\2022.3.62t8\Editor\Data\Tools\netcorerun\netcorerun.exe "D:\Tuanjie\2022.3.62t8\Editor\Data\Tools\BuildPipeline\ScriptCompilationBuildProgram.exe" "Library/Bee/1900b0aE.dag.json" "Library/Bee/1900b0aE-inputdata.json" "Library\Bee\buildprogram0.traceevents"
WorkingDir: G:/maomaomao/unity/companion-cat
ExitCode: 0 Duration: 0s443ms
Starting: D:\Tuanjie\2022.3.62t8\Editor\Data\bee_backend.exe --dont-print-to-structured-log --ipc --defer-dag-verification --dagfile="Library/Bee/1900b0aE.dag" --continue-on-failure --dagfilejson="Library\Bee\1900b0aE.dag.json" --profile="Library/Bee/backend2.traceevents" ScriptAssemblies
WorkingDir: G:/maomaomao/unity/companion-cat
info: Microsoft.AspNetCore.Hosting.Diagnostics[1]
      Request starting HTTP/2 POST http://ilpp/UnityILPP.PostProcessing/ConfigurePostProcessors application/grpc -
info: Microsoft.AspNetCore.Routing.EndpointMiddleware[0]
      Executing endpoint 'gRPC - /UnityILPP.PostProcessing/ConfigurePostProcessors'
warn: Unity.ILPP.Runner.PostProcessingAssemblyLoadContext[0]
      Assembly system.runtime.interopservices.windowsruntime has duplicate hint path. Ignoring "D:\Tuanjie\2022.3.62t8\Editor\Data\TuanjieReferenceAssemblies\tuanjie-4.8-api\Facades\System.Runtime.InteropServices.WindowsRuntime.dll" in favor of "D:\Tuanjie\2022.3.62t8\Editor\Data\NetStandard\Extensions\2.0.0\System.Runtime.InteropServices.WindowsRuntime.dll"
warn: Unity.ILPP.Runner.PostProcessingAssemblyLoadContext[0]
      Assembly system.componentmodel.composition has duplicate hint path. Ignoring "D:\Tuanjie\2022.3.62t8\Editor\Data\TuanjieReferenceAssemblies\tuanjie-4.8-api\System.ComponentModel.Composition.dll" in favor of "D:\Tuanjie\2022.3.62t8\Editor\Data\NetStandard\compat\2.1.0\shims\netfx\System.ComponentModel.Composition.dll"
info: Unity.ILPP.Runner.PostProcessingAssemblyLoadContext[0]
      Resolved Unity.Burst.Cecil, Version=0.11.4.0, Culture=neutral, PublicKeyToken=50cebf1cceb9d05e with Library\PackageCache\com.unity.burst@1.8.26\Unity.Burst.CodeGen\Unity.Burst.Cecil.dll
info: Microsoft.AspNetCore.Routing.EndpointMiddleware[1]
      Executed endpoint 'gRPC - /UnityILPP.PostProcessing/ConfigurePostProcessors'
info: Microsoft.AspNetCore.Hosting.Diagnostics[2]
      Request finished HTTP/2 POST http://ilpp/UnityILPP.PostProcessing/ConfigurePostProcessors application/grpc - - 200 - application/grpc 27.2586ms
info: Microsoft.AspNetCore.Hosting.Diagnostics[1]
      Request starting HTTP/2 POST http://ilpp/UnityILPP.PostProcessing/PostProcessAssembly application/grpc -
info: Microsoft.AspNetCore.Routing.EndpointMiddleware[0]
      Executing endpoint 'gRPC - /UnityILPP.PostProcessing/PostProcessAssembly'
info: Unity.ILPP.Runner.PostProcessingPipeline[0]
      Processing assembly Library/Bee/artifacts/1900b0aE.dag/Unity.Burst.dll, with 139 defines and 215 references
info: Unity.ILPP.Runner.PostProcessingPipeline[0]
      processors: zzzUnity.Burst.CodeGen.BurstILPostProcessor
info: Unity.ILPP.Runner.PostProcessingPipeline[0]
      running zzzUnity.Burst.CodeGen.BurstILPostProcessor
info: Microsoft.AspNetCore.Hosting.Diagnostics[1]
      Request starting HTTP/2 POST http://ilpp/UnityILPP.PostProcessing/PostProcessAssembly application/grpc -
info: Microsoft.AspNetCore.Routing.EndpointMiddleware[0]
      Executing endpoint 'gRPC - /UnityILPP.PostProcessing/PostProcessAssembly'
info: Unity.ILPP.Runner.PostProcessingPipeline[0]
      Processing assembly Library/Bee/artifacts/1900b0aE.dag/Unity.Mathematics.dll, with 139 defines and 215 references
info: Unity.ILPP.Runner.PostProcessingPipeline[0]
      processors: zzzUnity.Burst.CodeGen.BurstILPostProcessor
info: Unity.ILPP.Runner.PostProcessingPipeline[0]
      running zzzUnity.Burst.CodeGen.BurstILPostProcessor
info: Microsoft.AspNetCore.Routing.EndpointMiddleware[1]
      Executed endpoint 'gRPC - /UnityILPP.PostProcessing/PostProcessAssembly'
info: Microsoft.AspNetCore.Hosting.Diagnostics[2]
      Request finished HTTP/2 POST http://ilpp/UnityILPP.PostProcessing/PostProcessAssembly application/grpc - - 200 - application/grpc 4.1120ms
info: Unity.ILPP.Runner.PostProcessingAssemblyLoadContext[0]
      Resolved Unity.Burst.Cecil.Rocks, Version=0.11.4.0, Culture=neutral, PublicKeyToken=50cebf1cceb9d05e with Library\PackageCache\com.unity.burst@1.8.26\Unity.Burst.CodeGen\Unity.Burst.Cecil.Rocks.dll
info: Microsoft.AspNetCore.Routing.EndpointMiddleware[1]
      Executed endpoint 'gRPC - /UnityILPP.PostProcessing/PostProcessAssembly'
info: Microsoft.AspNetCore.Hosting.Diagnostics[2]
      Request finished HTTP/2 POST http://ilpp/UnityILPP.PostProcessing/PostProcessAssembly application/grpc - - 200 - application/grpc 436.1287ms
info: Microsoft.AspNetCore.Hosting.Diagnostics[1]
      Request starting HTTP/2 POST http://ilpp/UnityILPP.PostProcessing/PostProcessAssembly application/grpc -
info: Microsoft.AspNetCore.Routing.EndpointMiddleware[0]
      Executing endpoint 'gRPC - /UnityILPP.PostProcessing/PostProcessAssembly'
info: Unity.ILPP.Runner.PostProcessingPipeline[0]
      Processing assembly Library/Bee/artifacts/1900b0aE.dag/Unity.Mathematics.Editor.dll, with 137 defines and 230 references
info: Unity.ILPP.Runner.PostProcessingPipeline[0]
      processors: zzzUnity.Burst.CodeGen.BurstILPostProcessor
info: Unity.ILPP.Runner.PostProcessingPipeline[0]
      running zzzUnity.Burst.CodeGen.BurstILPostProcessor
info: Microsoft.AspNetCore.Routing.EndpointMiddleware[1]
      Executed endpoint 'gRPC - /UnityILPP.PostProcessing/PostProcessAssembly'
info: Microsoft.AspNetCore.Hosting.Diagnostics[2]
      Request finished HTTP/2 POST http://ilpp/UnityILPP.PostProcessing/PostProcessAssembly application/grpc - - 200 - application/grpc 2.8738ms
info: Microsoft.AspNetCore.Hosting.Diagnostics[1]
      Request starting HTTP/2 POST http://ilpp/UnityILPP.PostProcessing/PostProcessAssembly application/grpc -
info: Microsoft.AspNetCore.Routing.EndpointMiddleware[0]
      Executing endpoint 'gRPC - /UnityILPP.PostProcessing/PostProcessAssembly'
info: Unity.ILPP.Runner.PostProcessingPipeline[0]
      Processing assembly Library/Bee/artifacts/1900b0aE.dag/Unity.Collections.dll, with 139 defines and 217 references
info: Unity.ILPP.Runner.PostProcessingPipeline[0]
      processors: zzzUnity.Burst.CodeGen.BurstILPostProcessor
info: Unity.ILPP.Runner.PostProcessingPipeline[0]
      running zzzUnity.Burst.CodeGen.BurstILPostProcessor
info: Microsoft.AspNetCore.Routing.EndpointMiddleware[1]
      Executed endpoint 'gRPC - /UnityILPP.PostProcessing/PostProcessAssembly'
info: Microsoft.AspNetCore.Hosting.Diagnostics[2]
      Request finished HTTP/2 POST http://ilpp/UnityILPP.PostProcessing/PostProcessAssembly application/grpc - - 200 - application/grpc 96.5411ms
info: Microsoft.AspNetCore.Hosting.Diagnostics[1]
      Request starting HTTP/2 POST http://ilpp/UnityILPP.PostProcessing/PostProcessAssembly application/grpc -
info: Microsoft.AspNetCore.Hosting.Diagnostics[1]
      Request starting HTTP/2 POST http://ilpp/UnityILPP.PostProcessing/PostProcessAssembly application/grpc -
info: Microsoft.AspNetCore.Routing.EndpointMiddleware[0]
      Executing endpoint 'gRPC - /UnityILPP.PostProcessing/PostProcessAssembly'
info: Microsoft.AspNetCore.Routing.EndpointMiddleware[0]
      Executing endpoint 'gRPC - /UnityILPP.PostProcessing/PostProcessAssembly'
info: Unity.ILPP.Runner.PostProcessingPipeline[0]
      Processing assembly Library/Bee/artifacts/1900b0aE.dag/Unity.Collections.BurstCompatibilityGen.dll, with 137 defines and 231 references
info: Unity.ILPP.Runner.PostProcessingPipeline[0]
      processors: zzzUnity.Burst.CodeGen.BurstILPostProcessor
info: Unity.ILPP.Runner.PostProcessingPipeline[0]
      Processing assembly Library/Bee/artifacts/1900b0aE.dag/Unity.Collections.DocCodeSamples.dll, with 137 defines and 230 references
info: Unity.ILPP.Runner.PostProcessingPipeline[0]
      processors: zzzUnity.Burst.CodeGen.BurstILPostProcessor
info: Unity.ILPP.Runner.PostProcessingPipeline[0]
      running zzzUnity.Burst.CodeGen.BurstILPostProcessor
info: Unity.ILPP.Runner.PostProcessingPipeline[0]
      running zzzUnity.Burst.CodeGen.BurstILPostProcessor
info: Microsoft.AspNetCore.Routing.EndpointMiddleware[1]
      Executed endpoint 'gRPC - /UnityILPP.PostProcessing/PostProcessAssembly'
info: Microsoft.AspNetCore.Hosting.Diagnostics[2]
      Request finished HTTP/2 POST http://ilpp/UnityILPP.PostProcessing/PostProcessAssembly application/grpc - - 200 - application/grpc 2.3675ms
info: Microsoft.AspNetCore.Routing.EndpointMiddleware[1]
      Executed endpoint 'gRPC - /UnityILPP.PostProcessing/PostProcessAssembly'
info: Microsoft.AspNetCore.Hosting.Diagnostics[2]
      Request finished HTTP/2 POST http://ilpp/UnityILPP.PostProcessing/PostProcessAssembly application/grpc - - 200 - application/grpc 15.2784ms
info: Microsoft.AspNetCore.Hosting.Diagnostics[1]
      Request starting HTTP/2 POST http://ilpp/UnityILPP.PostProcessing/PostProcessAssembly application/grpc -
info: Microsoft.AspNetCore.Routing.EndpointMiddleware[0]
      Executing endpoint 'gRPC - /UnityILPP.PostProcessing/PostProcessAssembly'
info: Unity.ILPP.Runner.PostProcessingPipeline[0]
      Processing assembly Library/Bee/artifacts/1900b0aE.dag/glTFast.dll, with 143 defines and 218 references
info: Unity.ILPP.Runner.PostProcessingPipeline[0]
      processors: zzzUnity.Burst.CodeGen.BurstILPostProcessor
info: Unity.ILPP.Runner.PostProcessingPipeline[0]
      running zzzUnity.Burst.CodeGen.BurstILPostProcessor
info: Microsoft.AspNetCore.Routing.EndpointMiddleware[1]
      Executed endpoint 'gRPC - /UnityILPP.PostProcessing/PostProcessAssembly'
info: Microsoft.AspNetCore.Hosting.Diagnostics[2]
      Request finished HTTP/2 POST http://ilpp/UnityILPP.PostProcessing/PostProcessAssembly application/grpc - - 200 - application/grpc 102.5436ms
info: Microsoft.AspNetCore.Hosting.Diagnostics[1]
      Request starting HTTP/2 POST http://ilpp/UnityILPP.PostProcessing/PostProcessAssembly application/grpc -
info: Microsoft.AspNetCore.Routing.EndpointMiddleware[0]
      Executing endpoint 'gRPC - /UnityILPP.PostProcessing/PostProcessAssembly'
info: Unity.ILPP.Runner.PostProcessingPipeline[0]
      Processing assembly Library/Bee/artifacts/1900b0aE.dag/Unity.Burst.Editor.dll, with 137 defines and 230 references
info: Unity.ILPP.Runner.PostProcessingPipeline[0]
      processors: zzzUnity.Burst.CodeGen.BurstILPostProcessor
info: Unity.ILPP.Runner.PostProcessingPipeline[0]
      running zzzUnity.Burst.CodeGen.BurstILPostProcessor
info: Microsoft.AspNetCore.Hosting.Diagnostics[1]
      Request starting HTTP/2 POST http://ilpp/UnityILPP.PostProcessing/PostProcessAssembly application/grpc -
info: Microsoft.AspNetCore.Routing.EndpointMiddleware[0]
      Executing endpoint 'gRPC - /UnityILPP.PostProcessing/PostProcessAssembly'
info: Unity.ILPP.Runner.PostProcessingPipeline[0]
      Processing assembly Library/Bee/artifacts/1900b0aE.dag/glTFast.dots.dll, with 140 defines and 219 references
info: Unity.ILPP.Runner.PostProcessingPipeline[0]
      processors: zzzUnity.Burst.CodeGen.BurstILPostProcessor
info: Unity.ILPP.Runner.PostProcessingPipeline[0]
      running zzzUnity.Burst.CodeGen.BurstILPostProcessor
info: Microsoft.AspNetCore.Hosting.Diagnostics[1]
      Request starting HTTP/2 POST http://ilpp/UnityILPP.PostProcessing/PostProcessAssembly application/grpc -
info: Microsoft.AspNetCore.Routing.EndpointMiddleware[0]
      Executing endpoint 'gRPC - /UnityILPP.PostProcessing/PostProcessAssembly'
info: Unity.ILPP.Runner.PostProcessingPipeline[0]
      Processing assembly Library/Bee/artifacts/1900b0aE.dag/glTFast.Newtonsoft.dll, with 140 defines and 216 references
info: Unity.ILPP.Runner.PostProcessingPipeline[0]
      processors: zzzUnity.Burst.CodeGen.BurstILPostProcessor
info: Unity.ILPP.Runner.PostProcessingPipeline[0]
      running zzzUnity.Burst.CodeGen.BurstILPostProcessor
info: Microsoft.AspNetCore.Routing.EndpointMiddleware[1]
      Executed endpoint 'gRPC - /UnityILPP.PostProcessing/PostProcessAssembly'
info: Microsoft.AspNetCore.Hosting.Diagnostics[2]
      Request finished HTTP/2 POST http://ilpp/UnityILPP.PostProcessing/PostProcessAssembly application/grpc - - 200 - application/grpc 31.4548ms
info: Microsoft.AspNetCore.Routing.EndpointMiddleware[1]
      Executed endpoint 'gRPC - /UnityILPP.PostProcessing/PostProcessAssembly'
info: Microsoft.AspNetCore.Hosting.Diagnostics[2]
      Request finished HTTP/2 POST http://ilpp/UnityILPP.PostProcessing/PostProcessAssembly application/grpc - - 200 - application/grpc 2.5624ms
info: Microsoft.AspNetCore.Routing.EndpointMiddleware[1]
      Executed endpoint 'gRPC - /UnityILPP.PostProcessing/PostProcessAssembly'
info: Microsoft.AspNetCore.Hosting.Diagnostics[2]
      Request finished HTTP/2 POST http://ilpp/UnityILPP.PostProcessing/PostProcessAssembly application/grpc - - 200 - application/grpc 18.1906ms
info: Microsoft.AspNetCore.Hosting.Diagnostics[1]
      Request starting HTTP/2 POST http://ilpp/UnityILPP.PostProcessing/PostProcessAssembly application/grpc -
info: Microsoft.AspNetCore.Routing.EndpointMiddleware[0]
      Executing endpoint 'gRPC - /UnityILPP.PostProcessing/PostProcessAssembly'
info: Unity.ILPP.Runner.PostProcessingPipeline[0]
      Processing assembly Library/Bee/artifacts/1900b0aE.dag/glTFast.Export.dll, with 140 defines and 218 references
info: Unity.ILPP.Runner.PostProcessingPipeline[0]
      processors: zzzUnity.Burst.CodeGen.BurstILPostProcessor
info: Unity.ILPP.Runner.PostProcessingPipeline[0]
      running zzzUnity.Burst.CodeGen.BurstILPostProcessor
info: Microsoft.AspNetCore.Routing.EndpointMiddleware[1]
      Executed endpoint 'gRPC - /UnityILPP.PostProcessing/PostProcessAssembly'
info: Microsoft.AspNetCore.Hosting.Diagnostics[2]
      Request finished HTTP/2 POST http://ilpp/UnityILPP.PostProcessing/PostProcessAssembly application/grpc - - 200 - application/grpc 8.7106ms
info: Microsoft.AspNetCore.Hosting.Diagnostics[1]
      Request starting HTTP/2 POST http://ilpp/UnityILPP.PostProcessing/PostProcessAssembly application/grpc -
info: Microsoft.AspNetCore.Routing.EndpointMiddleware[0]
      Executing endpoint 'gRPC - /UnityILPP.PostProcessing/PostProcessAssembly'
info: Microsoft.AspNetCore.Hosting.Diagnostics[1]
      Request starting HTTP/2 POST http://ilpp/UnityILPP.PostProcessing/PostProcessAssembly application/grpc -
info: Microsoft.AspNetCore.Routing.EndpointMiddleware[0]
      Executing endpoint 'gRPC - /UnityILPP.PostProcessing/PostProcessAssembly'
info: Unity.ILPP.Runner.PostProcessingPipeline[0]
      Processing assembly Library/Bee/artifacts/1900b0aE.dag/glTFast.Documentation.Examples.dll, with 141 defines and 220 references
info: Unity.ILPP.Runner.PostProcessingPipeline[0]
      processors: zzzUnity.Burst.CodeGen.BurstILPostProcessor
info: Unity.ILPP.Runner.PostProcessingPipeline[0]
      Processing assembly Library/Bee/artifacts/1900b0aE.dag/glTFast.Editor.dll, with 138 defines and 232 references
info: Unity.ILPP.Runner.PostProcessingPipeline[0]
      processors: zzzUnity.Burst.CodeGen.BurstILPostProcessor
info: Unity.ILPP.Runner.PostProcessingPipeline[0]
      running zzzUnity.Burst.CodeGen.BurstILPostProcessor
info: Unity.ILPP.Runner.PostProcessingPipeline[0]
      running zzzUnity.Burst.CodeGen.BurstILPostProcessor
info: Microsoft.AspNetCore.Routing.EndpointMiddleware[1]
      Executed endpoint 'gRPC - /UnityILPP.PostProcessing/PostProcessAssembly'
info: Microsoft.AspNetCore.Hosting.Diagnostics[2]
      Request finished HTTP/2 POST http://ilpp/UnityILPP.PostProcessing/PostProcessAssembly application/grpc - - 200 - application/grpc 2.0185ms
info: Microsoft.AspNetCore.Routing.EndpointMiddleware[1]
      Executed endpoint 'gRPC - /UnityILPP.PostProcessing/PostProcessAssembly'
info: Microsoft.AspNetCore.Hosting.Diagnostics[2]
      Request finished HTTP/2 POST http://ilpp/UnityILPP.PostProcessing/PostProcessAssembly application/grpc - - 200 - application/grpc 6.2730ms
info: Microsoft.AspNetCore.Hosting.Diagnostics[1]
      Request starting HTTP/2 POST http://ilpp/UnityILPP.PostProcessing/PostProcessAssembly application/grpc -
info: Microsoft.AspNetCore.Routing.EndpointMiddleware[0]
      Executing endpoint 'gRPC - /UnityILPP.PostProcessing/PostProcessAssembly'
info: Unity.ILPP.Runner.PostProcessingPipeline[0]
      Processing assembly Library/Bee/artifacts/1900b0aE.dag/Assembly-CSharp.dll, with 139 defines and 220 references
info: Unity.ILPP.Runner.PostProcessingPipeline[0]
      processors: zzzUnity.Burst.CodeGen.BurstILPostProcessor
info: Unity.ILPP.Runner.PostProcessingPipeline[0]
      running zzzUnity.Burst.CodeGen.BurstILPostProcessor
info: Microsoft.AspNetCore.Routing.EndpointMiddleware[1]
      Executed endpoint 'gRPC - /UnityILPP.PostProcessing/PostProcessAssembly'
info: Microsoft.AspNetCore.Hosting.Diagnostics[2]
      Request finished HTTP/2 POST http://ilpp/UnityILPP.PostProcessing/PostProcessAssembly application/grpc - - 200 - application/grpc 15.2775ms
info: Microsoft.AspNetCore.Hosting.Diagnostics[1]
      Request starting HTTP/2 POST http://ilpp/UnityILPP.PostProcessing/PostProcessAssembly application/grpc -
info: Microsoft.AspNetCore.Routing.EndpointMiddleware[0]
      Executing endpoint 'gRPC - /UnityILPP.PostProcessing/PostProcessAssembly'
info: Unity.ILPP.Runner.PostProcessingPipeline[0]
      Processing assembly Library/Bee/artifacts/1900b0aE.dag/Assembly-CSharp-Editor.dll, with 137 defines and 238 references
info: Unity.ILPP.Runner.PostProcessingPipeline[0]
      processors: zzzUnity.Burst.CodeGen.BurstILPostProcessor
info: Unity.ILPP.Runner.PostProcessingPipeline[0]
      running zzzUnity.Burst.CodeGen.BurstILPostProcessor
info: Microsoft.AspNetCore.Routing.EndpointMiddleware[1]
      Executed endpoint 'gRPC - /UnityILPP.PostProcessing/PostProcessAssembly'
info: Microsoft.AspNetCore.Hosting.Diagnostics[2]
      Request finished HTTP/2 POST http://ilpp/UnityILPP.PostProcessing/PostProcessAssembly application/grpc - - 200 - application/grpc 4.3739ms
ExitCode: 0 Duration: 7s355ms
Finished compiling graph: 294 nodes, 2904 flattened edges (2558 ToBuild, 36 ToUse), maximum node priority 144
[  1/291    0s] WriteText Library/Bee/artifacts/1900b0aE.dag/Unity.Burst.rsp2
[  2/291    0s] WriteText Library/Bee/artifacts/1900b0aE.dag/Unity.Burst.UnityAdditionalFile.txt
[  3/291    0s] MovedFromExtractor Library/Bee/artifacts/mvdfrm/UnityEditor.PresetsUIModule.dll_461B99BAE80C3E5F.mvfrm
[  4/291    0s] MovedFromExtractor Library/Bee/artifacts/mvdfrm/UnityEngine.ClusterRendererModule.dll_C41A17AD5B63D959.mvfrm
[  5/291    0s] MovedFromExtractor Library/Bee/artifacts/mvdfrm/UnityEngine.EmbeddedLinuxApiModule.dll_135C13CAE319B2B8.mvfrm
[  6/291    0s] MovedFromExtractor Library/Bee/artifacts/mvdfrm/UnityEngine.AudioModule.dll_C2B3CAF805635BF2.mvfrm
[  7/291    0s] MovedFromExtractor Library/Bee/artifacts/mvdfrm/UnityEngine.dll_62E95BCF846E210E.mvfrm
[  8/291    0s] MovedFromExtractor Library/Bee/artifacts/mvdfrm/UnityEditor.SceneViewModule.dll_C96543E0DAD6B368.mvfrm
[  9/291    0s] MovedFromExtractor Library/Bee/artifacts/mvdfrm/UnityEditor.DiagnosticsModule.dll_9E75720C791680E3.mvfrm
[ 10/291    0s] MovedFromExtractor Library/Bee/artifacts/mvdfrm/UnityEngine.DirectorModule.dll_29ED07A6B1305CB4.mvfrm
[ 11/291    0s] MovedFromExtractor Library/Bee/artifacts/mvdfrm/UnityEditor.EditorToolbarModule.dll_2EE416EB262C5105.mvfrm
[ 12/291    0s] MovedFromExtractor Library/Bee/artifacts/mvdfrm/UnityEngine.ClusterInputModule.dll_6E86512BE4DFFD28.mvfrm
[ 13/291    0s] MovedFromExtractor Library/Bee/artifacts/mvdfrm/UnityEditor.UIBuilderModule.dll_DF3E0DF5586C5F8E.mvfrm
[ 14/291    0s] MovedFromExtractor Library/Bee/artifacts/mvdfrm/UnityEditor.UIElementsSamplesModule.dll_08AEEB434A7EE285.mvfrm
[ 15/291    0s] MovedFromExtractor Library/Bee/artifacts/mvdfrm/UnityEngine.ARModule.dll_E302910FC0B5D549.mvfrm
[ 16/291    0s] MovedFromExtractor Library/Bee/artifacts/mvdfrm/UnityEngine.AssetBundleModule.dll_6D6E260B3454322E.mvfrm
[ 17/291    0s] MovedFromExtractor Library/Bee/artifacts/mvdfrm/UnityEditor.HMISimulatorModule.dll_D8CAF208E8CB648D.mvfrm
[ 18/291    0s] MovedFromExtractor Library/Bee/artifacts/mvdfrm/UnityEditor.TextCoreFontEngineModule.dll_241E7C1DE4B425AA.mvfrm
[ 19/291    0s] MovedFromExtractor Library/Bee/artifacts/mvdfrm/UnityEngine.AccessibilityModule.dll_8528F340258F22DA.mvfrm
[ 20/291    0s] MovedFromExtractor Library/Bee/artifacts/mvdfrm/UnityEditor.dll_304514F725FA9429.mvfrm
[ 21/291    0s] MovedFromExtractor Library/Bee/artifacts/mvdfrm/UnityEngine.ContentLoadModule.dll_06847F4C02D6DA1B.mvfrm
[ 22/291    0s] MovedFromExtractor Library/Bee/artifacts/mvdfrm/UnityEditor.UnityConnectModule.dll_EEE9DC1633582A62.mvfrm
[ 23/291    0s] MovedFromExtractor Library/Bee/artifacts/mvdfrm/UnityEngine.AIModule.dll_298FCC0C63987680.mvfrm
[ 24/291    0s] MovedFromExtractor Library/Bee/artifacts/mvdfrm/UnityEditor.GraphViewModule.dll_8AB560D8E5B3E65A.mvfrm
[ 25/291    0s] MovedFromExtractor Library/Bee/artifacts/mvdfrm/UnityEditor.TextCoreTextEngineModule.dll_6C06B28F7437DEC8.mvfrm
[ 26/291    0s] MovedFromExtractor Library/Bee/artifacts/mvdfrm/UnityEngine.CrashReportingModule.dll_5388985180A610CF.mvfrm
[ 27/291    0s] MovedFromExtractor Library/Bee/artifacts/mvdfrm/UnityEngine.DSPGraphModule.dll_2F3E691023912DD5.mvfrm
[ 28/291    0s] MovedFromExtractor Library/Bee/artifacts/mvdfrm/UnityEngine.AndroidJNIModule.dll_3ECFC31382327C3E.mvfrm
[ 29/291    0s] MovedFromExtractor Library/Bee/artifacts/mvdfrm/UnityEngine.AnimationModule.dll_593ADD01C010BB00.mvfrm
[ 30/291    0s] MovedFromExtractor Library/Bee/artifacts/mvdfrm/UnityEngine.ClothModule.dll_299C27F2DF803AD6.mvfrm
[ 31/291    0s] MovedFromExtractor Library/Bee/artifacts/mvdfrm/UnityEditor.SceneTemplateModule.dll_528387A92518FB3D.mvfrm
[ 32/291    0s] MovedFromExtractor Library/Bee/artifacts/mvdfrm/UnityEditor.QuickSearchModule.dll_2984F319D1ED7D3C.mvfrm
[ 33/291    0s] MovedFromExtractor Library/Bee/artifacts/mvdfrm/UnityEngine.CoreModule.dll_B14A154D7D9210D7.mvfrm
[ 34/291    0s] MovedFromExtractor Library/Bee/artifacts/mvdfrm/UnityEditor.UIElementsModule.dll_C086DA4039130D68.mvfrm
[ 35/291    0s] MovedFromExtractor Library/Bee/artifacts/mvdfrm/UnityEngine.HotReloadModule.dll_DA839B079B43D682.mvfrm
[ 36/291    0s] MovedFromExtractor Library/Bee/artifacts/mvdfrm/UnityEngine.GIModule.dll_C1CC1519FF475E9A.mvfrm
[ 37/291    0s] MovedFromExtractor Library/Bee/artifacts/mvdfrm/UnityEngine.GridModule.dll_8EBB313B95E6A6CE.mvfrm
[ 38/291    0s] MovedFromExtractor Library/Bee/artifacts/mvdfrm/UnityEngine.ImageConversionModule.dll_300C155DDD88914D.mvfrm
[ 39/291    0s] MovedFromExtractor Library/Bee/artifacts/mvdfrm/UnityEngine.JSONSerializeModule.dll_E5407C7C24CA8364.mvfrm
[ 40/291    0s] MovedFromExtractor Library/Bee/artifacts/mvdfrm/UnityEngine.InputLegacyModule.dll_FEB34129CC45E81F.mvfrm
[ 41/291    0s] MovedFromExtractor Library/Bee/artifacts/mvdfrm/UnityEngine.InputModule.dll_292992A87B9B8096.mvfrm
[ 42/291    0s] MovedFromExtractor Library/Bee/artifacts/mvdfrm/UnityEngine.LocalizationModule.dll_ACD31B7E7C5BF021.mvfrm
[ 43/291    0s] MovedFromExtractor Library/Bee/artifacts/mvdfrm/UnityEngine.GameCenterModule.dll_691D0D2E48736D2F.mvfrm
[ 44/291    0s] MovedFromExtractor Library/Bee/artifacts/mvdfrm/UnityEngine.InfinityModule.dll_695B36D1FCDA85E0.mvfrm
[ 45/291    0s] MovedFromExtractor Library/Bee/artifacts/mvdfrm/UnityEngine.OpenHarmonyJSModule.dll_AB669A9F92F52C61.mvfrm
[ 46/291    0s] MovedFromExtractor Library/Bee/artifacts/mvdfrm/UnityEngine.PerformanceReportingModule.dll_77C978DF9AB23C96.mvfrm
[ 47/291    0s] MovedFromExtractor Library/Bee/artifacts/mvdfrm/UnityEngine.IMGUIModule.dll_FB136A5ECB94EFD3.mvfrm
[ 48/291    0s] MovedFromExtractor Library/Bee/artifacts/mvdfrm/UnityEngine.RuntimeInitializeOnLoadManagerInitializerModule.dll_69448254CDF3CD5E.mvfrm
[ 49/291    0s] MovedFromExtractor Library/Bee/artifacts/mvdfrm/UnityEngine.ProfilerModule.dll_5C3340DD4A89E3C1.mvfrm
[ 50/291    0s] MovedFromExtractor Library/Bee/artifacts/mvdfrm/UnityEngine.Physics2DModule.dll_A5E0CCF2610DB295.mvfrm
[ 51/291    0s] MovedFromExtractor Library/Bee/artifacts/mvdfrm/UnityEngine.SharedInternalsModule.dll_B41D543354B68C9D.mvfrm
[ 52/291    0s] MovedFromExtractor Library/Bee/artifacts/mvdfrm/UnityEngine.ScreenCaptureModule.dll_FF282A013936AFC6.mvfrm
[ 53/291    0s] MovedFromExtractor Library/Bee/artifacts/mvdfrm/UnityEngine.SubsystemsModule.dll_BCF6E620382AEABC.mvfrm
[ 54/291    0s] MovedFromExtractor Library/Bee/artifacts/mvdfrm/UnityEngine.SpriteMaskModule.dll_52497FBE69E302A9.mvfrm
[ 55/291    0s] MovedFromExtractor Library/Bee/artifacts/mvdfrm/UnityEngine.TerrainPhysicsModule.dll_A7158A7107FA96EA.mvfrm
[ 56/291    0s] MovedFromExtractor Library/Bee/artifacts/mvdfrm/UnityEngine.SubstanceModule.dll_EA7ADE9B5AEB704C.mvfrm
[ 57/291    0s] MovedFromExtractor Library/Bee/artifacts/mvdfrm/UnityEngine.PhysicsModule.dll_94B782D58C09D903.mvfrm
[ 58/291    0s] MovedFromExtractor Library/Bee/artifacts/mvdfrm/UnityEngine.SpriteShapeModule.dll_86CF5365E9F66A38.mvfrm
[ 59/291    0s] MovedFromExtractor Library/Bee/artifacts/mvdfrm/UnityEngine.PropertiesModule.dll_96584C6CBB5ED16B.mvfrm
[ 60/291    0s] MovedFromExtractor Library/Bee/artifacts/mvdfrm/UnityEngine.TextRenderingModule.dll_28679C0BF06E2FBB.mvfrm
[ 61/291    0s] MovedFromExtractor Library/Bee/artifacts/mvdfrm/UnityEngine.ParticleSystemModule.dll_A69AE19DEEB79C5D.mvfrm
[ 62/291    0s] MovedFromExtractor Library/Bee/artifacts/mvdfrm/UnityEngine.TextCoreFontEngineModule.dll_A27DF770F7B1E475.mvfrm
[ 63/291    0s] MovedFromExtractor Library/Bee/artifacts/mvdfrm/UnityEngine.TextCoreTextEngineModule.dll_EA662DE287359D93.mvfrm
[ 64/291    0s] MovedFromExtractor Library/Bee/artifacts/mvdfrm/UnityEngine.StreamingModule.dll_0DCFCA520F98723E.mvfrm
[ 65/291    0s] WriteText Library/Bee/artifacts/1900b0aE.dag/Unity.Mathematics.rsp2
[ 66/291    0s] WriteText Library/Bee/artifacts/1900b0aE.dag/Unity.Mathematics.UnityAdditionalFile.txt
[ 67/291    0s] MovedFromExtractor Library/Bee/artifacts/mvdfrm/UnityEngine.TerrainModule.dll_AEFDFE4461C821F1.mvfrm
[ 68/291    0s] MovedFromExtractor Library/Bee/artifacts/mvdfrm/UnityEngine.TilemapModule.dll_4DFA65C5798502FA.mvfrm
[ 69/291    0s] WriteText Library/Bee/artifacts/1900b0aE.dag/Unity.Burst.dll.mvfrm.rsp
[ 70/291    0s] WriteText Library/Bee/artifacts/1900b0aE.dag/Unity.Burst.rsp
[ 71/291    0s] WriteText Library/Bee/artifacts/1900b0aE.dag/Unity.Mathematics.dll.mvfrm.rsp
[ 72/291    0s] WriteText Library/Bee/artifacts/1900b0aE.dag/Unity.Mathematics.rsp
[ 73/291    0s] WriteText Library/Bee/artifacts/1900b0aE.dag/UnityEngine.TestRunner.UnityAdditionalFile.txt
[ 74/291    0s] WriteText Library/Bee/artifacts/1900b0aE.dag/UnityEngine.TestRunner.rsp2
[ 75/291    0s] WriteText Library/Bee/artifacts/1900b0aE.dag/Unity.Collections.UnityAdditionalFile.txt
[ 76/291    0s] WriteText Library/Bee/artifacts/1900b0aE.dag/Unity.Collections.rsp2
[ 77/291    0s] WriteText Library/Bee/artifacts/1900b0aE.dag/UnityEngine.TestRunner.dll.mvfrm.rsp
[ 78/291    0s] WriteText Library/Bee/artifacts/1900b0aE.dag/UnityEngine.TestRunner.rsp
[ 79/291    0s] WriteText Library/Bee/artifacts/1900b0aE.dag/Unity.Collections.dll.mvfrm.rsp
[ 80/291    0s] WriteText Library/Bee/artifacts/1900b0aE.dag/Unity.Collections.rsp
[ 81/291    0s] WriteText Library/Bee/artifacts/1900b0aE.dag/UnityEditor.TestRunner.UnityAdditionalFile.txt
[ 82/291    0s] WriteText Library/Bee/artifacts/1900b0aE.dag/UnityEditor.TestRunner.rsp2
[ 83/291    0s] MovedFromExtractor Library/Bee/artifacts/mvdfrm/UnityEngine.TLSModule.dll_41A886297EEDB117.mvfrm
[ 84/291    0s] MovedFromExtractor Library/Bee/artifacts/mvdfrm/UnityEngine.UIModule.dll_25036A39BFDF7C2C.mvfrm
[ 85/291    0s] MovedFromExtractor Library/Bee/artifacts/mvdfrm/UnityEngine.UnityAnalyticsModule.dll_C63A52679ADEEE59.mvfrm
[ 86/291    0s] MovedFromExtractor Library/Bee/artifacts/mvdfrm/UnityEngine.UnityCurlModule.dll_8C577E333024ACED.mvfrm
[ 87/291    0s] MovedFromExtractor Library/Bee/artifacts/mvdfrm/UnityEngine.UnityTestProtocolModule.dll_C471A135A47A37DB.mvfrm
[ 88/291    0s] MovedFromExtractor Library/Bee/artifacts/mvdfrm/UnityEngine.UIElementsModule.dll_C13547883B5726B3.mvfrm
[ 89/291    0s] MovedFromExtractor Library/Bee/artifacts/mvdfrm/UnityEngine.UnityAnalyticsCommonModule.dll_13083623B49ADAF4.mvfrm
[ 90/291    0s] WriteText Library/Bee/artifacts/1900b0aE.dag/Unity.Burst.CodeGen.rsp2
[ 91/291    0s] WriteText Library/Bee/artifacts/1900b0aE.dag/Unity.Burst.CodeGen.UnityAdditionalFile.txt
[ 92/291    0s] WriteText Library/Bee/artifacts/1900b0aE.dag/glTFast.rsp2
[ 93/291    0s] WriteText Library/Bee/artifacts/1900b0aE.dag/glTFast.UnityAdditionalFile.txt
[ 94/291    0s] MovedFromExtractor Library/Bee/artifacts/mvdfrm/UnityEngine.UnityWebRequestAudioModule.dll_EFC5CCBE211D072E.mvfrm
[ 95/291    0s] MovedFromExtractor Library/Bee/artifacts/mvdfrm/UnityEngine.UnityConnectModule.dll_DC4960252DE02B0D.mvfrm
[ 96/291    0s] WriteText Library/Bee/artifacts/1900b0aE.dag/UnityEditor.TestRunner.dll.mvfrm.rsp
[ 97/291    0s] WriteText Library/Bee/artifacts/1900b0aE.dag/UnityEditor.TestRunner.rsp
[ 98/291    0s] MovedFromExtractor Library/Bee/artifacts/mvdfrm/UnityEngine.UnityWebRequestAssetBundleModule.dll_2A1901A89298ABEA.mvfrm
[ 99/291    0s] MovedFromExtractor Library/Bee/artifacts/mvdfrm/UnityEngine.UnityWebRequestWWWModule.dll_B528733E76F559FF.mvfrm
[100/291    0s] MovedFromExtractor Library/Bee/artifacts/mvdfrm/UnityEngine.UnityWebRequestModule.dll_41AB1D07E87D2BCC.mvfrm
[101/291    0s] MovedFromExtractor Library/Bee/artifacts/mvdfrm/UnityEngine.VFXModule.dll_C2871E98555B1A84.mvfrm
[102/291    0s] WriteText Library/Bee/artifacts/1900b0aE.dag/Unity.Burst.CodeGen.dll.mvfrm.rsp
[103/291    0s] WriteText Library/Bee/artifacts/1900b0aE.dag/Unity.Burst.CodeGen.rsp
[104/291    0s] WriteText Library/Bee/artifacts/1900b0aE.dag/glTFast.dll.mvfrm.rsp
[105/291    0s] WriteText Library/Bee/artifacts/1900b0aE.dag/glTFast.rsp
[106/291    0s] WriteText Library/Bee/artifacts/1900b0aE.dag/glTFast.Export.UnityAdditionalFile.txt
[107/291    0s] WriteText Library/Bee/artifacts/1900b0aE.dag/glTFast.Export.rsp2
[108/291    0s] WriteText Library/Bee/artifacts/1900b0aE.dag/Unity.Burst.Editor.UnityAdditionalFile.txt
[109/291    0s] WriteText Library/Bee/artifacts/1900b0aE.dag/Unity.Burst.Editor.rsp2
[110/291    0s] WriteText Library/Bee/artifacts/1900b0aE.dag/Unity.Mathematics.Editor.UnityAdditionalFile.txt
[111/291    0s] WriteText Library/Bee/artifacts/1900b0aE.dag/Unity.Mathematics.Editor.rsp2
[112/291    0s] WriteText Library/Bee/artifacts/1900b0aE.dag/glTFast.Export.dll.mvfrm.rsp
[113/291    0s] WriteText Library/Bee/artifacts/1900b0aE.dag/Unity.Burst.Editor.dll.mvfrm.rsp
[114/291    0s] WriteText Library/Bee/artifacts/1900b0aE.dag/Unity.Mathematics.Editor.dll.mvfrm.rsp
[115/291    0s] WriteText Library/Bee/artifacts/1900b0aE.dag/glTFast.Export.rsp
[116/291    0s] WriteText Library/Bee/artifacts/1900b0aE.dag/Unity.Burst.Editor.rsp
[117/291    0s] WriteText Library/Bee/artifacts/1900b0aE.dag/Unity.Mathematics.Editor.rsp
[118/291    0s] WriteResponseFile Library/Bee/artifacts/rsp/4747638433968585886.rsp
[119/291    0s] WriteText Library/Bee/artifacts/1900b0aE.dag/glTFast.dots.rsp2
[120/291    0s] WriteText Library/Bee/artifacts/1900b0aE.dag/glTFast.Editor.UnityAdditionalFile.txt
[121/291    0s] WriteText Library/Bee/artifacts/1900b0aE.dag/glTFast.Editor.rsp2
[122/291    0s] MovedFromExtractor Library/Bee/artifacts/mvdfrm/UnityEngine.VehiclesModule.dll_A1B001262B5A2C4F.mvfrm
[123/291    0s] MovedFromExtractor Library/Bee/artifacts/mvdfrm/UnityEngine.UnityWebRequestTextureModule.dll_3AB2492C910A6EC3.mvfrm
[124/291    0s] WriteText Library/Bee/artifacts/1900b0aE.dag/glTFast.dots.dll.mvfrm.rsp
[125/291    0s] WriteText Library/Bee/artifacts/1900b0aE.dag/glTFast.dots.UnityAdditionalFile.txt
[126/291    0s] WriteText Library/Bee/artifacts/1900b0aE.dag/glTFast.Editor.dll.mvfrm.rsp
[127/291    0s] WriteText Library/Bee/artifacts/1900b0aE.dag/glTFast.Editor.rsp
[128/291    0s] WriteText Library/Bee/artifacts/1900b0aE.dag/glTFast.dots.rsp
[129/291    0s] WriteText Library/Bee/artifacts/1900b0aE.dag/glTFast.Newtonsoft.UnityAdditionalFile.txt
[130/291    0s] WriteText Library/Bee/artifacts/1900b0aE.dag/glTFast.Newtonsoft.rsp2
[131/291    0s] WriteText Library/Bee/artifacts/1900b0aE.dag/Assembly-CSharp.rsp2
[132/291    0s] WriteText Library/Bee/artifacts/1900b0aE.dag/Assembly-CSharp.UnityAdditionalFile.txt
[133/291    0s] WriteText Library/Bee/artifacts/1900b0aE.dag/glTFast.Newtonsoft.dll.mvfrm.rsp
[134/291    0s] WriteText Library/Bee/artifacts/1900b0aE.dag/Assembly-CSharp.dll.mvfrm.rsp
[135/291    0s] WriteText Library/Bee/artifacts/1900b0aE.dag/glTFast.Newtonsoft.rsp
[136/291    0s] WriteText Library/Bee/artifacts/1900b0aE.dag/Assembly-CSharp.rsp
[137/291    0s] WriteText Library/Bee/artifacts/1900b0aE.dag/glTFast.Documentation.Examples.dll.mvfrm.rsp
[138/291    0s] WriteText Library/Bee/artifacts/1900b0aE.dag/glTFast.Documentation.Examples.UnityAdditionalFile.txt
[139/291    0s] WriteText Library/Bee/artifacts/1900b0aE.dag/glTFast.Documentation.Examples.rsp2
[140/291    0s] WriteText Library/Bee/artifacts/1900b0aE.dag/Assembly-CSharp-Editor.dll.mvfrm.rsp
[141/291    0s] WriteText Library/Bee/artifacts/1900b0aE.dag/Unity.Collections.BurstCompatibilityGen.dll.mvfrm.rsp
[142/291    0s] WriteText Library/Bee/artifacts/1900b0aE.dag/Unity.Collections.DocCodeSamples.dll.mvfrm.rsp
[143/291    0s] WriteText Library/Bee/artifacts/1900b0aE.dag/Assembly-CSharp-Editor.rsp2
[144/291    0s] WriteText Library/Bee/artifacts/1900b0aE.dag/Unity.Collections.BurstCompatibilityGen.UnityAdditionalFile.txt
[145/291    0s] WriteText Library/Bee/artifacts/1900b0aE.dag/Unity.Collections.DocCodeSamples.rsp2
[146/291    0s] WriteText Library/Bee/artifacts/1900b0aE.dag/Unity.Collections.DocCodeSamples.UnityAdditionalFile.txt
[147/291    0s] WriteText Library/Bee/artifacts/1900b0aE.dag/Unity.Collections.BurstCompatibilityGen.rsp2
[148/291    0s] WriteText Library/Bee/artifacts/1900b0aE.dag/glTFast.Documentation.Examples.rsp
[149/291    0s] WriteText Library/Bee/artifacts/1900b0aE.dag/Assembly-CSharp-Editor.UnityAdditionalFile.txt
[150/291    0s] WriteText Library/Bee/artifacts/1900b0aE.dag/Unity.Collections.BurstCompatibilityGen.rsp
[151/291    0s] WriteText Library/Bee/artifacts/1900b0aE.dag/Assembly-CSharp-Editor.rsp
[152/291    0s] WriteResponseFile Library/Bee/artifacts/rsp/16800515999216397072.rsp
[153/291    0s] WriteText Library/Bee/artifacts/1900b0aE.dag/Unity.Collections.DocCodeSamples.rsp
[154/291    0s] WriteResponseFile Library/Bee/artifacts/rsp/10131660672807692368.rsp
[155/291    0s] WriteResponseFile Library/Bee/artifacts/rsp/3676569134375922281.rsp
[156/291    0s] WriteResponseFile Library/Bee/artifacts/rsp/1418726328684876121.rsp
[157/291    0s] WriteResponseFile Library/Bee/artifacts/rsp/5916180605834378387.rsp
[158/291    0s] WriteResponseFile Library/Bee/artifacts/rsp/2157608619508796868.rsp
[159/291    0s] WriteResponseFile Library/Bee/artifacts/rsp/17923285327036797829.rsp
[160/291    0s] WriteResponseFile Library/Bee/artifacts/rsp/10678863128556690338.rsp
[161/291    0s] WriteResponseFile Library/Bee/artifacts/rsp/9630950048426576611.rsp
[162/291    0s] WriteResponseFile Library/Bee/artifacts/rsp/3818794330681902346.rsp
[163/291    0s] WriteResponseFile Library/Bee/artifacts/rsp/17766336155681823506.rsp
[164/291    0s] WriteResponseFile Library/Bee/artifacts/rsp/4824701561327399296.rsp
[165/291    0s] WriteResponseFile Library/Bee/artifacts/rsp/12248871281822510316.rsp
[166/291    0s] WriteResponseFile Library/Bee/artifacts/rsp/14814235663552238418.rsp
[167/291    0s] WriteResponseFile Library/Bee/artifacts/rsp/2781082588993088484.rsp
[168/291    0s] MovedFromExtractor Library/Bee/artifacts/mvdfrm/UnityEngine.VideoModule.dll_E7BD4F62C7F57797.mvfrm
[169/291    0s] MovedFromExtractor Library/Bee/artifacts/mvdfrm/Unity.Android.GradleProject.dll_0EFE0F5EE5AFBF61.mvfrm
[170/291    0s] MovedFromExtractor Library/Bee/artifacts/mvdfrm/UnityEngine.VirtualTexturingModule.dll_FF5D2AC3751324B5.mvfrm
[171/291    0s] MovedFromExtractor Library/Bee/artifacts/mvdfrm/UnityEditor.WindowsStandalone.Extensions.dll_8BEA5F90CE3F72B4.mvfrm
[172/291    0s] MovedFromExtractor Library/Bee/artifacts/mvdfrm/UnityEngine.WindModule.dll_2798F0760EC88F40.mvfrm
[173/291    0s] MovedFromExtractor Library/Bee/artifacts/mvdfrm/UnityEngine.VRModule.dll_77D590BF619A01A4.mvfrm
[174/291    0s] MovedFromExtractor Library/Bee/artifacts/mvdfrm/Unity.Android.Gradle.dll_844719EE3C43C594.mvfrm
[175/291    0s] MovedFromExtractor Library/Bee/artifacts/mvdfrm/UnityEngine.XRModule.dll_AA9453C3EAD44F02.mvfrm
[176/291    0s] MovedFromExtractor Library/Bee/artifacts/mvdfrm/UnityEngine.AutoStreamingModule.dll_A196ACF7F81DB5AF.mvfrm
[177/291    0s] MovedFromExtractor Library/Bee/artifacts/mvdfrm/UnityEditor.DeviceSimulatorModule.dll_BE6D553BEBA8CBD5.mvfrm
[178/291    0s] MovedFromExtractor Library/Bee/artifacts/mvdfrm/UnityEngine.AndroidAppViewModule.dll_AB04ABFB0A8C540F.mvfrm
[179/291    0s] MovedFromExtractor Library/Bee/artifacts/mvdfrm/Unity.Burst.Unsafe.dll_CFEC40ED84F007E6.mvfrm
[180/291    0s] MovedFromExtractor Library/Bee/artifacts/mvdfrm/UnityEditor.Android.Extensions.dll_65263BBC8CB6B654.mvfrm
[181/291    0s] MovedFromExtractor Library/Bee/artifacts/mvdfrm/Unity.Collections.LowLevel.ILSupport.dll_2E40CE80E145E521.mvfrm
[182/291    0s] MovedFromExtractor Library/Bee/artifacts/mvdfrm/Unity.Android.Types.dll_9828FE87242995E8.mvfrm
[183/291    0s] MovedFromExtractor Library/Bee/artifacts/mvdfrm/UnityEditor.Graphs.dll_56FB21C601FA83DE.mvfrm
[184/291    0s] MovedFromExtractor Library/Bee/artifacts/mvdfrm/UnityEngine.InstantAssetModule.dll_2F394A075A3D00C7.mvfrm
[185/291    0s] MovedFromExtractor Library/Bee/artifacts/mvdfrm/UnityEditor.CoreModule.dll_8E2941FAD58CA5AC.mvfrm
[186/291    0s] MovedFromExtractor Library/Bee/artifacts/mvdfrm/UnityEngine.NVIDIAModule.dll_24E27E1FDEC8D623.mvfrm
[187/291    0s] MovedFromExtractor Library/Bee/artifacts/mvdfrm/UnityEngine.UmbraModule.dll_3D887710928A0765.mvfrm
[188/291    0s] MovedFromExtractor Library/Bee/artifacts/mvdfrm/UnityEngine.OcclusionCullingModule.dll_2042825B6BFE2E5B.mvfrm
[189/291    0s] MovedFromExtractor Library/Bee/artifacts/mvdfrm/UnityEngine.TextureManagerModule.dll_D206F032091B038A.mvfrm
[190/291    0s] MovedFromExtractor Library/Bee/artifacts/mvdfrm/Unity.Burst.Cecil.Mdb.dll_3C317E32C4B0311A.mvfrm
[191/291    0s] MovedFromExtractor Library/Bee/artifacts/mvdfrm/Unity.Burst.Cecil.Pdb.dll_5383F6A24365329D.mvfrm
[192/291    0s] MovedFromExtractor Library/Bee/artifacts/mvdfrm/Unity.Burst.Cecil.Rocks.dll_E703683FF385D85D.mvfrm
[193/291    0s] MovedFromExtractor Library/Bee/artifacts/mvdfrm/Unity.CompilationPipeline.Common.dll_CEB10CB931E064DA.mvfrm
[194/291    0s] MovedFromExtractor Library/Bee/artifacts/mvdfrm/UnityEngine.TuanjieGIModule.dll_3C0AEE5EC6F7E286.mvfrm
[195/291    0s] MovedFromExtractor Library/Bee/artifacts/mvdfrm/Unity.Burst.Cecil.dll_ADA84001351AAE9D.mvfrm
[196/291    0s] MovedFromExtractorCombine Library/Bee/artifacts/1900b0aE.dag/Unity.Mathematics.dll.mvfrm
[197/291    0s] MovedFromExtractorCombine Library/Bee/artifacts/1900b0aE.dag/Unity.Burst.dll.mvfrm
[198/291    0s] MovedFromExtractorCombine Library/Bee/artifacts/1900b0aE.dag/glTFast.Newtonsoft.dll.mvfrm
[199/291    0s] MovedFromExtractorCombine Library/Bee/artifacts/1900b0aE.dag/UnityEngine.TestRunner.dll.mvfrm
[200/291    1s] Csc Library/Bee/artifacts/1900b0aE.dag/UnityEngine.TestRunner.dll (+2 others)
[           0s] Csc Library/Bee/artifacts/1900b0aE.dag/UnityEngine.TestRunner.dll (+2 others) [CacheWrite ]
[201/291    0s] CopyFiles Library/ScriptAssemblies/UnityEngine.TestRunner.dll
[202/291    0s] CopyFiles Library/ScriptAssemblies/UnityEngine.TestRunner.pdb
[203/291    0s] MovedFromExtractor Library/Bee/artifacts/mvdfrm/UnityEngine.TestRunner.ref.dll_E55D0F7C63F01D9E.mvfrm
[204/291    2s] Csc Library/Bee/artifacts/1900b0aE.dag/Unity.Burst.dll (+2 others)
[           0s] Csc Library/Bee/artifacts/1900b0aE.dag/Unity.Burst.dll (+2 others) [CacheWrite ]
[205/291    0s] MovedFromExtractorCombine Library/Bee/artifacts/1900b0aE.dag/UnityEditor.TestRunner.dll.mvfrm
[206/291    0s] MovedFromExtractor Library/Bee/artifacts/mvdfrm/Unity.Burst.ref.dll_F30DFA20C0DD1968.mvfrm
[207/291    0s] MovedFromExtractorCombine Library/Bee/artifacts/1900b0aE.dag/Unity.Burst.CodeGen.dll.mvfrm
[208/291    0s] Csc Library/Bee/artifacts/1900b0aE.dag/Unity.Burst.CodeGen.dll (+2 others)
[209/291    0s] Csc Library/Bee/artifacts/1900b0aE.dag/UnityEditor.TestRunner.dll (+2 others)
[           0s] Csc Library/Bee/artifacts/1900b0aE.dag/Unity.Burst.CodeGen.dll (+2 others) [CacheWrite ]
[           0s] Csc Library/Bee/artifacts/1900b0aE.dag/UnityEditor.TestRunner.dll (+2 others) [CacheWrite ]
[210/291    0s] CopyFiles Library/ScriptAssemblies/Unity.Burst.CodeGen.pdb
[211/291    0s] CopyFiles Library/ScriptAssemblies/Unity.Burst.CodeGen.dll
[212/291    0s] CopyFiles Library/ScriptAssemblies/UnityEditor.TestRunner.pdb
[213/291    0s] CopyFiles Library/ScriptAssemblies/UnityEditor.TestRunner.dll
[214/291    0s] ILPP-Configuration Library/ilpp-configuration.nevergeneratedoutput
[215/291    0s] MovedFromExtractor Library/Bee/artifacts/mvdfrm/UnityEditor.TestRunner.ref.dll_193EC4CE382CBFB3.mvfrm
[216/291    2s] Csc Library/Bee/artifacts/1900b0aE.dag/Unity.Mathematics.dll (+2 others)
[217/291    0s] MovedFromExtractorCombine Library/Bee/artifacts/1900b0aE.dag/Unity.Burst.Editor.dll.mvfrm
[           0s] Csc Library/Bee/artifacts/1900b0aE.dag/Unity.Mathematics.dll (+2 others) [CacheWrite ]
[218/291    0s] ILPostProcess Library/Bee/artifacts/1900b0aE.dag/post-processed/Unity.Mathematics.dll (+pdb)
Processing assembly Library/Bee/artifacts/1900b0aE.dag/Unity.Mathematics.dll, with 139 defines and 215 references

processors: zzzUnity.Burst.CodeGen.BurstILPostProcessor

running zzzUnity.Burst.CodeGen.BurstILPostProcessor
[219/291    0s] CopyFiles Library/ScriptAssemblies/Unity.Mathematics.pdb
[220/291    0s] CopyFiles Library/ScriptAssemblies/Unity.Mathematics.dll
[221/291    0s] MovedFromExtractor Library/Bee/artifacts/mvdfrm/Unity.Mathematics.ref.dll_E8EFDB1B8D5C174E.mvfrm
[222/291    0s] MovedFromExtractorCombine Library/Bee/artifacts/1900b0aE.dag/glTFast.Editor.dll.mvfrm
[223/291    0s] MovedFromExtractorCombine Library/Bee/artifacts/1900b0aE.dag/Unity.Collections.dll.mvfrm
[224/291    0s] MovedFromExtractorCombine Library/Bee/artifacts/1900b0aE.dag/glTFast.Export.dll.mvfrm
[225/291    0s] MovedFromExtractorCombine Library/Bee/artifacts/1900b0aE.dag/glTFast.Documentation.Examples.dll.mvfrm
[226/291    0s] MovedFromExtractorCombine Library/Bee/artifacts/1900b0aE.dag/Unity.Mathematics.Editor.dll.mvfrm
[227/291    0s] ILPostProcess Library/Bee/artifacts/1900b0aE.dag/post-processed/Unity.Burst.dll (+pdb)
Processing assembly Library/Bee/artifacts/1900b0aE.dag/Unity.Burst.dll, with 139 defines and 215 references

processors: zzzUnity.Burst.CodeGen.BurstILPostProcessor

running zzzUnity.Burst.CodeGen.BurstILPostProcessor
[228/291    0s] CopyFiles Library/ScriptAssemblies/Unity.Burst.pdb
[229/291    0s] CopyFiles Library/ScriptAssemblies/Unity.Burst.dll
[230/291    0s] Csc Library/Bee/artifacts/1900b0aE.dag/Unity.Mathematics.Editor.dll (+2 others)
[           0s] Csc Library/Bee/artifacts/1900b0aE.dag/Unity.Mathematics.Editor.dll (+2 others) [CacheWrite ]
[231/291    0s] ILPostProcess Library/Bee/artifacts/1900b0aE.dag/post-processed/Unity.Mathematics.Editor.dll (+pdb)
Processing assembly Library/Bee/artifacts/1900b0aE.dag/Unity.Mathematics.Editor.dll, with 137 defines and 230 references

processors: zzzUnity.Burst.CodeGen.BurstILPostProcessor

running zzzUnity.Burst.CodeGen.BurstILPostProcessor
[232/291    0s] CopyFiles Library/ScriptAssemblies/Unity.Mathematics.Editor.dll
[233/291    0s] CopyFiles Library/ScriptAssemblies/Unity.Mathematics.Editor.pdb
[234/291    0s] MovedFromExtractor Library/Bee/artifacts/mvdfrm/Unity.Mathematics.Editor.ref.dll_9A20CFD48BC11F43.mvfrm
[235/291    0s] Csc Library/Bee/artifacts/1900b0aE.dag/Unity.Collections.dll (+2 others)
[           0s] Csc Library/Bee/artifacts/1900b0aE.dag/Unity.Collections.dll (+2 others) [CacheWrite ]
[236/291    0s] MovedFromExtractor Library/Bee/artifacts/mvdfrm/Unity.Collections.ref.dll_656D7410E7809ECD.mvfrm
[237/291    0s] ILPostProcess Library/Bee/artifacts/1900b0aE.dag/post-processed/Unity.Collections.dll (+pdb)
Processing assembly Library/Bee/artifacts/1900b0aE.dag/Unity.Collections.dll, with 139 defines and 217 references

processors: zzzUnity.Burst.CodeGen.BurstILPostProcessor

running zzzUnity.Burst.CodeGen.BurstILPostProcessor
[238/291    0s] CopyFiles Library/ScriptAssemblies/Unity.Collections.dll
[239/291    0s] CopyFiles Library/ScriptAssemblies/Unity.Collections.pdb
[240/291    0s] MovedFromExtractorCombine Library/Bee/artifacts/1900b0aE.dag/glTFast.dots.dll.mvfrm
[241/291    0s] MovedFromExtractorCombine Library/Bee/artifacts/1900b0aE.dag/glTFast.dll.mvfrm
[242/291    0s] MovedFromExtractorCombine Library/Bee/artifacts/1900b0aE.dag/Unity.Collections.BurstCompatibilityGen.dll.mvfrm
[243/291    0s] MovedFromExtractorCombine Library/Bee/artifacts/1900b0aE.dag/Unity.Collections.DocCodeSamples.dll.mvfrm
[244/291    0s] Csc Library/Bee/artifacts/1900b0aE.dag/Unity.Collections.DocCodeSamples.dll (+2 others)
[245/291    0s] Csc Library/Bee/artifacts/1900b0aE.dag/Unity.Collections.BurstCompatibilityGen.dll (+2 others)
[           0s] Csc Library/Bee/artifacts/1900b0aE.dag/Unity.Collections.DocCodeSamples.dll (+2 others) [CacheWrite ]
[           0s] Csc Library/Bee/artifacts/1900b0aE.dag/Unity.Collections.BurstCompatibilityGen.dll (+2 others) [CacheWrite ]
[246/291    0s] ILPostProcess Library/Bee/artifacts/1900b0aE.dag/post-processed/Unity.Collections.DocCodeSamples.dll (+pdb)
Processing assembly Library/Bee/artifacts/1900b0aE.dag/Unity.Collections.DocCodeSamples.dll, with 137 defines and 230 references

processors: zzzUnity.Burst.CodeGen.BurstILPostProcessor

running zzzUnity.Burst.CodeGen.BurstILPostProcessor
[247/291    0s] CopyFiles Library/ScriptAssemblies/Unity.Collections.DocCodeSamples.dll
[248/291    0s] CopyFiles Library/ScriptAssemblies/Unity.Collections.DocCodeSamples.pdb
[249/291    0s] ILPostProcess Library/Bee/artifacts/1900b0aE.dag/post-processed/Unity.Collections.BurstCompatibilityGen.dll (+pdb)
Processing assembly Library/Bee/artifacts/1900b0aE.dag/Unity.Collections.BurstCompatibilityGen.dll, with 137 defines and 231 references

processors: zzzUnity.Burst.CodeGen.BurstILPostProcessor

running zzzUnity.Burst.CodeGen.BurstILPostProcessor
[250/291    0s] CopyFiles Library/ScriptAssemblies/Unity.Collections.BurstCompatibilityGen.pdb
[251/291    0s] CopyFiles Library/ScriptAssemblies/Unity.Collections.BurstCompatibilityGen.dll
[252/291    0s] Csc Library/Bee/artifacts/1900b0aE.dag/glTFast.dll (+2 others)
[           0s] Csc Library/Bee/artifacts/1900b0aE.dag/glTFast.dll (+2 others) [CacheWrite ]
[253/291    1s] Csc Library/Bee/artifacts/1900b0aE.dag/Unity.Burst.Editor.dll (+2 others)
[254/291    0s] Csc Library/Bee/artifacts/1900b0aE.dag/glTFast.dots.dll (+2 others)
[255/291    0s] Csc Library/Bee/artifacts/1900b0aE.dag/glTFast.Newtonsoft.dll (+2 others)
[           0s] Csc Library/Bee/artifacts/1900b0aE.dag/Unity.Burst.Editor.dll (+2 others) [CacheWrite ]
[           0s] Csc Library/Bee/artifacts/1900b0aE.dag/glTFast.dots.dll (+2 others) [CacheWrite ]
[256/291    0s] ILPostProcess Library/Bee/artifacts/1900b0aE.dag/post-processed/glTFast.dll (+pdb)
Processing assembly Library/Bee/artifacts/1900b0aE.dag/glTFast.dll, with 143 defines and 218 references

processors: zzzUnity.Burst.CodeGen.BurstILPostProcessor

running zzzUnity.Burst.CodeGen.BurstILPostProcessor
[257/291    0s] CopyFiles Library/ScriptAssemblies/glTFast.pdb
[258/291    0s] CopyFiles Library/ScriptAssemblies/glTFast.dll
[           0s] Csc Library/Bee/artifacts/1900b0aE.dag/glTFast.Newtonsoft.dll (+2 others) [CacheWrite ]
[259/291    0s] ILPostProcess Library/Bee/artifacts/1900b0aE.dag/post-processed/Unity.Burst.Editor.dll (+pdb)
Processing assembly Library/Bee/artifacts/1900b0aE.dag/Unity.Burst.Editor.dll, with 137 defines and 230 references

processors: zzzUnity.Burst.CodeGen.BurstILPostProcessor

running zzzUnity.Burst.CodeGen.BurstILPostProcessor
[260/291    0s] ILPostProcess Library/Bee/artifacts/1900b0aE.dag/post-processed/glTFast.Newtonsoft.dll (+pdb)
Processing assembly Library/Bee/artifacts/1900b0aE.dag/glTFast.Newtonsoft.dll, with 140 defines and 216 references

processors: zzzUnity.Burst.CodeGen.BurstILPostProcessor

running zzzUnity.Burst.CodeGen.BurstILPostProcessor
[261/291    0s] ILPostProcess Library/Bee/artifacts/1900b0aE.dag/post-processed/glTFast.dots.dll (+pdb)
Processing assembly Library/Bee/artifacts/1900b0aE.dag/glTFast.dots.dll, with 140 defines and 219 references

processors: zzzUnity.Burst.CodeGen.BurstILPostProcessor

running zzzUnity.Burst.CodeGen.BurstILPostProcessor
[262/291    0s] CopyFiles Library/ScriptAssemblies/glTFast.dots.pdb
[263/291    0s] CopyFiles Library/ScriptAssemblies/glTFast.dots.dll
[264/291    0s] CopyFiles Library/ScriptAssemblies/Unity.Burst.Editor.pdb
[265/291    0s] CopyFiles Library/ScriptAssemblies/glTFast.Newtonsoft.dll
[266/291    0s] CopyFiles Library/ScriptAssemblies/glTFast.Newtonsoft.pdb
[267/291    0s] CopyFiles Library/ScriptAssemblies/Unity.Burst.Editor.dll
[268/291    0s] MovedFromExtractor Library/Bee/artifacts/mvdfrm/Unity.Burst.Editor.ref.dll_E2F92DAB6C167CC9.mvfrm
[269/291    0s] Csc Library/Bee/artifacts/1900b0aE.dag/glTFast.Export.dll (+2 others)
[           0s] Csc Library/Bee/artifacts/1900b0aE.dag/glTFast.Export.dll (+2 others) [CacheWrite ]
[270/291    0s] MovedFromExtractorCombine Library/Bee/artifacts/1900b0aE.dag/Assembly-CSharp.dll.mvfrm
[271/291    0s] MovedFromExtractorCombine Library/Bee/artifacts/1900b0aE.dag/Assembly-CSharp-Editor.dll.mvfrm
[272/291    0s] ILPostProcess Library/Bee/artifacts/1900b0aE.dag/post-processed/glTFast.Export.dll (+pdb)
Processing assembly Library/Bee/artifacts/1900b0aE.dag/glTFast.Export.dll, with 140 defines and 218 references

processors: zzzUnity.Burst.CodeGen.BurstILPostProcessor

running zzzUnity.Burst.CodeGen.BurstILPostProcessor
[273/291    0s] CopyFiles Library/ScriptAssemblies/glTFast.Export.pdb
[274/291    0s] CopyFiles Library/ScriptAssemblies/glTFast.Export.dll
[275/291    0s] Csc Library/Bee/artifacts/1900b0aE.dag/glTFast.Documentation.Examples.dll (+2 others)
[276/291    0s] Csc Library/Bee/artifacts/1900b0aE.dag/glTFast.Editor.dll (+2 others)
[           0s] Csc Library/Bee/artifacts/1900b0aE.dag/glTFast.Documentation.Examples.dll (+2 others) [CacheWrite ]
[           0s] Csc Library/Bee/artifacts/1900b0aE.dag/glTFast.Editor.dll (+2 others) [CacheWrite ]
[277/291    0s] ILPostProcess Library/Bee/artifacts/1900b0aE.dag/post-processed/glTFast.Editor.dll (+pdb)
Processing assembly Library/Bee/artifacts/1900b0aE.dag/glTFast.Editor.dll, with 138 defines and 232 references

processors: zzzUnity.Burst.CodeGen.BurstILPostProcessor

running zzzUnity.Burst.CodeGen.BurstILPostProcessor
[278/291    0s] ILPostProcess Library/Bee/artifacts/1900b0aE.dag/post-processed/glTFast.Documentation.Examples.dll (+pdb)
Processing assembly Library/Bee/artifacts/1900b0aE.dag/glTFast.Documentation.Examples.dll, with 141 defines and 220 references

processors: zzzUnity.Burst.CodeGen.BurstILPostProcessor

running zzzUnity.Burst.CodeGen.BurstILPostProcessor
[279/291    0s] CopyFiles Library/ScriptAssemblies/glTFast.Editor.pdb
[280/291    0s] CopyFiles Library/ScriptAssemblies/glTFast.Editor.dll
[281/291    0s] CopyFiles Library/ScriptAssemblies/glTFast.Documentation.Examples.pdb
[282/291    0s] CopyFiles Library/ScriptAssemblies/glTFast.Documentation.Examples.dll
[283/291    0s] Csc Library/Bee/artifacts/1900b0aE.dag/Assembly-CSharp.dll (+2 others)
[284/291    0s] ILPostProcess Library/Bee/artifacts/1900b0aE.dag/post-processed/Assembly-CSharp.dll (+pdb)
Processing assembly Library/Bee/artifacts/1900b0aE.dag/Assembly-CSharp.dll, with 139 defines and 220 references

processors: zzzUnity.Burst.CodeGen.BurstILPostProcessor

running zzzUnity.Burst.CodeGen.BurstILPostProcessor
[285/291    0s] CopyFiles Library/ScriptAssemblies/Assembly-CSharp.dll
[286/291    0s] CopyFiles Library/ScriptAssemblies/Assembly-CSharp.pdb
[287/291    0s] Csc Library/Bee/artifacts/1900b0aE.dag/Assembly-CSharp-Editor.dll (+2 others)
[288/291    0s] ILPostProcess Library/Bee/artifacts/1900b0aE.dag/post-processed/Assembly-CSharp-Editor.dll (+pdb)
Processing assembly Library/Bee/artifacts/1900b0aE.dag/Assembly-CSharp-Editor.dll, with 137 defines and 238 references

processors: zzzUnity.Burst.CodeGen.BurstILPostProcessor

running zzzUnity.Burst.CodeGen.BurstILPostProcessor
[289/291    0s] CopyFiles Library/ScriptAssemblies/Assembly-CSharp-Editor.pdb
[290/291    0s] CopyFiles Library/ScriptAssemblies/Assembly-CSharp-Editor.dll
*** Tundra build success (7.33 seconds), 290 items updated, 291 evaluated
AssetDatabase: script compilation time: 9.764585s
Begin MonoManager ReloadAssembly
Total cache size 54342984
Total cache size after purge 54342984
- Loaded All Assemblies, in  0.325 seconds
Refreshing native plugins compatible for Editor in 1.14 ms, found 0 plugins.
Preloading 0 native plugins for Editor in 0.00 ms.
Start importing Assets using Guid(00000000000000001000000000000000) Importer(Primary)  -> (artifact id: 'e38aa42d2f31091c3c58ebccb2141bd7') in 0.004670 seconds
Start importing ProjectSettings/InputManager.asset using Guid(00000000000000002000000000000000) Importer(Primary)  -> (artifact id: '9a3311aadf9ac41494bb96ecdcd91707') in 0.001726 seconds
Start importing ProjectSettings/TagManager.asset using Guid(00000000000000003000000000000000) Importer(Primary)  -> (artifact id: '7d9726cd9f0d089b49241999f7c4d4ef') in 0.001839 seconds
Start importing ProjectSettings/ProjectSettings.asset using Guid(00000000000000004000000000000000) Importer(Primary)  -> (artifact id: 'fbc4948a8d53c9e78af392ae7d6d6898') in 0.001566 seconds
Start importing ProjectSettings/AudioManager.asset using Guid(00000000000000006000000000000000) Importer(Primary)  -> (artifact id: '96a77a64c8d5fac974b1fc740ec12206') in 0.001253 seconds
Start importing ProjectSettings/TimeManager.asset using Guid(00000000000000007000000000000000) Importer(Primary)  -> (artifact id: '2d4ad0d89c2a861a7d4908366c2c1e9b') in 0.001191 seconds
Start importing ProjectSettings/DynamicsManager.asset using Guid(00000000000000008000000000000000) Importer(Primary)  -> (artifact id: 'f4423767c0e354041fc1f2b6487a431a') in 0.001166 seconds
Start importing ProjectSettings/QualitySettings.asset using Guid(00000000000000009000000000000000) Importer(Primary)  -> (artifact id: 'b04450ae7e444dde799ff0acbf8108cd') in 0.001464 seconds
Start importing ProjectSettings/EditorBuildSettings.asset using Guid(0000000000000000b000000000000000) Importer(Primary)  -> (artifact id: 'e655bb13756e3f8b7b1bc11780eaebd4') in 0.001212 seconds
Start importing ProjectSettings/EditorSettings.asset using Guid(0000000000000000c000000000000000) Importer(Primary)  -> (artifact id: '42ce4122af239b879721053e024421d6') in 0.001315 seconds
Start importing ProjectSettings/NavMeshAreas.asset using Guid(00000000000000004100000000000000) Importer(Primary)  -> (artifact id: 'd58327beb9741a3272d7b67bcd22ba56') in 0.001673 seconds
Start importing ProjectSettings/Physics2DSettings.asset using Guid(00000000000000005100000000000000) Importer(Primary)  -> (artifact id: '2182aaa5d98c9def43383958c1bf7e3b') in 0.001710 seconds
Start importing ProjectSettings/GraphicsSettings.asset using Guid(00000000000000006100000000000000) Importer(Primary)  -> (artifact id: 'e4508490abe6e4118cc53c2d703fd618') in 0.001388 seconds
Start importing ProjectSettings/ClusterInputManager.asset using Guid(00000000000000007100000000000000) Importer(Primary)  -> (artifact id: '240eaa5930f284919f5b0508cfbb78ee') in 0.001171 seconds
Start importing ProjectSettings/UnityConnectSettings.asset using Guid(0000000000000000a100000000000000) Importer(Primary)  -> (artifact id: 'b57d0c879f4166b6c68225e289029cd0') in 0.001264 seconds
Start importing ProjectSettings/PresetManager.asset using Guid(0000000000000000b100000000000000) Importer(Primary)  -> (artifact id: '82ae3db8a8316b9b114cd13c8fda3665') in 0.001295 seconds
Start importing ProjectSettings/VFXManager.asset using Guid(0000000000000000c100000000000000) Importer(Primary)  -> (artifact id: '61b033a15298b1f59f8b978596521d8b') in 0.001211 seconds
Start importing ProjectSettings/VersionControlSettings.asset using Guid(0000000000000000d100000000000000) Importer(Primary)  -> (artifact id: 'db4d0f08758861db36efa2d98a4c9e68') in 0.001132 seconds
Start importing ProjectSettings/MemorySettings.asset using Guid(0000000000000000f100000000000000) Importer(Primary)  -> (artifact id: '7ddd43afaf6685de805e5467c55a5894') in 0.001792 seconds
Start importing ProjectSettings/AutoStreamingSettings.asset using Guid(00000000000000000200000000000000) Importer(Primary)  -> (artifact id: '00b0d01e36ac06605816830b13a02601') in 0.001544 seconds
Start importing ProjectSettings/TextureManagerSettings.asset using Guid(00000000000000001200000000000000) Importer(Primary)  -> (artifact id: '8b33ad14bf4a512773362fb6f4a6275f') in 0.001380 seconds
Start importing ProjectSettings/ThreadInfoSettings.asset using Guid(00000000000000002200000000000000) Importer(Primary)  -> (artifact id: '887ef9c050ec6d8cbd527fe5adae4be7') in 0.001240 seconds
Start importing Assets/Editor using Guid(105438b3ecfc0e6468c9b7bbd7fc4154) Importer(Primary)  -> (artifact id: 'd57a93f477b4e46e5878f250dc1fee14') in 0.000407 seconds
Start importing Assets/Animations using Guid(302edea6cc4b8864b89da15a8f713950) Importer(Primary)  -> (artifact id: 'c2c699de1fe13853aee9e6c8037bb398') in 0.000365 seconds
Start importing Packages/com.unity.test-framework using Guid(6023f2b823fc19b4e4a90875281ff117) Importer(Primary)  -> (artifact id: 'daafe4efdc77f18024205c8c0534a119') in 0.000256 seconds
Start importing Packages/com.unity.modules.imgui using Guid(c060426bfd6e82575228df6656368eaa) Importer(Primary)  -> (artifact id: 'ccc7822e3f4b00cae4a39a136ad176e3') in 0.000237 seconds
Start importing Packages/com.unity.modules.animation using Guid(1158e311a3101950348dcecb1bebc42d) Importer(Primary)  -> (artifact id: '4a382d9b0f3b6a87d7708da3b5a20d54') in 0.000235 seconds
Start importing Packages/com.unity.modules.xr using Guid(515638b803bef8599dbd6d5c8bdaa53e) Importer(Primary)  -> (artifact id: '1e58fe78cf6caff55c3f53dd90da4619') in 0.000228 seconds
Start importing Assets/Scenes using Guid(92536d67255de3747b64850022eff334) Importer(Primary)  -> (artifact id: 'f606f9e39dd8e68d10d0c0b89aef5c9e') in 0.000336 seconds
Start importing Packages/com.unity.modules.assetbundle using Guid(b219c86ce508e478367c0a46e1aa9fe4) Importer(Primary)  -> (artifact id: '3c252851cf9b671cb5a61a1457d42e45') in 0.000236 seconds
Start importing Assets/Materials using Guid(6319e524d08975a4cb5d134b9999e576) Importer(Primary)  -> (artifact id: 'c52b189869da800093781d57fc7b3e3a') in 0.000316 seconds
Start importing Packages/com.unity.collections using Guid(8357b100fdd3b0f8d2384ff3f2880152) Importer(Primary)  -> (artifact id: 'bace3a05b317853803dfe59a8c647ae8') in 0.000281 seconds
Start importing Packages/com.unity.modules.screencapture using Guid(5469ef0820152a4ae45d400fdc4626e4) Importer(Primary)  -> (artifact id: 'ab091fe28431a476e82524aa9eb0d4bf') in 0.000250 seconds
Start importing Packages/com.unity.modules.infinity using Guid(94061d4d10a3228a12ccf225be1cd310) Importer(Primary)  -> (artifact id: 'd04a3f43a8ac12e32e5930a42b50ba77') in 0.000228 seconds
Start importing Packages/com.unity.modules.cloth using Guid(c4df1124e2787ee0c8d1a911de17ee73) Importer(Primary)  -> (artifact id: '975b8afec3e3dd0d89c8c26040b9f104') in 0.000224 seconds
Start importing Packages/com.unity.ext.nunit using Guid(25a477c2f24db8778a4179421a32cc21) Importer(Primary)  -> (artifact id: 'f8a538b5ff8bfd7e2bb281c78051a7b2') in 0.000230 seconds
Start importing Packages/com.unity.burst using Guid(65d1b64226033bcd2de5b4e51938fb75) Importer(Primary)  -> (artifact id: 'e3042f3f7a85d5de1fc00865a96f5cb7') in 0.000221 seconds
Start importing Packages/com.unity.modules.imageconversion using Guid(850c54ee0b9e1aa740b1c67792eb1f26) Importer(Primary)  -> (artifact id: 'cc8db6fa6e119aba513de69a918fc894') in 0.000294 seconds
Start importing Packages/com.unity.modules.terrainphysics using Guid(95f85adeda79e994f011eb2152cf4fc9) Importer(Primary)  -> (artifact id: '61c38902af10cf65701da5c0bafdffe6') in 0.000264 seconds
Start importing Packages/com.unity.modules.unitywebrequest using Guid(c522a644a29fcab2eaf63298c118a65b) Importer(Primary)  -> (artifact id: '3ee25306c8a004d5e4b7d7c7cafb1afe') in 0.000248 seconds
Start importing Packages/com.unity.modules.unitywebrequestassetbundle using Guid(d5f0b0adc6826e9dd3b72e292e8438be) Importer(Primary)  -> (artifact id: 'f6d594e0fc7a13e128f0df0920b0668c') in 0.000237 seconds
Start importing Packages/com.unity.modules.subsystems using Guid(56b94a5b6990c879bb0f057719d1064b) Importer(Primary)  -> (artifact id: 'e61cf4beef4b9257b3364c172a6d3d9c') in 0.000230 seconds
Start importing Packages/com.unity.cloud.gltfast using Guid(76f61356caa955d8ed69dd29e552867e) Importer(Primary)  -> (artifact id: '9c0b17191c212d407f4a1df2d1c6859e') in 0.000775 seconds
Start importing Packages/com.unity.modules.unityanalytics using Guid(d6c6a000a805f00649b36b542e8426c2) Importer(Primary)  -> (artifact id: '2407575d702e7831e6bbcb22360a4d33') in 0.000240 seconds
Start importing Packages/com.unity.modules.physics using Guid(d6db7caf2e852b75ebb9c6098418179c) Importer(Primary)  -> (artifact id: 'f8546039ae282b7254f8073e6965e87f') in 0.000237 seconds
Start importing Packages/com.unity.modules.vr using Guid(178008567c08e6d84014fa87825d10bb) Importer(Primary)  -> (artifact id: '7caadc970b4a2835ea471006edf758ef') in 0.000227 seconds
Start importing Packages/com.unity.modules.physics2d using Guid(376c84ea405e0f2b80562c23bb977216) Importer(Primary)  -> (artifact id: '35dec88fcea625faa7ee197b25bff08e') in 0.000230 seconds
Start importing Assets/Scripts using Guid(97c791f7caf247449b64822de9e88c30) Importer(Primary)  -> (artifact id: '80ae5a1002815f4d058200d57e3ba658') in 0.000371 seconds
Start importing Packages/com.unity.modules.wind using Guid(b77b1ad9c05af0412725856c6c53b037) Importer(Primary)  -> (artifact id: '7597cb359a4602be86bff28971289a9c') in 0.000256 seconds
Start importing Packages/com.unity.modules.uielements using Guid(2808ba6bccb2478ec9c7209d8bf1f3cc) Importer(Primary)  -> (artifact id: 'ee0a05a6873be2658202225594cd568a') in 0.000229 seconds
Start importing Packages/com.unity.modules.unitywebrequestaudio using Guid(38e3a8976f0b9c586b6dfbcef4e4066c) Importer(Primary)  -> (artifact id: '463006f5c1d999555c5faa06d455fdb2') in 0.000231 seconds
Start importing Packages/com.unity.modules.particlesystem using Guid(48b10b41f58d5b49717f376cda59eeb8) Importer(Primary)  -> (artifact id: '552c6de77f23ad59e9394ddff64aebd7') in 0.000241 seconds
Start importing Packages/com.unity.modules.tilemap using Guid(09e28640d754a611467eebfb261ed749) Importer(Primary)  -> (artifact id: 'd707df3a55d54091171d83510bf7ad14') in 0.000225 seconds
Start importing Packages/com.unity.modules.ui using Guid(39728903e57c60021f80449a8bbc0096) Importer(Primary)  -> (artifact id: 'cc6a75f5d5af289f72769a05c824d154') in 0.000228 seconds
Start importing Packages/com.unity.mathematics using Guid(795e97ad99e2f6ffd2060ae1983b6f25) Importer(Primary)  -> (artifact id: '38d833cf150df9a0611c59c4f7d15299') in 0.000225 seconds
Start importing Packages/com.unity.modules.androidjni using Guid(995c08a3305ff9f0dab5e86f340bd9a7) Importer(Primary)  -> (artifact id: 'e6b9a9375ad3566ece3c437e823a0c5a') in 0.000229 seconds
Start importing Packages/com.unity.modules.vehicles using Guid(1cf2469083ffa484da4d78dd70d708e8) Importer(Primary)  -> (artifact id: 'c55a1652942236a3ebb8c9fdc0d4fef9') in 0.000235 seconds
Start importing Packages/com.unity.modules.unitywebrequestwww using Guid(dcc8c6e92b172a65719af5ddf47dd968) Importer(Primary)  -> (artifact id: '6251c67a93f9bcb0d5056287682dd16a') in 0.000231 seconds
Start importing Packages/com.unity.modules.jsonserialize using Guid(fc3a810351931f5e6183e16b9beb5563) Importer(Primary)  -> (artifact id: '2f169ed07fb2f06a987524db20fde57a') in 0.000223 seconds
Start importing Packages/com.unity.modules.director using Guid(2d142b475fbfb8cf12ba3a795194300a) Importer(Primary)  -> (artifact id: 'bc5a26d081cee683b2bc9c31cfce6e86') in 0.000226 seconds
Start importing Packages/com.unity.modules.audio using Guid(2d6ba5cbe47e6ad3c87474c56174d4e0) Importer(Primary)  -> (artifact id: 'a8d0d2001121a4d76e769065c5a632df') in 0.000247 seconds
Start importing Assets/Models using Guid(4dfe590ecf95be64ba7548aed29f1988) Importer(Primary)  -> (artifact id: '22c8d722f3875dd3a5dacea94d8a31e5') in 0.000398 seconds
Start importing Packages/com.unity.modules.video using Guid(ede0462698a4a5643aa9872c074acd38) Importer(Primary)  -> (artifact id: 'c833b8d1be145904c6344a0c5f415b21') in 0.000241 seconds
Start importing Packages/com.unity.modules.ai using Guid(fd871a8be47119612f7c254e96a822b7) Importer(Primary)  -> (artifact id: 'ec247a5c7f4447d7363f6ff30e6148cb') in 0.000232 seconds
Start importing Packages/com.unity.modules.terrain using Guid(6e1c8b97ec8aa0464e92506ffe099558) Importer(Primary)  -> (artifact id: 'd6031aa6e6520de35d5303cd72827b17') in 0.000229 seconds
Start importing Packages/com.unity.modules.unitywebrequesttexture using Guid(6f1c7ebc8ac78cb951be24c238cbd3ba) Importer(Primary)  -> (artifact id: '609bc4466c1eba20376ca9afb49740ea') in 0.000239 seconds
Start importing Packages/com.unity.burst/Unity.Burst.CodeGen using Guid(0025085fa936303aa05b328e44651f9c) Importer(Primary)  -> (artifact id: '5bdf8c9ba78ce40e110bb81a8920cea8') in 0.000331 seconds
Start importing Packages/com.unity.collections/Unity.Collections.BurstCompatibilityGen using Guid(00a9bcd29d03e5043aad0c9a7e6185f3) Importer(Primary)  -> (artifact id: '940e68e057fa310df0ebbb45ba0080ab') in 0.000363 seconds
Start importing Packages/com.unity.cloud.gltfast/DocExamples using Guid(80a9660688f788a4b90e36414fcb5fb6) Importer(Primary)  -> (artifact id: 'a22e064838425ed15161ea73c8ab658a') in 0.000320 seconds
Start importing Packages/com.unity.cloud.gltfast/Runtime using Guid(a12e525d176854b6a85429f453dc0082) Importer(Primary)  -> (artifact id: '49ec81e49a639f61c57a19642d1a8327') in 0.000319 seconds
Start importing Packages/com.unity.burst/Runtime using Guid(e1700f0d2aa03c568eaedb3efe6720f0) Importer(Primary)  -> (artifact id: '2c005d832494084a83c46d65897dac9d') in 0.000301 seconds
Start importing Packages/com.unity.collections/Unity.Collections.LowLevel.ILSupport using Guid(6353acf8df7d746d98d65f640d39ea47) Importer(Primary)  -> (artifact id: '77d7bc3fd8047ec8f11a32576ce7935c') in 0.000592 seconds
Start importing Packages/com.unity.ext.nunit/net35 using Guid(a36d8b72880a8004f96ac54ce4598ff9) Importer(Primary)  -> (artifact id: '075923849c198d6364bacb0bf89e3075') in 0.000377 seconds
Start importing Packages/com.unity.mathematics/Unity.Mathematics using Guid(b3be5912975a74cc0b42e9039d91daf1) Importer(Primary)  -> (artifact id: '872f91d7ebc2cccfa5340af27c1cfdc8') in 0.000445 seconds
Start importing Packages/com.unity.mathematics/Tests using Guid(e3503cbca3a6645cb8298d5cecf03cec) Importer(Primary)  -> (artifact id: '8919516a0d6ae890fecf2f72cce53fa0') in 0.000532 seconds
Start importing Packages/com.unity.test-framework/UnityEngine.TestRunner using Guid(950890083f4907541a6ed06d70959e49) Importer(Primary)  -> (artifact id: '37c447947e3e86d58c4e4330ac9b2fe6') in 0.000354 seconds
Start importing Packages/com.unity.test-framework/UnityEditor.TestRunner using Guid(95cdf27b47eb82747ba9e51f41e72a35) Importer(Primary)  -> (artifact id: '86d4c0a53cdc80192453ea5d859d94fb') in 0.000332 seconds
Start importing Packages/com.unity.collections/Unity.Collections using Guid(b5713c21e3bf34803880e60596ab7e69) Importer(Primary)  -> (artifact id: '70a20280a84f33deb242037fff809fd7') in 0.000317 seconds
Start importing Packages/com.unity.burst/Editor using Guid(a6ca3ceb44ad3b13ad15d2de0caf14d0) Importer(Primary)  -> (artifact id: '0dae7cad8a3342d881a0a43e84508a81') in 0.000303 seconds
Start importing Packages/com.unity.cloud.gltfast/Plugins using Guid(a7a1fc1b5178b48c4abaaf7a38eb9d7d) Importer(Primary)  -> (artifact id: '482515b11c2bb78dc8ebf55e981e5e7e') in 0.000303 seconds
Start importing Packages/com.unity.cloud.gltfast/Editor using Guid(69598450d552f5f44b191743ba3fae43) Importer(Primary)  -> (artifact id: 'dc8ce9a60d8055b4d64e385756f9ec44') in 0.000293 seconds
Start importing Packages/com.unity.collections/Unity.Collections.Tests.Playmode using Guid(1bc474d6c48563e48bf377774df23cb1) Importer(Primary)  -> (artifact id: '1b5aad7b3e5c196b808594d3452639c2') in 0.000329 seconds
Start importing Packages/com.unity.collections/Unity.Collections.Tests using Guid(5c67b9b0b7cb745ff9944601a5b65149) Importer(Primary)  -> (artifact id: '7ecc37c2014a6653092b18e6aee3844d') in 0.000310 seconds
Start importing Packages/com.unity.collections/DocCodeSamples.Tests using Guid(ed2c1c145cb193d4d8987d3886bc12b4) Importer(Primary)  -> (artifact id: 'b69b23ca891c03b4c8291780c94a9799') in 0.000301 seconds
Start importing Packages/com.unity.mathematics/Unity.Mathematics.Editor using Guid(ed3cf288b647446a1a4040049eb363d7) Importer(Primary)  -> (artifact id: 'b0670ccab0fe9940f8a4c7394ed3c893') in 0.000304 seconds
Start importing Packages/com.unity.cloud.gltfast/Runtime/Scripts using Guid(40f50162465af48b6b44b4a1ba5b6eae) Importer(Primary)  -> (artifact id: 'b3e1df82c38730bd5f821ababe064771') in 0.000568 seconds
Start importing Packages/com.unity.mathematics/Unity.Mathematics/Geometry using Guid(8179f9b7bb3904f5ba86140bea0a128b) Importer(Primary)  -> (artifact id: 'cedc6cb70fe345b6bd80505135fc975a') in 0.000305 seconds
Start importing Packages/com.unity.ext.nunit/net35/unity-custom using Guid(2347243c7aa3e224f9282dc94e6fc3b2) Importer(Primary)  -> (artifact id: '0de1f3df5df31856b0e42e1c5c96c105') in 0.000307 seconds
Start importing Packages/com.unity.test-framework/UnityEditor.TestRunner/UnityTestProtocol using Guid(936c6340f3468444ebb1785b4c311126) Importer(Primary)  -> (artifact id: 'b828a9046e43b1143496d339ed1952f2') in 0.000368 seconds
Start importing Packages/com.unity.mathematics/Unity.Mathematics/Properties using Guid(d3e017d9ad3f00a4c9e234b0236911b7) Importer(Primary)  -> (artifact id: 'b613f7f94af38a3c151f194d8f0a6b5d') in 0.000316 seconds
Start importing Packages/com.unity.mathematics/Tests/Properties using Guid(749a3b666b115be46b00490e7232fb1b) Importer(Primary)  -> (artifact id: '673bac86c71e746ca739ddc6ad6aaca6') in 0.000313 seconds
Start importing Packages/com.unity.test-framework/UnityEditor.TestRunner/CommandLineTest using Guid(b477d1f29b65a674e9d5cdab4eb72b01) Importer(Primary)  -> (artifact id: 'eb18bcdbddf46b9160495fd471aaf272') in 0.000356 seconds
Start importing Packages/com.unity.burst/Runtime/Editor using Guid(c433e85ffb033bc99961d95aba84d010) Importer(Primary)  -> (artifact id: 'e268992931bb4367ca49d6afde8125c0') in 0.000370 seconds
Start importing Packages/com.unity.test-framework/UnityEditor.TestRunner/TestSettings using Guid(95b719082a664ea45bb56759eed1f271) Importer(Primary)  -> (artifact id: '83ac2c13aca99f83aed8525783fa6e2a') in 0.000322 seconds
Start importing Packages/com.unity.cloud.gltfast/Editor/Scripts using Guid(a5c3b59db843444be9a563ee216701ce) Importer(Primary)  -> (artifact id: '0556773f2f5cdb75e60548af51e70682') in 0.000345 seconds
Start importing Packages/com.unity.burst/Runtime/CompilerServices using Guid(d549366794d73f618193482d7f40ae75) Importer(Primary)  -> (artifact id: '9b9c4e59fbc02ea34078004f1a914f1c') in 0.000309 seconds
Start importing Packages/com.unity.test-framework/UnityEditor.TestRunner/CommandLineParser using Guid(7602252bdb82b8d45ae3483c3a00d3e1) Importer(Primary)  -> (artifact id: '4040ee17a3c9bfe50bbf0e538e5cade1') in 0.000324 seconds
Start importing Packages/com.unity.test-framework/UnityEditor.TestRunner/TestLaunchers using Guid(d64d92e4f04a13e4b99ea8d48e9e8ae9) Importer(Primary)  -> (artifact id: 'f708ec087362cd8f3cf8bf22dc75a0e1') in 0.000355 seconds
Start importing Packages/com.unity.test-framework/UnityEditor.TestRunner/TestRun using Guid(8721cb2237d4a564a94a51f56243bdac) Importer(Primary)  -> (artifact id: '9a6a1d97cefda6f5faccf7d058228faa') in 0.000313 seconds
Start importing Packages/com.unity.cloud.gltfast/Runtime/Shader using Guid(29a8f534b47794a6baf8eb02b5765f68) Importer(Primary)  -> (artifact id: 'cf9b9bc315c240fd467c173c9389ae2e') in 0.000295 seconds
Start importing Packages/com.unity.test-framework/UnityEditor.TestRunner/TestRunner using Guid(49d4c2ab7ff0f4442af256bad7c9d57c) Importer(Primary)  -> (artifact id: '3cc77e39e5d8ce5ba11d403ab7fa0dbd') in 0.000356 seconds
Start importing Packages/com.unity.cloud.gltfast/Runtime/Prefabs using Guid(a985c7880449d44ba95d87ea7f9b29aa) Importer(Primary)  -> (artifact id: '66a06024518b29072da2239e8f086f03') in 0.000355 seconds
Start importing Packages/com.unity.test-framework/UnityEngine.TestRunner/Assertions using Guid(1ad55f5ad04d1d045a1f287409c650dd) Importer(Primary)  -> (artifact id: '1837218abe607f1fd1f720659c287e79') in 0.000694 seconds
Start importing Packages/com.unity.test-framework/UnityEditor.TestRunner/Api using Guid(fa423365b1ce06a4dbdc6fb4a8597bfa) Importer(Primary)  -> (artifact id: '03e2583f939b26650aa72a7c63a583c3') in 0.000322 seconds
Start importing Packages/com.unity.cloud.gltfast/Editor/UI using Guid(5b6f220a7d34a4d23adfcf372466fa46) Importer(Primary)  -> (artifact id: 'f7efbaaaca7a999bf4b3a90c70d21300') in 0.000320 seconds
Start importing Packages/com.unity.mathematics/Unity.Mathematics/Noise using Guid(abc6c021d7cd541b3956a3969c8c3ccb) Importer(Primary)  -> (artifact id: '9dfe8fec0da27ccd1226bd3ba7fd4b16') in 0.000336 seconds
Start importing Packages/com.unity.test-framework/UnityEngine.TestRunner/Utils using Guid(bb32bccaf32a6db448d1c0cc99c78688) Importer(Primary)  -> (artifact id: '8ec2057d97bfec1aa23d47382e641c8c') in 0.000308 seconds
Start importing Packages/com.unity.mathematics/Tests/Tests using Guid(bccfda2dc5ad3b84eb3a644147ea0010) Importer(Primary)  -> (artifact id: '254ed7b14fdc63cab864cf380171e838') in 0.000316 seconds
Start importing Packages/com.unity.test-framework/UnityEngine.TestRunner/TestRunner using Guid(1ddb9e1c877ea80479d1eab4ddaa5d0d) Importer(Primary)  -> (artifact id: '1116def20e0f98ad93586763a7efb18a') in 0.000310 seconds
Start importing Packages/com.unity.test-framework/UnityEngine.TestRunner/NUnitExtensions using Guid(3e8d6af343b383544ba5743d119f4062) Importer(Primary)  -> (artifact id: '10b1737aec71b27d0f40ed4021b44c4c') in 0.000315 seconds
Start importing Packages/com.unity.test-framework/UnityEditor.TestRunner/GUI using Guid(7e609b27ad2caa14c83dd9951b6c13c6) Importer(Primary)  -> (artifact id: '381144021f438aa6abbe971b5948e8c7') in 0.000311 seconds
Start importing Packages/com.unity.test-framework/UnityEditor.TestRunner/NUnitExtension using Guid(3f9202a39620f51418046c7754f215f0) Importer(Primary)  -> (artifact id: '84a334d2f8875e40e48180b5e083ee5c') in 0.000335 seconds
Start importing Packages/com.unity.burst/Runtime/Intrinsics using Guid(6fbd9c5e397237e28650cb957742c782) Importer(Primary)  -> (artifact id: '587b522dec1cd4a039965e153de59370') in 0.000559 seconds
Start importing Packages/com.unity.test-framework/UnityEngine.TestRunner/Utils/AssemblyProvider using Guid(51557afa652635743b264a309f0a5c60) Importer(Primary)  -> (artifact id: '556c2723427bfff746509e184702959e') in 0.000359 seconds
Start importing Packages/com.unity.test-framework/UnityEngine.TestRunner/TestRunner/Callbacks using Guid(61e236e8570a95e4eb754fb291e102e0) Importer(Primary)  -> (artifact id: '2cdc8612924912dc887e9c1465da6e6e') in 0.000454 seconds
Start importing Packages/com.unity.test-framework/UnityEngine.TestRunner/TestRunner/RemoteHelpers using Guid(91c20d2c22b8b3a4cb6c816bd225591a) Importer(Primary)  -> (artifact id: '88e3bb915c33d68d9327e1d90d1213ac') in 0.000433 seconds
Start importing Packages/com.unity.test-framework/UnityEngine.TestRunner/Assertions/LogScope using Guid(b1d8465ba1376b148bdab58965101f47) Importer(Primary)  -> (artifact id: '3fb5343e8633da08a08c00e0a809b57a') in 0.000332 seconds
Start importing Packages/com.unity.cloud.gltfast/Runtime/Shader/SubGraphs using Guid(8298184a0bccb4775bffc0864a0e40a8) Importer(Primary)  -> (artifact id: '82daa903751b10b80081d3e17a07aed5') in 0.000319 seconds
Start importing Packages/com.unity.test-framework/UnityEngine.TestRunner/NUnitExtensions/Filters using Guid(c3de99f9efc582a48995bc8e8c2df418) Importer(Primary)  -> (artifact id: 'a2e71f089a8d82a88b783d00b303d9bc') in 0.000425 seconds
Start importing Packages/com.unity.burst/Runtime/Intrinsics/x86 using Guid(3413d06997203e50844bbf4eca32fce8) Importer(Primary)  -> (artifact id: '76a1591afe4a57563d722ce7f037cdce') in 0.000397 seconds
Start importing Packages/com.unity.cloud.gltfast/Runtime/Scripts/DOTS using Guid(84791d3fa602b44d28c49792c1d626cd) Importer(Primary)  -> (artifact id: 'd8e72f68da9a43b35598cd56cb5d4721') in 0.000329 seconds
Start importing Packages/com.unity.cloud.gltfast/Runtime/Shader/Export using Guid(a42eab874e7f04e7db008b7792193e78) Importer(Primary)  -> (artifact id: 'f4276597f800806b6416d5aeeadf11d5') in 0.000309 seconds
Start importing Packages/com.unity.cloud.gltfast/Runtime/Scripts/Loading using Guid(b4b84858ae70b4efcb454a8e02db5f28) Importer(Primary)  -> (artifact id: 'c5580ed3a3cafb4b7e12701081f92e57') in 0.000313 seconds
Start importing Packages/com.unity.cloud.gltfast/Runtime/Scripts/Logging using Guid(c4450c85414074abca1fa3d2ba289bb1) Importer(Primary)  -> (artifact id: '93de61e95c12d924020f1fa68a2b3aa4') in 0.000320 seconds
Start importing Packages/com.unity.test-framework/UnityEngine.TestRunner/TestRunner/Messages using Guid(256a0ca37fa972840bce7fca446e75e7) Importer(Primary)  -> (artifact id: 'f2b82ef19e6eb263a82f43dee6f614f8') in 0.000322 seconds
Start importing Packages/com.unity.test-framework/UnityEditor.TestRunner/GUI/Views using Guid(c5535d742ea2e4941850b421f9c70a1f) Importer(Primary)  -> (artifact id: '5966db6d55f5be577eff4e03f89a5efc') in 0.000322 seconds
Start importing Packages/com.unity.cloud.gltfast/Runtime/Shader/HDRP using Guid(26cba0d4e8d34974e97734c1b901b70b) Importer(Primary)  -> (artifact id: '27fc9c54d1d50565827ef130985e6f3a') in 0.000304 seconds
Start importing Packages/com.unity.test-framework/UnityEditor.TestRunner/NUnitExtension/Attributes using Guid(96c503bf059df984c86eecf572370347) Importer(Primary)  -> (artifact id: '6b613fc4143f2b5947bf32bcabd0b566') in 0.000388 seconds
Start importing Packages/com.unity.cloud.gltfast/Runtime/Scripts/MaterialsVariants using Guid(a6f04553a2954d04ba95dce85a65d297) Importer(Primary)  -> (artifact id: '9528ca5a5c27aa26ebf11d52b04f027d') in 0.000315 seconds
Start importing Packages/com.unity.test-framework/UnityEditor.TestRunner/GUI/TestListBuilder using Guid(07ea0326ed848fb4489187cb58f96113) Importer(Primary)  -> (artifact id: 'e2c461ca75201fb8136fe7f9feb1028b') in 0.000318 seconds
Start importing Packages/com.unity.test-framework/UnityEngine.TestRunner/NUnitExtensions/Runner using Guid(37888acc09d9ee848bf9559f06645c45) Importer(Primary)  -> (artifact id: '1a447a5e2108cef0a333df632aa897a5') in 0.000437 seconds
Start importing Packages/com.unity.burst/Runtime/Intrinsics/Arm using Guid(2893f6d998ac3104919ec7e11aa597cd) Importer(Primary)  -> (artifact id: '73b946498c139f7277a281d09593ed93') in 0.001213 seconds
Start importing Packages/com.unity.cloud.gltfast/Runtime/Shader/Built-In using Guid(38456a2b57852485fa3a807fceca610d) Importer(Primary)  -> (artifact id: '6883133047760cc9634bf135eb64d562') in 0.000376 seconds
Start importing Packages/com.unity.test-framework/UnityEditor.TestRunner/GUI/TestListTreeView using Guid(68cb547af0187634aad591a09c01cd5b) Importer(Primary)  -> (artifact id: 'db41e44c2a134f5364ae1cb579d13107') in 0.000312 seconds
Start importing Packages/com.unity.cloud.gltfast/Runtime/Scripts/Export using Guid(59ebae2cdae594e61a848659876e2444) Importer(Primary)  -> (artifact id: '6cb6fcf81b3a1fb63f3f03ab4f5b86c4') in 0.000546 seconds
Start importing Packages/com.unity.test-framework/UnityEditor.TestRunner/Api/Analytics using Guid(891bb6b9f5094c36b59c3788e21c8213) Importer(Primary)  -> (artifact id: '3471eb5975463118443713d1232ceb46') in 0.000375 seconds
Start importing Packages/com.unity.test-framework/UnityEditor.TestRunner/TestRunner/Messages using Guid(d9682e749d3efc642af54d789d9090a6) Importer(Primary)  -> (artifact id: '932aa5b479572d2485017365cc86750e') in 0.000357 seconds
Start importing Packages/com.unity.cloud.gltfast/Runtime/Scripts/Material using Guid(e90df689fb7db4df9984e785e4481a88) Importer(Primary)  -> (artifact id: '1d58d6ac818f4c0de6e86568f42ba8c6') in 0.000304 seconds
Start importing Packages/com.unity.cloud.gltfast/Runtime/Scripts/Newtonsoft using Guid(1adc79681d8ae4202a0aa51fa68113d1) Importer(Primary)  -> (artifact id: '49ba795ad7adf15092a455de6fb87bc6') in 0.000300 seconds
Start importing Packages/com.unity.test-framework/UnityEngine.TestRunner/NUnitExtensions/Commands using Guid(6b72875690e0f7343911e06af3145bd5) Importer(Primary)  -> (artifact id: '21ea7295e3e3e2c0edf8e3e6d03be53e') in 0.000434 seconds
Start importing Packages/com.unity.test-framework/UnityEditor.TestRunner/TestLaunchers/PlatformSetup using Guid(ebc4d20cc106cea49b1df1153f0b3b5e) Importer(Primary)  -> (artifact id: '8880edc4eaaf6ff05da95f3f95c57250') in 0.000391 seconds
Start importing Packages/com.unity.test-framework/UnityEngine.TestRunner/NUnitExtensions/Attributes using Guid(0cb14878543cf3d4f8472b15f7ecf0e3) Importer(Primary)  -> (artifact id: 'ba056ce9a2d4aab87ca05f7b9a8d074c') in 0.000354 seconds
Start importing Packages/com.unity.cloud.gltfast/Runtime/Shader/Includes using Guid(0c9697c5d0dc34bae95ecb7420ad10d3) Importer(Primary)  -> (artifact id: '9fd21d6864dd467503187c5edee17374') in 0.000331 seconds
Start importing Packages/com.unity.mathematics/Tests/Tests/Shared using Guid(1d6d62c94d82bf748b95682fa88ef3b9) Importer(Primary)  -> (artifact id: '4f5dfd0fada407031aed612942867ca3') in 0.000599 seconds
Start importing Packages/com.unity.cloud.gltfast/Runtime/Scripts/ImportAddons using Guid(5d682dcb33fec455d8c59dcbbc002c23) Importer(Primary)  -> (artifact id: '6e6472a73fc7226c408636ad3808ebc8') in 0.000373 seconds
Start importing Packages/com.unity.test-framework/UnityEditor.TestRunner/TestRunner/Callbacks using Guid(5d7f0d6acfced954682a89e7002c04d9) Importer(Primary)  -> (artifact id: '781418ea1bcfcf348794fbe5b63fe086') in 0.000394 seconds
Start importing Packages/com.unity.test-framework/UnityEditor.TestRunner/TestRun/Tasks using Guid(6dba53789da15814387fa5b1445e81e0) Importer(Primary)  -> (artifact id: 'cbae2ac29d9e6d8b15c9cb34bf15e2c9') in 0.000343 seconds
Start importing Packages/com.unity.cloud.gltfast/Runtime/Shader/URP using Guid(befa3dcd29675664fb21078dce008500) Importer(Primary)  -> (artifact id: '73e2d3da9a1ddd28d4d8a793ce2ee73d') in 0.000318 seconds
Start importing Packages/com.unity.test-framework/UnityEngine.TestRunner/Utils/MonoBehaviourTest using Guid(ce8da628f68c7594b8b9a597fa52db7b) Importer(Primary)  -> (artifact id: 'e491c4df2694a4a5dfdbc8e8fe0c7f01') in 0.000340 seconds
Start importing Packages/com.unity.test-framework/UnityEditor.TestRunner/TestRunner/Utils using Guid(1f5bbb88ca730434483440cbc0278ef6) Importer(Primary)  -> (artifact id: '2aa3bf915bb5d9643d06c3b1c9378599') in 0.000378 seconds
Start importing Packages/com.unity.cloud.gltfast/Runtime/Scripts/Schema using Guid(ffda2751a985d437aa9535cccba413a2) Importer(Primary)  -> (artifact id: '77b31dc6a8d0e89872b7cafe2a95ff5b') in 0.000336 seconds
Start importing Packages/com.unity.cloud.gltfast/Runtime/Scripts/Newtonsoft/Schema using Guid(f8acfb6db3f3c492ab195e730ba16ed7) Importer(Primary)  -> (artifact id: 'd0c584c0ff5f70279fd23ac5a69fe215') in 0.000315 seconds
Start importing Packages/com.unity.cloud.gltfast/Runtime/Scripts/Schema/FakeSchema using Guid(6e048fb1006e548b68d3d5b84d2e4669) Importer(Primary)  -> (artifact id: 'c09f48f407501b066bfbd47dd593d769') in 0.000315 seconds
Start importing Packages/com.unity.cloud.gltfast/Runtime/Shader/Built-In/glTFIncludes using Guid(3f62a875b6e4a436bbefc57db5b46197) Importer(Primary)  -> (artifact id: 'b3c80f7ec589f9723018f3eb0df067d0') in 0.000369 seconds
Start importing Packages/com.unity.burst/Unity.Burst.CodeGen/Unity.Burst.Cecil.Pdb.dll using Guid(61f68ecf9182840f7a8c8f0a7cbbbc47) Importer(Primary)  -> (artifact id: '3506ec28445f105c5e60abdce9d09bd8') in 0.006289 seconds
Start importing Packages/com.unity.collections/Unity.Collections.LowLevel.ILSupport/Unity.Collections.LowLevel.ILSupport.dll using Guid(c1cfdf44d5b6d1e9aa671a48032fee86) Importer(Primary)  -> (artifact id: '616ef2b52410e70afd4dc02ef90eba87') in 0.002879 seconds
Start importing Packages/com.unity.ext.nunit/net35/unity-custom/nunit.framework.dll using Guid(f1605f5534186904fa2c4c42acbfe01e) Importer(Primary)  -> (artifact id: '402aedebe35fc567924da2ddd44debe7') in 0.002780 seconds
Start importing Packages/com.unity.burst/Unity.Burst.CodeGen/Unity.Burst.Cecil.Mdb.dll using Guid(74f442ba825df4d0483995eadabb1fd4) Importer(Primary)  -> (artifact id: '805ced56a4bf3a6eec010be243f0ae87') in 0.002835 seconds
Start importing Packages/com.unity.burst/Unity.Burst.CodeGen/Unity.Burst.Cecil.dll using Guid(c494744dbcf1c45e0b4d7431ab1a16d9) Importer(Primary)  -> (artifact id: '494fd29006aa0149a7cc0a32706ebe1c') in 0.002484 seconds
Start importing Packages/com.unity.burst/Unity.Burst.Unsafe.dll using Guid(9ac5be0090514aa8b35011788efe5757) Importer(Primary)  -> (artifact id: 'ae770e36176e2b2e6a678a1ed2c3676c') in 0.002655 seconds
Start importing Packages/com.unity.burst/Unity.Burst.CodeGen/Unity.Burst.Cecil.Rocks.dll using Guid(fc89006ebb6404ae7b55bf130d290f91) Importer(Primary)  -> (artifact id: 'af9b1dcf1d53d97cbbe69ef29fd40502') in 0.002963 seconds
Start importing Packages/com.unity.cloud.gltfast/Plugins/UnityCloudGltfast.xcprivacy using Guid(be44ec34bf0bd465eafeb36d836c9015) Importer(Primary)  -> (artifact id: 'c9fdd5e546989e2d2c3c16a3314f0796') in 0.001339 seconds
Start importing Packages/com.unity.mathematics/Tests/Unity.Mathematics.Tests.asmdef using Guid(904d80dccad704a3f95e42bd0ad5d960) Importer(Primary)  -> (artifact id: '842b1df6d39e7851486290c052711da8') in 0.001554 seconds
Start importing Packages/com.unity.collections/Unity.Collections/Unity.Collections.asmdef using Guid(e0cd26848372d4e5c891c569017e11f1) Importer(Primary)  -> (artifact id: 'fe83b57e1d440a503ab90b572bd4529b') in 0.001375 seconds
Start importing Packages/com.unity.collections/DocCodeSamples.Tests/DocCodeSamples.Tests.asmdef using Guid(d1fecb7e41996c7468b18df518b721d9) Importer(Primary)  -> (artifact id: '7f59cdbe4362bba92589d1c54ddae447') in 0.001223 seconds
Start importing Packages/com.unity.mathematics/Unity.Mathematics.Editor/Unity.Mathematics.Editor.asmdef using Guid(329b4ccd385744985bf3f83cfd77dfe7) Importer(Primary)  -> (artifact id: 'ad5a36acedcf905840aa4e203f20073f') in 0.001200 seconds
Start importing Packages/com.unity.cloud.gltfast/Runtime/Scripts/glTFast.asmdef using Guid(a42927d1d4a3b4cda9b076a7adecb9cc) Importer(Primary)  -> (artifact id: '3cf4bfca9187291b2fd89081aadd551a') in 0.001219 seconds
Start importing Packages/com.unity.cloud.gltfast/Runtime/Scripts/Newtonsoft/glTFast.Newtonsoft.asmdef using Guid(25ace1f7ded6f48c0a8abf5ef590456e) Importer(Primary)  -> (artifact id: '0d61fdb720fa312464348a1b8bc6a36b') in 0.001337 seconds
Start importing Packages/com.unity.burst/Runtime/Unity.Burst.asmdef using Guid(2665a8d13d1b3f18800f46e256720795) Importer(Primary)  -> (artifact id: 'a018d61fb458a39e3dac1fada2e5d12e') in 0.001227 seconds
Start importing Packages/com.unity.cloud.gltfast/Editor/Scripts/glTFast.Editor.asmdef using Guid(76676817d91ba4f44b4aa7df71867256) Importer(Primary)  -> (artifact id: 'd65159dcdf21eaddc95e132cad009b3d') in 0.001425 seconds
Start importing Packages/com.unity.cloud.gltfast/Runtime/Scripts/DOTS/glTFast.dots.asmdef using Guid(d688d3cbc2c1041f68fa250ae633471b) Importer(Primary)  -> (artifact id: '725a564868b23225a37fe4a015e18e2c') in 0.001368 seconds
Start importing Packages/com.unity.test-framework/UnityEngine.TestRunner/UnityEngine.TestRunner.asmdef using Guid(27619889b8ba8c24980f49ee34dbb44a) Importer(Primary)  -> (artifact id: '1dd169f4979ef4bf03adb8d9c6851b93') in 0.001481 seconds
Start importing Packages/com.unity.burst/Editor/Unity.Burst.Editor.asmdef using Guid(b75d3cd3037d383a8d1e2f9a26d73d8a) Importer(Primary)  -> (artifact id: '558183757dc7a118d783a5a4f7fd93fb') in 0.001572 seconds
Start importing Packages/com.unity.mathematics/Unity.Mathematics/Unity.Mathematics.asmdef using Guid(d8b63aba1907145bea998dd612889d6b) Importer(Primary)  -> (artifact id: '4ef64bfdc30efad3fbe693e6a42c1f58') in 0.001292 seconds
Start importing Packages/com.unity.test-framework/UnityEditor.TestRunner/UnityEditor.TestRunner.asmdef using Guid(0acc523941302664db1f4e527237feb3) Importer(Primary)  -> (artifact id: 'fd7fd473e647141ed67317162ea6c7c3') in 0.001261 seconds
Start importing Packages/com.unity.collections/Unity.Collections.Tests/Unity.Collections.Tests.asmdef using Guid(ebbea1c70c20149eea64c53647a70872) Importer(Primary)  -> (artifact id: 'f9dc6d977f686137ea913cd8007b14e5') in 0.001617 seconds
Start importing Packages/com.unity.burst/Unity.Burst.CodeGen/Unity.Burst.CodeGen.asmdef using Guid(9c6dda6c7922c624cb7ea9a7f1c7d54a) Importer(Primary)  -> (artifact id: 'a6b04f3f932829abff110f96f79565b3') in 0.001778 seconds
Start importing Packages/com.unity.collections/Unity.Collections.Tests.Playmode/Unity.Collections.Tests.Playmode.asmdef using Guid(5e96082520aa86a458e400b89afe93a4) Importer(Primary)  -> (artifact id: '967fd43d055ca703c6e44a6fefb08c9d') in 0.001204 seconds
Start importing Packages/com.unity.cloud.gltfast/Runtime/Scripts/Export/glTFast.Export.asmdef using Guid(5e7ba8d6d26c84943b64dd07bd1c9510) Importer(Primary)  -> (artifact id: 'a32ad19c098119eb496c61d1fc9cf7a7') in 0.001363 seconds
Start importing Packages/com.unity.collections/Unity.Collections.BurstCompatibilityGen/Unity.Collections.BurstCompatibilityGen.asmdef using Guid(4f5c0c83dfd6a0743834baba2b4de79e) Importer(Primary)  -> (artifact id: '6a51ad716569e5b20f9294f5b550891b') in 0.001230 seconds
Start importing Packages/com.unity.cloud.gltfast/DocExamples/glTFast.Documentation.Examples.asmdef using Guid(8f5c1be42eb774f4e8372825ac2e4d50) Importer(Primary)  -> (artifact id: '536633670f7adcc143a4a51e0cc92b40') in 0.001330 seconds
Start importing Packages/com.unity.cloud.gltfast/Runtime/Scripts/Newtonsoft/Schema/glTFast.Newtonsoft.Schema.asmref using Guid(90c6fa51ee8d2422ea41431cc8740008) Importer(Primary)  -> (artifact id: 'a73325acd74ebaf32e2219efb1e69f4c') in 0.001430 seconds
Start importing Packages/com.unity.cloud.gltfast/Runtime/Scripts/Schema/glTFast.Schema.asmref using Guid(725183ec9f23d44038632c926fd92512) Importer(Primary)  -> (artifact id: '680d9b50bd56769a8a1efeae03fb3a68') in 0.001404 seconds
Start importing Packages/com.unity.cloud.gltfast/Runtime/Scripts/Loading/glTFast.Loading.asmref using Guid(c59dc20df2b5b4252b971468cf766cec) Importer(Primary)  -> (artifact id: 'b2f953b4338c53abfd383aa1da52b4aa') in 0.001385 seconds
Start importing Packages/com.unity.burst/Runtime/Editor/Unity.Burst.ForEditor.asmref using Guid(268a64be2367b3248a24f317d458861a) Importer(Primary)  -> (artifact id: '5cbfed8bd501eab120ae6587f197ee7b') in 0.002192 seconds
Start importing Packages/com.unity.cloud.gltfast/Runtime/Scripts/Material/glTFast.Material.asmref using Guid(f695d81b6b47d4969b6343e0b1c11df9) Importer(Primary)  -> (artifact id: '6d9cd4cadcc831bbd1f02815ee362bfa') in 0.001645 seconds
Start importing Packages/com.unity.cloud.gltfast/Runtime/Scripts/Schema/FakeSchema/glTFast.FakeSchema.asmref using Guid(d7dc650b4e7b345c69a42cb7f48d746d) Importer(Primary)  -> (artifact id: 'bee836e5430680bce7aed3f2ec936ae5') in 0.001603 seconds
Start importing Packages/com.unity.cloud.gltfast/Runtime/Scripts/ImportAddons/glTFast.ImportAddons.asmref using Guid(ec779b518e41d401aae8acfebf59cd40) Importer(Primary)  -> (artifact id: '88ec01a127550df6c5a71b039a8d3931') in 0.001275 seconds
Start importing Packages/com.unity.cloud.gltfast/Runtime/Scripts/Logging/glTFast.Logging.asmref using Guid(4ea1f6c601ae94da49ff11d464a2c0d6) Importer(Primary)  -> (artifact id: 'a160b276dc4a153fee41b9c33ae9fc75') in 0.001223 seconds
Start importing Packages/com.unity.burst/Runtime/Intrinsics/x86/Common.cs using Guid(000378914c63384c8062cbad18605802) Importer(Primary)  -> (artifact id: 'f59f1bf5df3f338548de4c279306c7b2') in 0.001561 seconds
Start importing Packages/com.unity.cloud.gltfast/Runtime/Scripts/Schema/FakeSchema/MeshPrimitive.cs using Guid(00472b2144fe64d769c3626c4cb7a7ec) Importer(Primary)  -> (artifact id: 'c344b353ebe89b4f6722f88a47b64624') in 0.001430 seconds
Start importing Packages/com.unity.mathematics/Tests/Tests/Shared/TestDouble4x4.gen.cs using Guid(1021c7218a1b3894ba0a61ae37e36a8c) Importer(Primary)  -> (artifact id: '19f57bb12a0510c0f3766d4c1253b2a8') in 0.001291 seconds
Start importing Packages/com.unity.mathematics/Tests/Tests/Shared/TestUint2x2.gen.cs using Guid(103b5058df216b7488fb5bf96d18666e) Importer(Primary)  -> (artifact id: '3f095366c1cab6cd4a05db947871ab2c') in 0.001390 seconds
Start importing Packages/com.unity.test-framework/UnityEngine.TestRunner/TestRunner/PlaymodeTestsController.cs using Guid(102e512f651ee834f951a2516c1ea3b8) Importer(Primary)  -> (artifact id: '7b9d5f117b27e5ec0f35a257ed7b1c38') in 0.001231 seconds
Start importing Packages/com.unity.test-framework/UnityEditor.TestRunner/UnityTestProtocol/TestRunnerApiMapper.cs using Guid(2011a59d3f76b3d4a85cb53f945fceee) Importer(Primary)  -> (artifact id: 'dccad77ba95f6d41d0a606f773711fcd') in 0.001738 seconds
Start importing Packages/com.unity.test-framework/UnityEngine.TestRunner/TestRunner/Callbacks/RemoteTestResultSender.cs using Guid(20793418366caf14293b29c55df5e9ec) Importer(Primary)  -> (artifact id: '0ddf0249d5fb5586c71e9b5660ebeda0') in 0.001354 seconds
Start importing Packages/com.unity.test-framework/UnityEditor.TestRunner/TestRunner/Utils/EditorAssemblyWrapper.cs using Guid(20cdb37e6fea6d946bbb84d2c923db85) Importer(Primary)  -> (artifact id: '9c9de2ae7139500a9b13b0d7d7baeccd') in 0.001320 seconds
Start importing Packages/com.unity.test-framework/UnityEditor.TestRunner/GUI/IAssetsDatabaseHelper.cs using Guid(208e46d59ff6e304db0318377d20f5a1) Importer(Primary)  -> (artifact id: '47aec240308d1e80304d75514df271be') in 0.001311 seconds
Start importing Packages/com.unity.cloud.gltfast/Runtime/Scripts/Export/IGltfWritable.cs using Guid(3023c5f428f814fa882cdf62151c871e) Importer(Primary)  -> (artifact id: 'f0c1551f9376dd456f59a302ba157917') in 0.001677 seconds
Start importing Packages/com.unity.cloud.gltfast/Runtime/Scripts/Export/GltfBuiltInShaderMaterialExporter.cs using Guid(30e694814871f44c2b0ae4330e438a97) Importer(Primary)  -> (artifact id: '314d0b20a7ee7ff14efe1342e87a6ade') in 0.001762 seconds
Start importing Packages/com.unity.mathematics/Unity.Mathematics.Editor/MatrixDrawer.cs using Guid(407410bec194a4cfe929933685bb80a7) Importer(Primary)  -> (artifact id: 'aa58c948dbc446376650927019002937') in 0.001459 seconds
Start importing Packages/com.unity.test-framework/UnityEditor.TestRunner/TestRunner/Messages/ExitPlayMode.cs using Guid(408674d91d506a54aac9a7f07951c018) Importer(Primary)  -> (artifact id: '1d093d7b366f024a9a993c4374ad2a83') in 0.001415 seconds
Start importing Packages/com.unity.collections/Unity.Collections.Tests/NativeHashSetTests.gen.cs using Guid(400ea57eaa639b547a8553b7678f167a) Importer(Primary)  -> (artifact id: '56ebf407cb34a91e6edf78fb7bc2bba7') in 0.001643 seconds
Start importing Packages/com.unity.cloud.gltfast/Runtime/Scripts/Schema/Accessor.cs using Guid(506d97faec79b45fa8ac3bdcf14a6e9c) Importer(Primary)  -> (artifact id: 'f2b3ad42410552bf7470fecd408ff0fc') in 0.001749 seconds
Start importing Packages/com.unity.cloud.gltfast/Runtime/Scripts/ImportAddons/ImportAddon.cs using Guid(60192bafea80147da90573965b25b57a) Importer(Primary)  -> (artifact id: '62704d01f1efa84270fe61f80373cbf1') in 0.001441 seconds
Start importing Packages/com.unity.cloud.gltfast/Runtime/Scripts/Newtonsoft/Schema/AccessorSparseIndices.cs using Guid(606b35948c24d483ebd384027ba72596) Importer(Primary)  -> (artifact id: '52c4918bc7458eadca7bf80bfde75534') in 0.001637 seconds
Start importing Packages/com.unity.test-framework/UnityEngine.TestRunner/NUnitExtensions/Attributes/UnityTearDownAttribute.cs using Guid(600f4b74746dbf944901257f81a8af6d) Importer(Primary)  -> (artifact id: '2ceda07704c0232da80948648073e47f') in 0.001454 seconds
Start importing Packages/com.unity.mathematics/Unity.Mathematics/float2x4.gen.cs using Guid(70c2d51ac2a824bdb88b239c4fa6122c) Importer(Primary)  -> (artifact id: '8112626e92c158d1064e16c0212e4218') in 0.001501 seconds
Start importing Packages/com.unity.test-framework/UnityEditor.TestRunner/TestRunner/Utils/ITestListCacheData.cs using Guid(7043e9a330ac2d84a80a965ada4589ad) Importer(Primary)  -> (artifact id: '25eca7df0c91fcfdee5eb00f02bb44d9') in 0.001535 seconds
Start importing Packages/com.unity.cloud.gltfast/Runtime/Scripts/VertexBufferGeneratorBase.cs using Guid(70f60c91be5174d3b947fac977de43ac) Importer(Primary)  -> (artifact id: 'd3f9066e307a8f65133f72dc53c209cb') in 0.001697 seconds
Start importing Packages/com.unity.cloud.gltfast/Runtime/Scripts/Schema/MaterialSpecular.cs using Guid(703b3e092576b4966bde5beebac9521b) Importer(Primary)  -> (artifact id: '84fa38f0629f0979ac4592217eda4627') in 0.001686 seconds
Start importing Packages/com.unity.test-framework/UnityEditor.TestRunner/GUI/UITestRunnerFilter.cs using Guid(8069e1fc631e461ababf11f19a9c0df3) Importer(Primary)  -> (artifact id: 'd6f17664401c37573e5ea08c092b7486') in 0.001663 seconds
Start importing Packages/com.unity.test-framework/UnityEditor.TestRunner/Api/ITestAdaptorFactory.cs using Guid(803abab0f7e17044db56f8760186dbd1) Importer(Primary)  -> (artifact id: 'e22627768cd9ae3c8004c0ebd3a3ee9e') in 0.001479 seconds
Start importing Packages/com.unity.collections/Unity.Collections/xxHash3.AVX2.cs using Guid(80ca4f6f8df346a7b0719fe317b538ac) Importer(Primary)  -> (artifact id: 'e69b45aeb0ca9bc2fa59b3834442b846') in 0.001511 seconds
Start importing Packages/com.unity.test-framework/UnityEditor.TestRunner/TestRun/TestJobData.cs using Guid(80ac8f5b2a7fa904dbc80111be88c8be) Importer(Primary)  -> (artifact id: 'b9612732f0f7bd1c28f62098808623d2') in 0.001560 seconds
Start importing Packages/com.unity.test-framework/UnityEditor.TestRunner/UnityTestProtocol/IUtpLogger.cs using Guid(9014630255533ed42915965b4065cde8) Importer(Primary)  -> (artifact id: '37be66aa99ed19d8bb27ba8dc29223c1') in 0.001369 seconds
Start importing Packages/com.unity.mathematics/Unity.Mathematics/int4.gen.cs using Guid(9057960b12f46654798f69c411172f73) Importer(Primary)  -> (artifact id: '1c39a68305ca0d87a330dbb13bf0ffe4') in 0.001541 seconds
Start importing Packages/com.unity.test-framework/UnityEditor.TestRunner/UnityTestProtocol/UnityTestProtocolListener.cs using Guid(900aac3710bc14542a8d164e3f0ff820) Importer(Primary)  -> (artifact id: 'a68f5d7b9b24975cd71f033100b8a6d0') in 0.001434 seconds
Start importing Packages/com.unity.test-framework/UnityEditor.TestRunner/TestRunner/EnumeratorStepHelper.cs using Guid(901b761c5c1e22d4e8a3ba7d95bc1f5d) Importer(Primary)  -> (artifact id: '1d92c078640c92bf2cb74430b6067deb') in 0.001278 seconds
Start importing Packages/com.unity.test-framework/UnityEngine.TestRunner/Utils/MonoBehaviourTest/IMonoBehaviourTest.cs using Guid(a002d3737b873954395b7cf862873ab8) Importer(Primary)  -> (artifact id: '449ec23444ec99c13adff3358750a2f5') in 0.001892 seconds
Start importing Packages/com.unity.test-framework/UnityEngine.TestRunner/TestRunner/RuntimeTestRunnerFilter.cs using Guid(a025ba7ee40d0104db8d08b1d9eabb0d) Importer(Primary)  -> (artifact id: '7051dd9e32844b50698fc0a4eb466b6d') in 0.001485 seconds
Start importing Packages/com.unity.burst/Runtime/Intrinsics/Arm/NEON_AArch64.cs using Guid(a097ced0beed3e04abd3fa933657e0c3) Importer(Primary)  -> (artifact id: '5fa21a33c237feec389b9037f5eeecb6') in 0.001447 seconds
Start importing Packages/com.unity.test-framework/UnityEditor.TestRunner/TestRun/Tasks/BuildTestTreeTask.cs using Guid(a0288e1c9324e824bab7e2044a72a434) Importer(Primary)  -> (artifact id: 'e836e1d27976132204947b96fccbd239') in 0.002161 seconds
Start importing Packages/com.unity.cloud.gltfast/Runtime/Scripts/Newtonsoft/Schema/NodeExtensions.cs using Guid(a038ede9ef47744828e7f326d9a1dead) Importer(Primary)  -> (artifact id: '7d117d56361389fbac15fb230961514e') in 0.001285 seconds
Start importing Packages/com.unity.mathematics/Tests/Tests/Shared/TestBool2x3.gen.cs using Guid(a058a163908539c4d9aa34e925e16c84) Importer(Primary)  -> (artifact id: 'd14e97a808cfb3ccd7dab2db90e007f7') in 0.001843 seconds
Start importing Packages/com.unity.test-framework/UnityEditor.TestRunner/GUI/TestRunnerResult.cs using Guid(a04a45bbed9e1714f9902fc9443669b9) Importer(Primary)  -> (artifact id: '0d4a162df2c8a577176917da16ab81b4') in 0.001430 seconds
Start importing Packages/com.unity.mathematics/Unity.Mathematics/Noise/noise4D.cs using Guid(b0d0317cc486b452580ad028220b03bf) Importer(Primary)  -> (artifact id: '2a6c390b58a96e9f0db2a92899517c47') in 0.001218 seconds
Start importing Packages/com.unity.mathematics/Tests/Tests/TestMath2.cs using Guid(b0783b280ba38504faba05db473c408b) Importer(Primary)  -> (artifact id: '4a91dfd414e88b569cb9e1e1743a5c5e') in 0.001300 seconds
Start importing Packages/com.unity.collections/Unity.Collections/NativeNotBurstCompatible.cs using Guid(b029fb97ffda0ec4aaa9d76de93a0608) Importer(Primary)  -> (artifact id: '08b99411acd630d9f055eed02df97fe5') in 0.001647 seconds
Start importing Packages/com.unity.cloud.gltfast/Runtime/Scripts/Schema/Scene.cs using Guid(b0bdde4ff07164139bff05c561321ac2) Importer(Primary)  -> (artifact id: '767d32ebbb8513b0f67c03fd358d9b5c') in 0.001166 seconds
Start importing Packages/com.unity.burst/Runtime/BurstCompileAttribute.cs using Guid(c0bbf37c91f333828d3f05b922bc839d) Importer(Primary)  -> (artifact id: 'dea3d7b6ccf05378e532c6d5e0436dc8') in 0.001532 seconds
Start importing Packages/com.unity.burst/Runtime/FunctionPointer.cs using Guid(d0f0ce9b0e7739228810ce3bc2330437) Importer(Primary)  -> (artifact id: 'b6b04c6091c863a078e8d7a8f078df9d') in 0.001878 seconds
Start importing Packages/com.unity.test-framework/UnityEditor.TestRunner/Api/TestResultAdaptor.cs using Guid(d061ada5d3169454daf54243390b5fdb) Importer(Primary)  -> (artifact id: 'b69af766d0b40b16221dbeb6759689cb') in 0.001365 seconds
Start importing Packages/com.unity.test-framework/UnityEditor.TestRunner/GUI/GuiHelper.cs using Guid(d0138170d24533e47b8e6c250c6d7fbc) Importer(Primary)  -> (artifact id: '373cc32734e8a8b16805aafb5aa2e4c5') in 0.002332 seconds
Start importing Packages/com.unity.test-framework/UnityEditor.TestRunner/Api/TestAdaptorFactory.cs using Guid(d0663d520c26b7c48a4135599e66acf8) Importer(Primary)  -> (artifact id: '4b646fb9ee6b09f96df9ec3f934efd8c') in 0.002135 seconds
Start importing Packages/com.unity.test-framework/UnityEngine.TestRunner/Assertions/AllocatingGCMemoryConstraint.cs using Guid(d09858396dd7adb4bbdb22ea0c8c3a37) Importer(Primary)  -> (artifact id: '92baf8091c8dea6027ec9d0a60c6234b') in 0.001712 seconds
Start importing Packages/com.unity.cloud.gltfast/Runtime/Scripts/Export/NonReadableMeshData.cs using Guid(d069bccc929e4e9db8f89f1775102de8) Importer(Primary)  -> (artifact id: '5863574b5d8a045e97f5a3d03e97aab3') in 0.001369 seconds
Start importing Packages/com.unity.cloud.gltfast/Runtime/Scripts/MeshSubset.cs using Guid(d00a3798162c4232899f1d0f53e6f366) Importer(Primary)  -> (artifact id: '731970eb842ffb8dcf1f5badc000400f') in 0.001501 seconds
Start importing Packages/com.unity.test-framework/UnityEditor.TestRunner/UnityTestProtocol/UtpDebuglogger.cs using Guid(d0abdd8cb6b29a24c8ee19626ef741b9) Importer(Primary)  -> (artifact id: '4f06f0e1613bb821e5134b1583266184') in 0.001330 seconds
Start importing Packages/com.unity.mathematics/Unity.Mathematics/double4x4.gen.cs using Guid(e000b5ccaea0345d8b4686220f3307ed) Importer(Primary)  -> (artifact id: 'f544aea6800e881c37f025d4c76db3f1') in 0.001330 seconds
Start importing Packages/com.unity.cloud.gltfast/Runtime/Scripts/Newtonsoft/Schema/GltfAnimation.cs using Guid(e0f5548c8c67d4d43a43602cdad44bbe) Importer(Primary)  -> (artifact id: '68140883cd4f30ea13f841344d798fbd') in 0.001260 seconds
Start importing Packages/com.unity.cloud.gltfast/Runtime/Scripts/ImageFormatDetection.cs using Guid(e07adbd466fd2475aa432ccd167a9919) Importer(Primary)  -> (artifact id: '4c034338efb6c49c5f9a2de785776f17') in 0.001422 seconds
Start importing Packages/com.unity.test-framework/UnityEngine.TestRunner/NUnitExtensions/Commands/SetUpTearDownCommand.cs using Guid(e0db3f3921670cd4ca2e925737c3fba4) Importer(Primary)  -> (artifact id: '31f2047701a2f80bf5ecaf232b661c81') in 0.001298 seconds
Start importing Packages/com.unity.mathematics/Unity.Mathematics/Geometry/MinMaxAABB.cs using Guid(e0eb9224bcb474ac091e7d7f2780d61d) Importer(Primary)  -> (artifact id: '728d1764d599c22a0cabdf593116b3bc') in 0.001450 seconds
Start importing Packages/com.unity.burst/Unity.Burst.CodeGen/CecilExtensions.cs using Guid(f0f1d1ee0d88384188ad6cdcffc5e9d8) Importer(Primary)  -> (artifact id: '4b43f63df5cf5c0063a0512c74508a1a') in 0.003139 seconds
Start importing Packages/com.unity.cloud.gltfast/Runtime/Scripts/MaterialsVariants/MaterialsVariantsSlotInstances.cs using Guid(f06acd2926d54cfe8dd39f82cc6d403a) Importer(Primary)  -> (artifact id: 'efd41fdc9d0a15d7cd8dbd4a272d9eca') in 0.001591 seconds
Start importing Packages/com.unity.collections/Unity.Collections.Tests/UnsafeStreamTests.cs using Guid(f07b7acbd86c449cbe60089bd4f5a245) Importer(Primary)  -> (artifact id: '0c95f25ad7fa94884431b92fbd87e1cb') in 0.001482 seconds
Start importing Packages/com.unity.burst/Runtime/Intrinsics/x86/Sse2.cs using Guid(f0de54c00de3304699fdf0bedf123944) Importer(Primary)  -> (artifact id: '68f7e65c719b6252e4bc9848ea9ecac3') in 0.001241 seconds
Start importing Packages/com.unity.test-framework/UnityEngine.TestRunner/NUnitExtensions/Filters/FullNameFilter.cs using Guid(f07fb40f4e944ebeb84eb8f8a6bb5b13) Importer(Primary)  -> (artifact id: '4468c957c80a6f6c03363c197ba24dfc') in 0.001528 seconds
Start importing Packages/com.unity.cloud.gltfast/Runtime/Scripts/GltfGlobals.cs using Guid(0123911964fe5450198d7ea7a89cf710) Importer(Primary)  -> (artifact id: 'b605bb5dd91016b1143f16ba3651cf9c') in 0.001164 seconds
Start importing Packages/com.unity.cloud.gltfast/Runtime/Scripts/short3.cs using Guid(1180b2b47703400c811e91f629dddfdf) Importer(Primary)  -> (artifact id: '6ec2b94d51c53bb3b4cbc28b3690698a') in 0.001503 seconds
Start importing Packages/com.unity.cloud.gltfast/DocExamples/WebpTextureAddon.cs using Guid(11436a5eff90a40d0ade007fef446742) Importer(Primary)  -> (artifact id: '57d9890f4f51a1af6d9cacac611ddce5') in 0.001612 seconds
Start importing Packages/com.unity.test-framework/UnityEngine.TestRunner/NUnitExtensions/Runner/CompositeWorkItem.cs using Guid(110d5035a36a6a34580fb65bb40cd78f) Importer(Primary)  -> (artifact id: 'bb93195ceb0fb4d1c473240520f8547a') in 0.001370 seconds
Start importing Packages/com.unity.cloud.gltfast/Runtime/Scripts/MaterialsVariants/IMaterialsVariantsSlotInstance.cs using Guid(119d662d0bf54ab2a3c2579b111ae03e) Importer(Primary)  -> (artifact id: '8e10455db60eda555d8172e46fc19c52') in 0.001679 seconds
Start importing Packages/com.unity.cloud.gltfast/Runtime/Scripts/IGltfBuffers.cs using Guid(2127d6f76b2ef49cfafdc56c2e461d00) Importer(Primary)  -> (artifact id: '5b702577527249c0825774852350c06d') in 0.001485 seconds
Start importing Packages/com.unity.mathematics/Unity.Mathematics/bool3x2.gen.cs using Guid(21b83123b388e4dcb80da9576a60ebd2) Importer(Primary)  -> (artifact id: 'e28bf1b623bb21b117215f56351a17ad') in 0.001190 seconds
Start importing Packages/com.unity.cloud.gltfast/DocExamples/AssemblyInfo.cs using Guid(21f888a80e8fb4054b3b6f9366cec295) Importer(Primary)  -> (artifact id: '9fc08cde2c899b9427247cdcebc7ad70') in 0.001147 seconds
Start importing Packages/com.unity.mathematics/Unity.Mathematics/int3x3.gen.cs using Guid(217c0fb9c97594ff38dc97fdce4fc117) Importer(Primary)  -> (artifact id: '2bbd791e439ce7b24a9fa387f38cff2e') in 0.001207 seconds
Start importing Packages/com.unity.cloud.gltfast/Runtime/Scripts/ImageImport.cs using Guid(213d06a8844b84e43a4678ca03d2ab2c) Importer(Primary)  -> (artifact id: '62cebd6660c82ba96eda1f2de5e8c47c') in 0.001157 seconds
Start importing Packages/com.unity.burst/Runtime/CompilerServices/Loop.cs using Guid(31e17c7531d63dcfa71f892d658bc44c) Importer(Primary)  -> (artifact id: 'ada092da96b9954ff3ed52e7b26ce2df') in 0.001291 seconds
Start importing Packages/com.unity.cloud.gltfast/Runtime/Scripts/Export/MetaMaterialExportBuiltIn.cs using Guid(312797c5e915b49378d46e3b89b975a1) Importer(Primary)  -> (artifact id: 'e1ab57ca181971e673d565371db9ff13') in 0.001367 seconds
Start importing Packages/com.unity.test-framework/UnityEngine.TestRunner/TestRunner/RemoteHelpers/PlayerConnectionMessageIds.cs using Guid(41d60936b62cc6d4ca7fe628b22b0e40) Importer(Primary)  -> (artifact id: '7b479fc46b2bd8ebc8c1cf55c7e692d7') in 0.001314 seconds
Start importing Packages/com.unity.cloud.gltfast/Runtime/Scripts/Logging/LogMessages.cs using Guid(4127c6088fc404bbfa293fd6116629df) Importer(Primary)  -> (artifact id: 'b15eb80f8a978b2db9254f4d062c3f4e') in 0.001391 seconds
Start importing Packages/com.unity.mathematics/Unity.Mathematics/double3x4.gen.cs using Guid(419ac95b4026548c39e12d2aa34922d6) Importer(Primary)  -> (artifact id: 'cb8cc7be9f28c24533ec1c0847c6847c') in 0.001227 seconds
Start importing Packages/com.unity.collections/Unity.Collections/NativeArrayExtensions.cs using Guid(41cc650015014737ae58d20e77323080) Importer(Primary)  -> (artifact id: '4afcd09bf90dbd17672d457a5a895083') in 0.001207 seconds
Start importing Packages/com.unity.cloud.gltfast/Runtime/Scripts/Export/GltfMaterialExporter.cs using Guid(41cd6c28a0b7473a8c4a8705f5c792f4) Importer(Primary)  -> (artifact id: '290d5e40acd83717c414b98f8dccd0a5') in 0.001331 seconds
Start importing Packages/com.unity.cloud.gltfast/Runtime/Scripts/ReadOnlyDisposableData.cs using Guid(51b856365a70451faedc9b1c0d4a38a4) Importer(Primary)  -> (artifact id: '1f1982307b9a1304029287db6b12ff20') in 0.001265 seconds
Start importing Packages/com.unity.cloud.gltfast/Runtime/Scripts/Schema/GltfAnimation.cs using Guid(512cfa0fbdd41466b9f5af5c69fbdbab) Importer(Primary)  -> (artifact id: '62709f882cc9f0007dc5d77f830b13eb') in 0.001252 seconds
Start importing Packages/com.unity.mathematics/Unity.Mathematics/Properties/AssemblyInfo.cs using Guid(512db12834bb1f645a5c18af6c16e398) Importer(Primary)  -> (artifact id: 'ebbb537e901f01ac4ceaf24a0ab74842') in 0.001239 seconds
Start importing Packages/com.unity.cloud.gltfast/Runtime/Scripts/UvTransform.cs using Guid(510ed86a32ba54bd686670620424afbc) Importer(Primary)  -> (artifact id: '5094b278e61eb5ebee83f333b248ed94') in 0.001644 seconds
Start importing Packages/com.unity.test-framework/UnityEditor.TestRunner/TestRun/TestJobDataHolder.cs using Guid(612b00d793cac3c49808ab3ee5428f16) Importer(Primary)  -> (artifact id: '366ac07a32a5919b0f91a224e6e68d05') in 0.001296 seconds
Start importing Packages/com.unity.mathematics/Unity.Mathematics/PropertyAttributes.cs using Guid(61cbbdd02bb00406b94029228cb3b73b) Importer(Primary)  -> (artifact id: '8aaf28c712b7c892c270f4fb76d7a18b') in 0.001461 seconds
Start importing Packages/com.unity.mathematics/Tests/Tests/Shared/TestDouble3.gen.cs using Guid(617e00812628df941a5b85ca46e4ca9d) Importer(Primary)  -> (artifact id: '2194dcb9d7dfa0b74a1d9c64250dca24') in 0.001303 seconds
Start importing Packages/com.unity.cloud.gltfast/Runtime/Scripts/Schema/MaterialSheen.cs using Guid(71b4ca25993964299bfded0d03b462a0) Importer(Primary)  -> (artifact id: '5a90fdc6cb5bdb6bd42da0731bc5854e') in 0.001232 seconds
Start importing Packages/com.unity.collections/Unity.Collections.Tests/UnsafeBitArrayTests.cs using Guid(71e8c199da900544d92b3155f4165bba) Importer(Primary)  -> (artifact id: '2992fe9daafb743d4c1fa8c9fa652dfc') in 0.001605 seconds
Start importing Packages/com.unity.cloud.gltfast/Editor/Scripts/GltfImporter.cs using Guid(715df9372183c47e389bb6e19fbc3b52) Importer(Primary)  -> (artifact id: '70db8c07ea453a08e124a9cee4ff60f5') in 0.001982 seconds
Start importing Packages/com.unity.collections/Unity.Collections/FixedStringUtils.cs using Guid(8172d9c91a2b64bca91bb78a3a3d4552) Importer(Primary)  -> (artifact id: 'fc96d85d195cd3df281355f8942348db') in 0.001443 seconds
Start importing Packages/com.unity.cloud.gltfast/Runtime/Scripts/SamplerKey.cs using Guid(81a4096ec93ed3346b0ab71bc8359274) Importer(Primary)  -> (artifact id: '60f50495f7366b34dde4e9b6d4d0b430') in 0.001342 seconds
Start importing Packages/com.unity.mathematics/Unity.Mathematics/uint4x3.gen.cs using Guid(8178bb4bab5354260979dd1f191c22ca) Importer(Primary)  -> (artifact id: '5fb75c641e88777c7954a64b97301faf') in 0.001198 seconds
Start importing Packages/com.unity.cloud.gltfast/Runtime/Scripts/Newtonsoft/Schema/CameraOrthographic.cs using Guid(817c437dba0a640a18827237fb05cade) Importer(Primary)  -> (artifact id: '33c216b25bef5841568bcb62558c456a') in 0.001299 seconds
Start importing Packages/com.unity.test-framework/UnityEngine.TestRunner/NUnitExtensions/Filters/AssemblyNameFilter.cs using Guid(91319408591cec1478efd3c62f9f418a) Importer(Primary)  -> (artifact id: '839a9ff7bad1fe6f0cc278056831a7f0') in 0.001139 seconds
Start importing Packages/com.unity.burst/Unity.Burst.CodeGen/AssemblyResolver.cs using Guid(a1b75159fe183205bba1d83e5e75a734) Importer(Primary)  -> (artifact id: '7debf58fc935deee7c443a019b06674b') in 0.001252 seconds
Start importing Packages/com.unity.collections/Unity.Collections/UnsafeBitArray.cs using Guid(a1b7be6af453f88438d32c371f28015c) Importer(Primary)  -> (artifact id: '5a80297d3e00ebb7648625ad9057eec9') in 0.001610 seconds
Start importing Packages/com.unity.test-framework/UnityEngine.TestRunner/TestRunner/RemoteHelpers/RemoteTestData.cs using Guid(b135ec222fdcd11468014c90d11d6821) Importer(Primary)  -> (artifact id: '013c324124e5d8422d1e168963183105') in 0.001889 seconds
Start importing Packages/com.unity.cloud.gltfast/Runtime/Scripts/NativeMemoryManager.cs using Guid(b16b07f680734936ba669c09128d2ed7) Importer(Primary)  -> (artifact id: '948ec061ca189aa7d8e4022581fd2b9a') in 0.001328 seconds
Start importing Packages/com.unity.cloud.gltfast/Runtime/Scripts/Export/KhrLightsPunctual.cs using Guid(c1405713c9cd041e6be13032123a6b21) Importer(Primary)  -> (artifact id: 'cb60ff5f4a6908dddd9407256fd49019') in 0.001164 seconds
Start importing Packages/com.unity.test-framework/UnityEditor.TestRunner/TestLaunchers/PlatformSetup/HMIAndroidPlatformSetup.cs using Guid(c1f5dc6517504b8ebef53634729359c6) Importer(Primary)  -> (artifact id: '07ebc219333ca57fb6eda289fdbf57ef') in 0.001284 seconds
Start importing Packages/com.unity.mathematics/Unity.Mathematics/uint3x3.gen.cs using Guid(c1262616ca00349c28426545d8525266) Importer(Primary)  -> (artifact id: 'dad7ed739c9f1bb9a09aee49a41e07e8') in 0.001094 seconds
Start importing Packages/com.unity.test-framework/UnityEditor.TestRunner/TestLaunchers/PlayerLauncherTestRunSettings.cs using Guid(c1cba6f3ed484514097080a3bb835958) Importer(Primary)  -> (artifact id: '46e5caa05f046537af8b25c2f714937c') in 0.002011 seconds
Start importing Packages/com.unity.cloud.gltfast/Runtime/Scripts/Schema/Texture.cs using Guid(d1b02af694ac34162993448d1b88d7d2) Importer(Primary)  -> (artifact id: '38e102b4b0ec17a4efe89312b0f90fbd') in 0.001440 seconds
Start importing Packages/com.unity.test-framework/UnityEngine.TestRunner/TestRunner/ITestRunnerListener.cs using Guid(d1b534518943030499685344fd1d476d) Importer(Primary)  -> (artifact id: '1802bd9e8be1b5e05be09531073a845a') in 0.001340 seconds
Start importing Packages/com.unity.mathematics/Unity.Mathematics/matrix.gen.cs using Guid(d1064bad8f85342fd912d0d27f279601) Importer(Primary)  -> (artifact id: '5d5273a35c34715be584b4452e7f636b') in 0.001607 seconds
Start importing Packages/com.unity.test-framework/UnityEngine.TestRunner/Utils/PrebuildSceneSetupAttribute.cs using Guid(d1b7ce919aa8864409412e809073cf96) Importer(Primary)  -> (artifact id: 'fe892146c1c5debda15a916e18726805') in 0.001234 seconds
Start importing Packages/com.unity.collections/Unity.Collections/FixedStringInternalMethods.cs using Guid(d1db1dc6fae245e9af37d2ab33aac17a) Importer(Primary)  -> (artifact id: '6aefe14f8a7d3fa6a0415f392145183e') in 0.001803 seconds
Start importing Packages/com.unity.cloud.gltfast/Runtime/Scripts/Export/GltfHdrpMaterialExporter.cs using Guid(e1c6d62fefdee4eb2a65d361a2516ee0) Importer(Primary)  -> (artifact id: '80612359358820ad2b4a2c93ec09d74d') in 0.001219 seconds
Start importing Packages/com.unity.burst/Editor/BurstDisassembler.Core.ARM64.cs using Guid(e1a9d3695935353ba81777d39e2f58b2) Importer(Primary)  -> (artifact id: 'fb8c1826a4db0d77bbffdaa479830e0a') in 0.001198 seconds
Start importing Packages/com.unity.test-framework/UnityEditor.TestRunner/GUI/TestListBuilder/TestTreeViewBuilder.cs using Guid(e17c88b021c2a4c409b3f15b0d80ac62) Importer(Primary)  -> (artifact id: 'fd5c6158f206c6b3cfe4cae67d757e13') in 0.002043 seconds
Start importing Packages/com.unity.cloud.gltfast/Runtime/Scripts/Schema/GltfCamera.cs using Guid(f1c01d072916f45b491af5f6439c6d56) Importer(Primary)  -> (artifact id: 'b3af5e1b0f17dc87bbff5030fede4c94') in 0.001410 seconds
Start importing Packages/com.unity.test-framework/UnityEditor.TestRunner/TestRunner/Utils/TestListCacheData.cs using Guid(f1b6399349763114d9361bc6dfcd025b) Importer(Primary)  -> (artifact id: '8648eb68d10cf45e466dafa5b12c8a71') in 0.001248 seconds
Start importing Packages/com.unity.mathematics/Unity.Mathematics/double3x3.gen.cs using Guid(f1e8e688d7f354f92a78d4d78697150d) Importer(Primary)  -> (artifact id: '2be7dc2be439af736af07262d88cc2a0') in 0.001453 seconds
Start importing Packages/com.unity.cloud.gltfast/Runtime/Scripts/GameObjectSceneInstance.cs using Guid(f12b141c17744ec9b5a3a214c9cb909b) Importer(Primary)  -> (artifact id: 'a88cfb7dbd8ab1fd113b952d6f2011a8') in 0.001158 seconds
Start importing Packages/com.unity.test-framework/UnityEditor.TestRunner/TestRunner/Utils/TestListProvider.cs using Guid(f15cbb987069826429540d0ea0937442) Importer(Primary)  -> (artifact id: '8a9884e49ef386c91f398e9fd03815e2') in 0.001175 seconds
Start importing Packages/com.unity.cloud.gltfast/Runtime/Scripts/Newtonsoft/Schema/Mesh.cs using Guid(f10f6b8c3c89e407b80aba2958af9ef1) Importer(Primary)  -> (artifact id: '4b5d2cd16f330e680ac5e7f773223e9a') in 0.001388 seconds
Start importing Packages/com.unity.burst/Editor/BurstStringSearch.cs using Guid(0224576c59f53daf9685a00fbebecb4f) Importer(Primary)  -> (artifact id: 'ea00d2d576af32bb4eb18b09c747e1ba') in 0.001253 seconds
Start importing Packages/com.unity.burst/Editor/BurstDisassembler.Core.LLVMIR.info.cs using Guid(12c2df7ecc513a518cf19ae97d4c7ede) Importer(Primary)  -> (artifact id: '1f48bc62dcf35bf3b6f7d3473bad5fb8') in 0.001230 seconds
Start importing Packages/com.unity.test-framework/UnityEditor.TestRunner/NUnitExtension/TestRunnerStateSerializer.cs using Guid(124533853216377448d786fd7c725701) Importer(Primary)  -> (artifact id: 'a57b5748345bd2ad15936d3c54ab3fa5') in 0.001229 seconds
Start importing Packages/com.unity.collections/Unity.Collections/UnsafeHashSetExtensions.gen.cs using Guid(12ecb8b66ec0b384c8e19a7d1ff9f3fe) Importer(Primary)  -> (artifact id: '6c1648550a7381425b59e2e86c37e297') in 0.001326 seconds
Start importing Packages/com.unity.cloud.gltfast/Runtime/Scripts/Schema/TextureTransform.cs using Guid(12cf83ecf915b47e1b8e3e779a054f96) Importer(Primary)  -> (artifact id: 'd1326fcc55c06da47b558bc43326b648') in 0.001714 seconds
Start importing Packages/com.unity.test-framework/UnityEngine.TestRunner/Utils/AssemblyProvider/IAssemblyLoadProxy.cs using Guid(12dfd4bdbb5c8e6419432fbc54ef25d9) Importer(Primary)  -> (artifact id: '97a8fce0be439b2d80f24cb9d198b1cb') in 0.001577 seconds
Start importing Packages/com.unity.cloud.gltfast/Runtime/Scripts/Schema/MaterialIor.cs using Guid(22b112ac537d34054a2057faa49ac80f) Importer(Primary)  -> (artifact id: '785106af68f46848a4140b8e2b9846f6') in 0.001489 seconds
Start importing Packages/com.unity.burst/Runtime/Intrinsics/Arm/NEON_AArch64_fp16.cs using Guid(3280a6148aa83ec3be2f6892fa4d8e2d) Importer(Primary)  -> (artifact id: '6b9aa7daee3c14d2a859a9ade4ff16cd') in 0.001357 seconds
Start importing Packages/com.unity.collections/Unity.Collections.Tests/NativeQueueTests.cs using Guid(324a8ab7f6c750745ba1e7e49de993e0) Importer(Primary)  -> (artifact id: '49b05f2161e9e6024cd13cc6c1850658') in 0.001159 seconds
Start importing Packages/com.unity.test-framework/UnityEngine.TestRunner/Utils/Vector4EqualityComparer.cs using Guid(32da81683c22faf458026716a2b821aa) Importer(Primary)  -> (artifact id: '7b8fdf3724b255e746ed6737073691d9') in 0.001294 seconds
Start importing Packages/com.unity.test-framework/UnityEditor.TestRunner/UnityTestProtocol/Message.cs using Guid(321dc2c0720f8dd4f9396ecdc12b8746) Importer(Primary)  -> (artifact id: 'd74250a024dc8a6f418e6a37115822e2') in 0.001205 seconds
Start importing Packages/com.unity.test-framework/UnityEditor.TestRunner/Api/ITestTreeRebuildCallbacks.cs using Guid(4230e406313f1db43a4b548e7a3ad2e2) Importer(Primary)  -> (artifact id: '2c4fb582359c117d74d33fd118c9ca96') in 0.001404 seconds
Start importing Packages/com.unity.cloud.gltfast/Runtime/Scripts/ImageResult.cs using Guid(42b7f109da0748c18419f9e732d519e3) Importer(Primary)  -> (artifact id: '3eabe6b06a9eb8fad8ae95e921ceda87') in 0.001970 seconds
Start importing Packages/com.unity.cloud.gltfast/Runtime/Scripts/Newtonsoft/GltfImport.cs using Guid(4238c6febfb22491b9c4995a2564ec04) Importer(Primary)  -> (artifact id: 'ae97a4f491d804693091035240959584') in 0.001270 seconds
Start importing Packages/com.unity.cloud.gltfast/Runtime/Scripts/Export/HighDefinitionMaterialExport.cs using Guid(423b8abb5d777440188ec5191c4812dd) Importer(Primary)  -> (artifact id: '0d9fa16eec450fbed8ea73554dad8e3d') in 0.001161 seconds
Start importing Packages/com.unity.burst/Runtime/CompilerServices/Constant.cs using Guid(425b1cb76be0397aae735d27918c5a76) Importer(Primary)  -> (artifact id: '7b5ac354b438b088b1b57520d9cbfae0') in 0.001512 seconds
Start importing Packages/com.unity.test-framework/UnityEditor.TestRunner/UnityTestProtocol/TestFinishedMessage.cs using Guid(423fe2ef878fa1140a7e1f7f9e365815) Importer(Primary)  -> (artifact id: 'ef689406470ba938480ba285a2dbb5ae') in 0.001260 seconds
Start importing Packages/com.unity.collections/Unity.Collections/UnsafeHashMap.cs using Guid(5225ac49dbd6eb941b91278b59ac4ac0) Importer(Primary)  -> (artifact id: '8af02513b695b93086887a6196833519') in 0.001242 seconds
Start importing Packages/com.unity.test-framework/UnityEditor.TestRunner/GUI/TestListTreeView/TestListTreeViewGUI.cs using Guid(52c907c81459f324497af504b84fd557) Importer(Primary)  -> (artifact id: 'e82ba5122dbae3c84c9ea7509bc7744e') in 0.001568 seconds
Start importing Packages/com.unity.collections/Unity.Collections.Tests/UTF8ArrayUnsafeUtilityTests.cs using Guid(52cbbdc3dcf848dd9efc09bfa529fa74) Importer(Primary)  -> (artifact id: '713f055af09c28e34142c2bca26c0e12') in 0.001276 seconds
Start importing Packages/com.unity.mathematics/Tests/Tests/Shared/TestMatrix.cs using Guid(6216aa8a60396374dbab4fbd185eac26) Importer(Primary)  -> (artifact id: 'e4658ba0791c00239682a7dd2326428a') in 0.001154 seconds
Start importing Packages/com.unity.cloud.gltfast/Runtime/Scripts/Loading/IDownloadProvider.cs using Guid(629849146ae544459bf648ecabd67f0f) Importer(Primary)  -> (artifact id: 'ddc9a0892e3a86820c3296bb46d7ae37') in 0.001948 seconds
Start importing Packages/com.unity.cloud.gltfast/Runtime/Scripts/Schema/Node.cs using Guid(624c3569ad7e246b4949b499637dc04a) Importer(Primary)  -> (artifact id: '6c791474a2318f260ea6cd261ad17161') in 0.001332 seconds
Start importing Packages/com.unity.cloud.gltfast/Runtime/Scripts/ComponentType.cs using Guid(620f293088e324dc0a75a1946b2d0fcc) Importer(Primary)  -> (artifact id: '8c1559aceb7cbdcf13cd1b10d99d9059') in 0.001177 seconds
Start importing Packages/com.unity.test-framework/UnityEngine.TestRunner/Utils/PostBuildCleanupAttribute.cs using Guid(621fd19bcb071b64aa1d68f0271aa780) Importer(Primary)  -> (artifact id: '839c7afee521cb632733dad2c3cbdfa9') in 0.001308 seconds
Start importing Packages/com.unity.mathematics/Unity.Mathematics/int4x3.gen.cs using Guid(625f7c407b9c1474bbfcb1c17db16571) Importer(Primary)  -> (artifact id: 'dcac8a7231d2a7babeb4080dc9de5b35') in 0.001363 seconds
Start importing Packages/com.unity.burst/Runtime/SafeStringArrayHelper.cs using Guid(7273d19b0a90368f9cf1cc0ebff15acf) Importer(Primary)  -> (artifact id: '6664fd80b057b6c59f8df1e03091e475') in 0.001649 seconds
Start importing Packages/com.unity.cloud.gltfast/Runtime/Scripts/Schema/NormalTextureInfo.cs using Guid(72f35fa0e2c214807ab6c6946de57b0d) Importer(Primary)  -> (artifact id: '574c5ad0653c61001ff6368caa7b8095') in 0.001219 seconds
Start importing Packages/com.unity.cloud.gltfast/Runtime/Scripts/Schema/FakeSchema/Mesh.cs using Guid(7205586242249423e99cafc83ac5e583) Importer(Primary)  -> (artifact id: 'e24f8b6c27dc8035aa85e5658a06cd7c') in 0.001277 seconds
Start importing Packages/com.unity.burst/Runtime/BurstString.cs using Guid(72b6a43cfa793c05b1a76ea3f3ba6367) Importer(Primary)  -> (artifact id: 'e8cfa5de2f6c5543e382068366b6f1b3') in 0.001172 seconds
Start importing Packages/com.unity.mathematics/Unity.Mathematics/bool3x4.gen.cs using Guid(82510cd108c8a4a7ebe40f0cec12d18c) Importer(Primary)  -> (artifact id: 'e9e4f66e9c958632c1f57f6446db5964') in 0.001350 seconds
Start importing Packages/com.unity.cloud.gltfast/Editor/Scripts/BuiltInShaderGUI.cs using Guid(8262fb96f3f02c3418d53dfe137bd6c2) Importer(Primary)  -> (artifact id: '0145f2acce8b968242dbad8f0c5c6e4c') in 0.001506 seconds
Start importing Packages/com.unity.test-framework/UnityEditor.TestRunner/TestRunner/Callbacks/WindowResultUpdaterDataHolder.cs using Guid(82075836be5e0c64bbe84e1f9436682e) Importer(Primary)  -> (artifact id: '0c600a416e080899e515050d2cf8e857') in 0.001399 seconds
Start importing Packages/com.unity.mathematics/Unity.Mathematics/int2x4.gen.cs using Guid(827909947b5c9455fa16a57c0b8c55f7) Importer(Primary)  -> (artifact id: 'd5087fdab669602bc61b7b1515f0032e') in 0.001601 seconds
Start importing Packages/com.unity.test-framework/UnityEngine.TestRunner/TestRunner/RemoteHelpers/RemoteTestResultDataFactory.cs using Guid(826b6becaef90fb458eedebe4c2f3664) Importer(Primary)  -> (artifact id: 'ec6aa9f82b340a6f30319290cf68ef20') in 0.001234 seconds
Start importing Packages/com.unity.cloud.gltfast/Runtime/Scripts/Newtonsoft/Schema/BufferViewExtensions.cs using Guid(82cb50c78728c4c638f5db3f1b143d14) Importer(Primary)  -> (artifact id: '982adaac6dc4fe7373283475cdd72842') in 0.001142 seconds
Start importing Packages/com.unity.test-framework/UnityEditor.TestRunner/TestRunner/Messages/RecompileScripts.cs using Guid(9202fbba95ea8294cb5e718f028f21b0) Importer(Primary)  -> (artifact id: 'c00bce0e68062b00fb62710595fac410') in 0.001646 seconds
Start importing Packages/com.unity.cloud.gltfast/Runtime/Scripts/Loading/ITextureDownload.cs using Guid(92567e9366c9455cb9598e07f200a467) Importer(Primary)  -> (artifact id: '8afcdbef26c52909c1f3c03cf1ebbcc3') in 0.001204 seconds
Start importing Packages/com.unity.cloud.gltfast/Runtime/Scripts/UninterruptedDefaultDeferAgent.cs using Guid(a2d29a3938a4e4f9eb7a202f05698958) Importer(Primary)  -> (artifact id: '8859acd2606d2b7d0b6bcae740ffa706') in 0.001930 seconds
Start importing Packages/com.unity.mathematics/Tests/Tests/Shared/TestInt4x2.gen.cs using Guid(a22ace1f6a955624aa145878a9d31bd2) Importer(Primary)  -> (artifact id: '7fb29cb549fc7d5f7c1542056a459bfa') in 0.001312 seconds
Start importing Packages/com.unity.cloud.gltfast/Runtime/Scripts/Newtonsoft/Schema/TextureInfo.cs using Guid(b2e698689d48d4e87bd2fa0acb79a8e8) Importer(Primary)  -> (artifact id: '2ae3a57f407bf5e3b0ae2c2f53bc175e') in 0.001165 seconds
Start importing Packages/com.unity.collections/Unity.Collections.Tests/ConcurrentMaskTests.cs using Guid(b21a3382971974da1b398c348949244e) Importer(Primary)  -> (artifact id: '1d6a4e63fc128042a8c3018d2317a3ba') in 0.001217 seconds
Start importing Packages/com.unity.cloud.gltfast/Runtime/Scripts/VertexStructs.cs using Guid(b2eb9723632ed4b7f88e046f5faf06bb) Importer(Primary)  -> (artifact id: '44dfd6b7dd217e50913e83363e61c248') in 0.001130 seconds
Start importing Packages/com.unity.mathematics/Unity.Mathematics/uint3x4.gen.cs using Guid(b26cb334c782240eb950a56e23e0378c) Importer(Primary)  -> (artifact id: 'b8e70b9ed1baab8fa13fc1c16affcff0') in 0.001358 seconds
Start importing Packages/com.unity.test-framework/UnityEditor.TestRunner/TestRun/Tasks/BuildActionTaskBase.cs using Guid(c2441d353f9c42a44af6e224e4901b52) Importer(Primary)  -> (artifact id: '7a07fd23f6a67cd86e77c78af3bbb4ff') in 0.001266 seconds
Start importing Packages/com.unity.cloud.gltfast/DocExamples/ExtraData.cs using Guid(c228dd24f481eca4d8b951a9b54398b1) Importer(Primary)  -> (artifact id: '7e76f12f85f4c2743919bde8fa0158a6') in 0.001224 seconds
Start importing Packages/com.unity.cloud.gltfast/Runtime/Scripts/StreamExtension.cs using Guid(d2c0632470c474a8086dc993f838e7a0) Importer(Primary)  -> (artifact id: '8942a9114a628d7604a1276951fae5c1') in 0.001293 seconds
Start importing Packages/com.unity.mathematics/Unity.Mathematics/half3.gen.cs using Guid(d271113f4074d29479af6b04f032a53e) Importer(Primary)  -> (artifact id: '50f115c0cd0ea49cb986c238af330b7a') in 0.001115 seconds
Start importing Packages/com.unity.test-framework/UnityEditor.TestRunner/RequirePlatformSupportAttribute.cs using Guid(d2146428d3f1ad54eb7326c9a44b3284) Importer(Primary)  -> (artifact id: '053d3d6ca257a875b41e43e3a5ec6ccb') in 0.001194 seconds
Start importing Packages/com.unity.test-framework/UnityEditor.TestRunner/TestSettings/ITestSettingsDeserializer.cs using Guid(d208a1684f8aa6a40ad91d6aa9600c14) Importer(Primary)  -> (artifact id: '7947ee0c1d1b77ccf3fc56ff688259ae') in 0.001300 seconds
Start importing Packages/com.unity.mathematics/Tests/Tests/Shared/TestBool3.gen.cs using Guid(d208b4e1c03551a499e9169aac737e5b) Importer(Primary)  -> (artifact id: '26921d48dad35a8a997c4fde935eef0a') in 0.001211 seconds
Start importing Packages/com.unity.test-framework/UnityEngine.TestRunner/NUnitExtensions/Commands/UnityTestMethodCommand.cs using Guid(d2ca9278c9dd49df877d622d0f657ecf) Importer(Primary)  -> (artifact id: '985d5e597672d78f38cc54234795886e') in 0.001596 seconds
Start importing Packages/com.unity.mathematics/Unity.Mathematics/float3x2.gen.cs using Guid(d20ff0b41ab5f4071b3d6ec3442fb2f7) Importer(Primary)  -> (artifact id: 'ab8c089132dfce48caf9fe22bd0697a0') in 0.001271 seconds
Start importing Packages/com.unity.test-framework/UnityEngine.TestRunner/NUnitExtensions/Commands/EnumerableRepeatedTestCommand.cs using Guid(e273462feb9a65948826739f683cc9a9) Importer(Primary)  -> (artifact id: '8a5ecfab9d477ff363c4407290f3be71') in 0.001220 seconds
Start importing Packages/com.unity.cloud.gltfast/Runtime/Scripts/Export/NormalImageExport.cs using Guid(e214ef13a2a44a0bbf14320f5c98bb90) Importer(Primary)  -> (artifact id: '4039cf7320f2d73c0fbd04da65374954') in 0.001426 seconds
Start importing Packages/com.unity.burst/Editor/BurstMath.cs using Guid(e2e47707a3663434b10485daf061e14c) Importer(Primary)  -> (artifact id: '864db0025913e30ba11316d01e9c0543') in 0.001251 seconds
Start importing Packages/com.unity.mathematics/Tests/Tests/Shared/TestPlane.cs using Guid(f231ac420620f4127b2cb48aab2c41ef) Importer(Primary)  -> (artifact id: '887ee49ef27154fbf936e662e5c3e1e6') in 0.001356 seconds
Start importing Packages/com.unity.cloud.gltfast/Runtime/Scripts/Schema/MaterialExtensions.cs using Guid(f21fa7c34e6a84a56bd105b618088503) Importer(Primary)  -> (artifact id: '41e1fb7314a1d73cb5367e9beb8c098f') in 0.001244 seconds
Start importing Packages/com.unity.cloud.gltfast/Runtime/Scripts/Export/MaterialExportBase.cs using Guid(03007a034b1a64d80a0d1860738ed89f) Importer(Primary)  -> (artifact id: 'a6176c05782c0fce1c82d17e097ae67d') in 0.001475 seconds
Start importing Packages/com.unity.test-framework/UnityEngine.TestRunner/TestRunner/RemoteHelpers/RemoteTestResultData.cs using Guid(03e4d63665d06f04c8a6cf68133c1592) Importer(Primary)  -> (artifact id: '437da058619122561e8c6ab63d46576e') in 0.001257 seconds
Start importing Packages/com.unity.test-framework/UnityEditor.TestRunner/GUI/Views/EditModeTestListGUI.cs using Guid(0336a32a79bfaed43a3fd2d88b91e974) Importer(Primary)  -> (artifact id: '816f1eb5b4474fc5bd537e8698d51bf9') in 0.001384 seconds
Start importing Packages/com.unity.test-framework/UnityEditor.TestRunner/TestRunner/Utils/EditorLoadedTestAssemblyProvider.cs using Guid(033c884ba52437d49bc55935939ef1c6) Importer(Primary)  -> (artifact id: '523b404673b092df213cf278883e3029') in 0.001457 seconds
Start importing Packages/com.unity.test-framework/UnityEditor.TestRunner/CommandLineParser/CommandLineOptionSet.cs using Guid(139c5eac101a4dc4fb3098e30c29f15e) Importer(Primary)  -> (artifact id: '4b9fcc5455328648178b2c8c86ab2064') in 0.001424 seconds
Start importing Packages/com.unity.collections/Unity.Collections/UnsafeNotBurstCompatible.cs using Guid(134f6a7ae57d2df4aace84c12a331f06) Importer(Primary)  -> (artifact id: '6a197d394fa73d79b172dfaa25dcfe98') in 0.001190 seconds
Start importing Assets/Editor/CompanionCatAndroidExporter.cs using Guid(2305fb3de1b8720418c6321b02e993cd) Importer(Primary)  -> (artifact id: 'dceb076b0255ddff555b0939ff6fdd37') in 0.001129 seconds
Start importing Packages/com.unity.cloud.gltfast/Runtime/Scripts/GltfJsonUtilityParser.cs using Guid(23157419d9ad42b4884d8468a15daaca) Importer(Primary)  -> (artifact id: 'd9ea4e7575586531c293d5fa3de45ec6') in 0.001394 seconds
Start importing Packages/com.unity.collections/Unity.Collections.Tests/WordsTests.gen.cs using Guid(23751d1a48159084381ea4303a6ce6dd) Importer(Primary)  -> (artifact id: '1585c7af3347ee10923fb1e070fd21ac') in 0.001153 seconds
Start importing Packages/com.unity.cloud.gltfast/Runtime/Scripts/Newtonsoft/Schema/Accessor.cs using Guid(2396f6d4d964a46cfa7c24ef38954afd) Importer(Primary)  -> (artifact id: 'a86ade6e856f3862ea298740fe8c77df') in 0.001275 seconds
Start importing Packages/com.unity.cloud.gltfast/Runtime/Scripts/DOTS/EntityInstantiator.cs using Guid(3353193499e7c42ef922dd9c367ced9f) Importer(Primary)  -> (artifact id: '746ddc2c75532f7049f75c6eab6408ea') in 0.001271 seconds
Start importing Packages/com.unity.test-framework/UnityEngine.TestRunner/NUnitExtensions/Commands/TestCommandPcHelper.cs using Guid(33e6b78c96bb0694e96383e3c56b7b54) Importer(Primary)  -> (artifact id: '48c5c294eb7e650889d4f339c43194a1') in 0.001166 seconds
Start importing Packages/com.unity.mathematics/Tests/Tests/Shared/TestBool4.gen.cs using Guid(33a8df9e636ae004ba204e2a6b925b42) Importer(Primary)  -> (artifact id: '249af860d05a02a3bcdc40d60482c0a7') in 0.001816 seconds
Start importing Packages/com.unity.test-framework/UnityEngine.TestRunner/Utils/AssemblyProvider/PlayerTestAssemblyProvider.cs using Guid(43a3aec217baa9644a7cf34b5f93fed9) Importer(Primary)  -> (artifact id: 'f074e4f5708edf9abce3115b2b9d2959') in 0.001295 seconds
Start importing Packages/com.unity.cloud.gltfast/Editor/Scripts/PackageSetupCheck.cs using Guid(433625e5684fd4f83b3ee45f614c2d7d) Importer(Primary)  -> (artifact id: 'be702495b91d5ec347a3e4765da1dac2') in 0.001498 seconds
Start importing Packages/com.unity.mathematics/Unity.Mathematics/float2.gen.cs using Guid(4319f4482dc5b5b44a7f99c8725ef211) Importer(Primary)  -> (artifact id: '88e18acd5f2448ed5ea7047d2038d6e6') in 0.001382 seconds
Start importing Packages/com.unity.mathematics/Unity.Mathematics/float4x4.gen.cs using Guid(53454a4b51c974a438994628ac5767e2) Importer(Primary)  -> (artifact id: 'ce6d089bd8e4c9c4d750fc6c76bb56d1') in 0.001116 seconds
Start importing Packages/com.unity.test-framework/UnityEditor.TestRunner/CommandLineTest/SetupException.cs using Guid(63572993f2104574099a48392460b211) Importer(Primary)  -> (artifact id: '2072e7bd23ed13cbd8e5bc65879e0450') in 0.001294 seconds
Start importing Packages/com.unity.collections/Unity.Collections/AssemblyInfo.cs using Guid(63bc65d8d2fe144e1b071aeb3b624536) Importer(Primary)  -> (artifact id: '6f74d047afdbcbfefdba73f11e910451') in 0.001240 seconds
Start importing Packages/com.unity.test-framework/UnityEngine.TestRunner/TestRunner/TestListenerWrapper.cs using Guid(73deb9b8722aa284eab27c4dc90956c6) Importer(Primary)  -> (artifact id: '46c4cf26190fc15ba84cbf650a88a6a2') in 0.001582 seconds
Start importing Packages/com.unity.test-framework/UnityEngine.TestRunner/NUnitExtensions/Commands/ImmediateEnumerableCommand.cs using Guid(8349e42a2b30c7a4abd8678c203428ba) Importer(Primary)  -> (artifact id: '6b473554178a0f4654414d630287c959') in 0.001195 seconds
Start importing Packages/com.unity.test-framework/UnityEditor.TestRunner/TestSettings/ITestSettings.cs using Guid(83eda34b7da01e04aa894f268158b0c0) Importer(Primary)  -> (artifact id: 'fd33e68c587c64834923d515d121f01c') in 0.001377 seconds
Start importing Packages/com.unity.cloud.gltfast/Runtime/Scripts/Schema/Image.cs using Guid(83fdd57ebfd5545ce857ee2e3ee48b29) Importer(Primary)  -> (artifact id: '1c8699ed3270b9a0c411cc1a03a4d3fc') in 0.001107 seconds
Start importing Packages/com.unity.mathematics/Tests/Tests/Shared/TestDouble2x4.gen.cs using Guid(93f2834619d034346a15285ea2156089) Importer(Primary)  -> (artifact id: 'ca3b34c74d967fa9a34b2b36e37f7634') in 0.001082 seconds
Start importing Packages/com.unity.mathematics/Unity.Mathematics/uint2x2.gen.cs using Guid(93a63257a84804542ad359995ba0c1b1) Importer(Primary)  -> (artifact id: '23622811c9fda837866e91e50c0f244f') in 0.001515 seconds
Start importing Packages/com.unity.mathematics/Unity.Mathematics/float2x2.gen.cs using Guid(93080f7a13fd743e3aaaac6fee9f12b6) Importer(Primary)  -> (artifact id: 'fe042fb521e26fd30ff4402ee26c6652') in 0.001166 seconds
Start importing Packages/com.unity.cloud.gltfast/Runtime/Scripts/ImageFormatExtensions.cs using Guid(932ae5a636f3a4b99af8dbace356841d) Importer(Primary)  -> (artifact id: '00df40860c06191a03a9b6f062af2eac') in 0.001696 seconds
Start importing Packages/com.unity.test-framework/UnityEditor.TestRunner/TestRunner/Utils/IEditorLoadedTestAssemblyProvider.cs using Guid(936b6288befc460409cfdff3ac92fc95) Importer(Primary)  -> (artifact id: '199158125748fd7794a3ba4d578049f2') in 0.001786 seconds
Start importing Packages/com.unity.test-framework/UnityEditor.TestRunner/TestRun/Tasks/CleanupVerificationTask.cs using Guid(93eb6389f4fb6924987867ce0bc339ee) Importer(Primary)  -> (artifact id: 'e87498d527a5d42f2674aa22c22d489a') in 0.001320 seconds
Start importing Packages/com.unity.test-framework/UnityEditor.TestRunner/Api/ICallbacks.cs using Guid(93eea84e53d0226479c9a584f19427b5) Importer(Primary)  -> (artifact id: '6815449f5f4564c3edd8a24960497566') in 0.001340 seconds
Start importing Packages/com.unity.test-framework/UnityEditor.TestRunner/CommandLineParser/CommandLineOption.cs using Guid(a3529368f4cd0424a89aa51080a16b06) Importer(Primary)  -> (artifact id: '59453eeacaa4815827005e7dbc36b541') in 0.001300 seconds
Start importing Packages/com.unity.mathematics/Unity.Mathematics/bool3x3.gen.cs using Guid(a3b4b734e76c94d5099484b5b6c5b029) Importer(Primary)  -> (artifact id: 'ffdd1e29501b7f5f7d274c95ba2ba291') in 0.001201 seconds
Start importing Packages/com.unity.collections/Unity.Collections.Tests/FixedListTests.gen.cs using Guid(a3e73147e051c3f448aa8c6a4e07c55b) Importer(Primary)  -> (artifact id: 'f87eeea2f78fc8d0421fefb4126d8403') in 0.001496 seconds
Start importing Packages/com.unity.test-framework/UnityEditor.TestRunner/TestRun/Tasks/RegisterFilesForCleanupVerificationTask.cs using Guid(a398fde47a0349a40a9bdf8988c392c9) Importer(Primary)  -> (artifact id: 'a1eba3b127c360cbaad900111c98548d') in 0.001243 seconds
Start importing Packages/com.unity.mathematics/Tests/Tests/Shared/TestFloat2x4.gen.cs using Guid(b3517a3babe572246a5b80234b2f8a4b) Importer(Primary)  -> (artifact id: 'a3364057d439860d3e6e38969a0c531a') in 0.001146 seconds
Start importing Packages/com.unity.mathematics/Tests/Tests/Shared/TestFloat4x4.gen.cs using Guid(b3a17e2bf2fb0984b96ba8a21a08b8b0) Importer(Primary)  -> (artifact id: '74280e64c4021ced5b2c8400a199d1a3') in 0.001197 seconds
Start importing Packages/com.unity.collections/Unity.Collections/FixedStringAppendMethods.cs using Guid(b3d1c84db8ef4e288ba9089a616a3523) Importer(Primary)  -> (artifact id: '13120d41d4732dd6809f89d902683997') in 0.001117 seconds
Start importing Packages/com.unity.test-framework/UnityEditor.TestRunner/TestRun/Tasks/SaveModiedSceneTask.cs using Guid(c321246872d389b469bd0cb86d3701ed) Importer(Primary)  -> (artifact id: '8d00f27d0f8e7f35014b10ed8cc4aad4') in 0.001223 seconds
Start importing Packages/com.unity.cloud.gltfast/Runtime/Scripts/Newtonsoft/Schema/PbrMetallicRoughness.cs using Guid(c3d3c3c28a91648bd8e0fc54e0990119) Importer(Primary)  -> (artifact id: '461b5ce5405727ff9280ce0cda6312c7') in 0.001382 seconds
Start importing Packages/com.unity.test-framework/UnityEditor.TestRunner/CommandLineTest/ExecutionSettings.cs using Guid(c3a75354f6ceac94ca15ca9d96593290) Importer(Primary)  -> (artifact id: '02391b00f46770de6a2cfba16d87182d') in 0.001388 seconds
Start importing Packages/com.unity.test-framework/UnityEditor.TestRunner/TestLaunchers/PlatformSetup/LuminPlatformSetup.cs using Guid(c38ae0585d6a55042a2d678330689685) Importer(Primary)  -> (artifact id: 'c144a40bd5a8afbcdef5cf5095093f47') in 0.001546 seconds
Start importing Packages/com.unity.test-framework/UnityEngine.TestRunner/NUnitExtensions/IAsyncTestAssemblyBuilder.cs using Guid(c3aa5c3d59b94854e843f10b75b3ad63) Importer(Primary)  -> (artifact id: '8cb645b076a462f07a4cb5483b729f2a') in 0.001256 seconds
Start importing Packages/com.unity.collections/Unity.Collections.Tests/NativeHashMapTests_InJobs.cs using Guid(c30fe0e64fef64239b70bb447e82e4a8) Importer(Primary)  -> (artifact id: '7f6c57b18cb32f4651f330c04780c6bf') in 0.001190 seconds
Start importing Packages/com.unity.test-framework/UnityEditor.TestRunner/GUI/Views/PlayModeTestListGUI.cs using Guid(c3efd39f2cfb43a4c830d4fd5689900f) Importer(Primary)  -> (artifact id: 'e00c3e39ec3817b16d414163f15258a6') in 0.001140 seconds
Start importing Packages/com.unity.test-framework/UnityEditor.TestRunner/TestLaunchers/PlaymodeLauncher.cs using Guid(d3217d58bbd1d2b4aaee933e2e8b9195) Importer(Primary)  -> (artifact id: '6affcbffae8798b5eb8998c2a0c47e6d') in 0.001117 seconds
Start importing Packages/com.unity.cloud.gltfast/Runtime/Scripts/Schema/TextureExtensions.cs using Guid(d346bcfb85b064278ac07f92c1471db2) Importer(Primary)  -> (artifact id: '1f83838f79fbc1dc94b0fd45cd77a163') in 0.001578 seconds
Start importing Packages/com.unity.cloud.gltfast/Runtime/Scripts/Schema/MaterialUnlit.cs using Guid(d3978e6510d4b4087b51e631ce511e32) Importer(Primary)  -> (artifact id: 'dfca887ebef86c778e8cc9a6bf482415') in 0.001155 seconds
Start importing Packages/com.unity.mathematics/Unity.Mathematics/bool4x2.gen.cs using Guid(d34b6dd47888145b8870e017d6c84d4e) Importer(Primary)  -> (artifact id: '536a61cb9c5e894b7ff7a1165a8282d6') in 0.001241 seconds
Start importing Packages/com.unity.mathematics/Unity.Mathematics/matrix.cs using Guid(e378472eca9810946b664b8ff70f4edf) Importer(Primary)  -> (artifact id: '759b6f2eee13337279b69021098f1c5d') in 0.001388 seconds
Start importing Packages/com.unity.mathematics/Unity.Mathematics/bool4x3.gen.cs using Guid(e3e9b9173355b4d25aad23fb08782200) Importer(Primary)  -> (artifact id: '80dcbb945a09d51fc71ad57545766d0b') in 0.001333 seconds
Start importing Packages/com.unity.test-framework/UnityEditor.TestRunner/Api/CallbacksDelegatorListener.cs using Guid(f3e1b3cbf3fac6a459b1a602167ad311) Importer(Primary)  -> (artifact id: 'dd0f2ff33e340a392b32a5def062bce9') in 0.001940 seconds
Start importing Packages/com.unity.mathematics/Unity.Mathematics/bool2x4.gen.cs using Guid(f3638df1ef4a049fb957126fc52d1a20) Importer(Primary)  -> (artifact id: 'c2a1c2474c7e30c2af1153f6ee479b02') in 0.001529 seconds
Start importing Packages/com.unity.test-framework/UnityEngine.TestRunner/Utils/AssemblyProvider/ScriptingRuntimeProxy.cs using Guid(f3a361a6ad1aff14ba8f48976e94ad76) Importer(Primary)  -> (artifact id: '164c73488e5d6e2d8c7d74edd7796629') in 0.001147 seconds
Start importing Packages/com.unity.mathematics/Tests/Tests/Shared/TestUint3x3.gen.cs using Guid(f3db3407f5e21b84d8c21645d5517e9b) Importer(Primary)  -> (artifact id: '08c6ae59b0bf2755705f1ab62150896e') in 0.001484 seconds
Start importing Packages/com.unity.burst/Editor/BurstInspectorGUI.cs using Guid(044207dff891379ab68ba54b0d4307b2) Importer(Primary)  -> (artifact id: 'b114572e53faad02d6dd69a06ea90df5') in 0.001631 seconds
Start importing Packages/com.unity.test-framework/UnityEditor.TestRunner/GUI/TestListBuilder/TestFilterSettings.cs using Guid(046c3854296c5ec48bac50da6ca248ec) Importer(Primary)  -> (artifact id: '8bd38f9775c7cf90958fdcb6c5e1f977') in 0.001197 seconds
Start importing Packages/com.unity.mathematics/Tests/Tests/Shared/TestInt2x2.gen.cs using Guid(041eb9518baf7a846bd945a05063b142) Importer(Primary)  -> (artifact id: '663e0f78c6269f5ee97f2db58c81145d') in 0.001253 seconds
Start importing Packages/com.unity.cloud.gltfast/Runtime/Scripts/Export/StandardMaterialExportBase.cs using Guid(145ccf8370f9e47348bba3fc099214f5) Importer(Primary)  -> (artifact id: '6a0c4185c419627ead03b986c1c765aa') in 0.001346 seconds
Start importing Packages/com.unity.collections/Unity.Collections/UnsafeHashSet.cs using Guid(2441a179e6971b64cafa56b6418f913a) Importer(Primary)  -> (artifact id: 'd51ec64dd4765fdbb9688193c097ca92') in 0.001317 seconds
Start importing Packages/com.unity.test-framework/UnityEngine.TestRunner/Utils/CoroutineRunner.cs using Guid(24a158219395ebf44a60547b97784ddc) Importer(Primary)  -> (artifact id: '75de4a7e3d73f0ebf7344db3d9d7c644') in 0.001761 seconds
Start importing Packages/com.unity.collections/Unity.Collections/UnsafeScratchAllocator.cs using Guid(24459080b05524c1ab8f3f7ed129e765) Importer(Primary)  -> (artifact id: '956e814f1391963570e4b18c86e4c886') in 0.001789 seconds
Start importing Packages/com.unity.burst/Runtime/Editor/BurstAssemblyDisable.cs using Guid(24e5242d7f213ce49a52eefb5d544d24) Importer(Primary)  -> (artifact id: 'acc4a90222549562f2552cf0c49b30f7') in 0.001342 seconds
Start importing Packages/com.unity.mathematics/Tests/Tests/Shared/TestFloat4x2.gen.cs using Guid(24d6c72f4a165e342afb784bad62cab5) Importer(Primary)  -> (artifact id: '300128ce1ac6f01acd05c5d07fc113d3') in 0.001409 seconds
Start importing Packages/com.unity.cloud.gltfast/Runtime/Scripts/byte3.cs using Guid(2439c3c7babb4551a10788676d062c63) Importer(Primary)  -> (artifact id: '705e911b8852e411e1a83114690501dd') in 0.001272 seconds
Start importing Packages/com.unity.mathematics/Tests/Tests/Shared/TestUint4x3.gen.cs using Guid(2459d4a10dea40e469cb5f05b3fa80c2) Importer(Primary)  -> (artifact id: '7379d04a3dcee2ac6e70e91b7dd59698') in 0.001658 seconds
Start importing Packages/com.unity.cloud.gltfast/Runtime/Scripts/Export/IMaterialExport.cs using Guid(243be350c35fb48c5b0796117defeee2) Importer(Primary)  -> (artifact id: 'c3b531080b2f579dfa8ea01cddd12dc8') in 0.001518 seconds
Start importing Packages/com.unity.test-framework/UnityEditor.TestRunner/TestBuildAssemblyFilter.cs using Guid(3411e19edd44cfd46b548b058c3bc36c) Importer(Primary)  -> (artifact id: 'f69974e3d6747b08c93c337803032da1') in 0.001161 seconds
Start importing Packages/com.unity.test-framework/UnityEditor.TestRunner/TestRunner/Callbacks/RerunCallback.cs using Guid(34d30300ba8eb4959a74ac1f8f413c8d) Importer(Primary)  -> (artifact id: '75cd5ce4972ff9ebcd8ff7ebe6af56ab') in 0.001159 seconds
Start importing Packages/com.unity.mathematics/Unity.Mathematics/int2x3.gen.cs using Guid(34b460e6ab4e94f68b249b11a8f71131) Importer(Primary)  -> (artifact id: 'fc314cf1fff37b7e6068aae7b7a3151c') in 0.001473 seconds
Start importing Packages/com.unity.burst/Runtime/Intrinsics/x86/Sse4_2.cs using Guid(34483fa8e8413ba9b6e02809c5adfdd3) Importer(Primary)  -> (artifact id: '5e7aee95f3cfe92d143a359a07c6007c') in 0.001309 seconds
Start importing Packages/com.unity.test-framework/UnityEditor.TestRunner/TestRun/Tasks/TestTaskBase.cs using Guid(342d9ef4da0a19b49877f576c2deec14) Importer(Primary)  -> (artifact id: 'b82147cb4302172b2a06e7f657b2ad94') in 0.001406 seconds
Start importing Packages/com.unity.test-framework/UnityEngine.TestRunner/Utils/Vector4ComparerWithEqualsOperator.cs using Guid(44100f5f60f351348b9719b46d46cebe) Importer(Primary)  -> (artifact id: '3beae03856f67378435b46c6c2cbf2fc') in 0.001393 seconds
Start importing Packages/com.unity.collections/Unity.Collections/UnsafeText.cs using Guid(44913edcb40f4e06a2c16796ccbb82b6) Importer(Primary)  -> (artifact id: '240675b987853276869b0617e821ca58') in 0.001175 seconds
Start importing Packages/com.unity.cloud.gltfast/Runtime/Scripts/Export/OrmImageExport.cs using Guid(44d960d5c7954a1da497e8e12c053d9f) Importer(Primary)  -> (artifact id: '9915341e5b21b80eedc4b5187d2e2b77') in 0.001461 seconds
Start importing Packages/com.unity.collections/Unity.Collections/HeapString.gen.cs using Guid(448d2790464848f38fb2816637756c89) Importer(Primary)  -> (artifact id: 'e41758fda962c111d32f21d3d7e3fac7') in 0.001320 seconds
Start importing Packages/com.unity.test-framework/UnityEngine.TestRunner/NUnitExtensions/Attributes/UnityPlatformAttribute.cs using Guid(5440c1153b397e14c9c7b1d6eb83b9f9) Importer(Primary)  -> (artifact id: 'c858f38babe5d3a4ce05431c0094e19e') in 0.001894 seconds
Start importing Packages/com.unity.cloud.gltfast/Runtime/Scripts/SubMeshAssignment.cs using Guid(542752c956014a6b8dd2f622a2fb5968) Importer(Primary)  -> (artifact id: '5d20814a9b822b16c334ba53899c5a78') in 0.001557 seconds
Start importing Packages/com.unity.cloud.gltfast/Runtime/Scripts/Logging/ICodeLogger.cs using Guid(540be0e46388f4a238e8fa19da3d41be) Importer(Primary)  -> (artifact id: '2c644db64eb1726e606713fc1838bc42') in 0.001287 seconds
Start importing Packages/com.unity.collections/Unity.Collections.Tests/NativeQueueTests_InJobs.cs using Guid(54ed1315d43524f428aeb6d72cd16cc0) Importer(Primary)  -> (artifact id: '25411ee340020461044372916672763a') in 0.001771 seconds
Start importing Packages/com.unity.mathematics/Unity.Mathematics/bool4.gen.cs using Guid(64216725f837f8345b407a998b4970b3) Importer(Primary)  -> (artifact id: '66e8f3c37079e07cf3c9c41de00c2921') in 0.001593 seconds
Start importing Packages/com.unity.test-framework/UnityEditor.TestRunner/TestRunner/Utils/ITestListProvider.cs using Guid(64689f8b25eadac4da519e96f514b653) Importer(Primary)  -> (artifact id: '6822699809727da783b9cc99dbf2f1f4') in 0.001220 seconds
Start importing Packages/com.unity.collections/Unity.Collections/NativeStream.cs using Guid(64aa0d92f72fa4af49049126211731d0) Importer(Primary)  -> (artifact id: '548f683fa316d2108f65b3f3f496ed86') in 0.001369 seconds
Start importing Packages/com.unity.cloud.gltfast/Runtime/Scripts/Schema/MaterialClearCoat.cs using Guid(64ae5acdde3874645955ddbd84c6309d) Importer(Primary)  -> (artifact id: '197134b65026a9f0e4bc52245e81a30e') in 0.001221 seconds
Start importing Packages/com.unity.mathematics/Tests/Tests/Shared/TestInt3.gen.cs using Guid(749525b6f2a189a42bddcde8b3f6a88e) Importer(Primary)  -> (artifact id: '6e4f199987e0e57e9ddaa33fd23cdffc') in 0.001277 seconds
Start importing Packages/com.unity.test-framework/UnityEngine.TestRunner/TestRunner/TestPlatform.cs using Guid(743879b4db4bc1a4b829aae4386f4acf) Importer(Primary)  -> (artifact id: '05cb4e6ed9a47f6719d05a876c3f1dc5') in 0.001309 seconds
Start importing Packages/com.unity.test-framework/UnityEditor.TestRunner/GUI/AssetsDatabaseHelper.cs using Guid(740b3785866edda4b8d1e1a05570a5f8) Importer(Primary)  -> (artifact id: 'aa7f0b0b7bef69c08455d575efea9d22') in 0.001238 seconds
Start importing Packages/com.unity.mathematics/Tests/Tests/Shared/TestInt2x4.gen.cs using Guid(847ca3f6ecd472f43b9995db81c87807) Importer(Primary)  -> (artifact id: '7442237c38745053f80f8a0e4dca80a2') in 0.001225 seconds
Start importing Packages/com.unity.burst/Runtime/SharedStatic.cs using Guid(846fa0bc75d83bf68b12e21e5594a612) Importer(Primary)  -> (artifact id: '2f3afa179b0b8a492a252402ee05bbac') in 0.001161 seconds
Start importing Packages/com.unity.cloud.gltfast/Runtime/Scripts/Export/LitMaterialExport.cs using Guid(9489bb6257d149f3b56aa1d087a5c263) Importer(Primary)  -> (artifact id: '202b8e805c81e2777783a3e37fbc157a') in 0.001236 seconds
Start importing Packages/com.unity.cloud.gltfast/Runtime/Scripts/DOTS/EntityUtils.cs using Guid(a485f1350c0c249b6ba4b4bcc33b3322) Importer(Primary)  -> (artifact id: '3c57ee3985e8126af248841fe035ce19') in 0.001176 seconds
Start importing Packages/com.unity.mathematics/Tests/Tests/Shared/TestDouble3x4.gen.cs using Guid(a43acb77473e8f64189c28afbb4c366a) Importer(Primary)  -> (artifact id: 'ac4b6564416fa623005fa2ae687bb902') in 0.001483 seconds
Start importing Packages/com.unity.mathematics/Unity.Mathematics/Noise/noise2D.cs using Guid(a44cd1da263fb47c2a45958442e14af6) Importer(Primary)  -> (artifact id: '650b0c3163af63259034219906aa9058') in 0.001640 seconds
Start importing Packages/com.unity.mathematics/Unity.Mathematics/half4.gen.cs using Guid(a48ec2283f8d80e4b8d21c071400d3da) Importer(Primary)  -> (artifact id: '1896eadac98981a1cfcc8ce4bd9ef262') in 0.001481 seconds
Start importing Packages/com.unity.cloud.gltfast/Runtime/Scripts/RenderPipelineUtils.cs using Guid(b49113e2bcc184fa69bacdb82f652c6b) Importer(Primary)  -> (artifact id: '124f69bf7dd15a348b9489b33b144e91') in 0.001607 seconds
Start importing Packages/com.unity.cloud.gltfast/Runtime/Scripts/Schema/PbrSpecularGlossiness.cs using Guid(b4c3dec14586f4f558448c4364576258) Importer(Primary)  -> (artifact id: 'e80108b4b807c8a7530e5635dc68e024') in 0.001565 seconds
Start importing Packages/com.unity.test-framework/UnityEditor.TestRunner/TestRun/Tasks/LegacyEditModeRunTask.cs using Guid(b4246555189b5ee43b4857220f9fd29b) Importer(Primary)  -> (artifact id: '3a6d8acf7f9f28f54df1159cb757b0d4') in 0.001169 seconds
Start importing Packages/com.unity.collections/Unity.Collections/AllocatorManager.cs using Guid(b49443f1e93e4dec9a7a68741679aa52) Importer(Primary)  -> (artifact id: '37c6c8ba30bcf4157acc14e7e77c3666') in 0.001407 seconds
Start importing Packages/com.unity.test-framework/UnityEngine.TestRunner/NUnitExtensions/ConstructDelegator.cs using Guid(b42e1db66fe9c634798674cb9e1df2ca) Importer(Primary)  -> (artifact id: '2204f28882318ad60c43963754a5dd51') in 0.001344 seconds
Start importing Packages/com.unity.cloud.gltfast/Runtime/Scripts/UriHelper.cs using Guid(c41299d66445c46dbb53f58117870e5f) Importer(Primary)  -> (artifact id: 'd511b8cd3883cc77ea3ab9480c152d2a') in 0.001199 seconds
Start importing Packages/com.unity.collections/Unity.Collections.Tests/ListExtensionsTests.cs using Guid(c4e229e46ae5ef544bcc4d2bd131ddab) Importer(Primary)  -> (artifact id: '55754fdf31ac485d20e6e6c7e477e520') in 0.001184 seconds
Start importing Packages/com.unity.cloud.gltfast/Runtime/Scripts/Export/GameObjectExport.cs using Guid(c45eecded6f2d47c4a6f6162481119df) Importer(Primary)  -> (artifact id: '7d7f1c55cd57f1a9964328975972da41') in 0.001396 seconds
Start importing Packages/com.unity.cloud.gltfast/Runtime/Scripts/Export/ManagedNativeArray.cs using Guid(d4718bb4c3cba4f909ad5fea7877b4a1) Importer(Primary)  -> (artifact id: 'bc67069452600effad4a8feaf8ef7d4a') in 0.001380 seconds
Start importing Packages/com.unity.cloud.gltfast/Runtime/Scripts/Newtonsoft/Schema/GltfCamera.cs using Guid(d40c83f7d2d6a413faab7643bea99b11) Importer(Primary)  -> (artifact id: 'abe8d9c7e51ff911883dffaabb48da10') in 0.001496 seconds
Start importing Packages/com.unity.test-framework/UnityEditor.TestRunner/TestRunner/Callbacks/TestRunnerCallback.cs using Guid(d44e6804bc58be84ea71a619b468f150) Importer(Primary)  -> (artifact id: '27b431ca2aa5386d61655573c5afe466') in 0.001331 seconds
Start importing Packages/com.unity.burst/Runtime/Intrinsics/x86/Popcnt.cs using Guid(e4725d04fd6336efbc80f25ae908c344) Importer(Primary)  -> (artifact id: 'f2147a5618cba787b458b9e691961feb') in 0.001236 seconds
Start importing Packages/com.unity.collections/Unity.Collections/NativeBitArray.cs using Guid(e4640e45632730349a32c5a1365847e6) Importer(Primary)  -> (artifact id: '952c86881fcc6195cb394e3a2db6481b') in 0.001248 seconds
Start importing Packages/com.unity.cloud.gltfast/Editor/Scripts/ImportSettingsEditor.cs using Guid(e4a416fc96fd6453bbac68253cdb9743) Importer(Primary)  -> (artifact id: '75ab9ca9fa5e1f04bc576e7f95ab9416') in 0.001307 seconds
Start importing Packages/com.unity.collections/Unity.Collections.Tests/BitFieldTests.cs using Guid(e4ba623f239d54340a5b682234f32027) Importer(Primary)  -> (artifact id: 'd8de0bed57de30f6b22fa4984ee0d20f') in 0.001347 seconds
Start importing Packages/com.unity.cloud.gltfast/Runtime/Scripts/Export/GameObjectExportSettings.cs using Guid(f4316a134efb45d895afc859bb850778) Importer(Primary)  -> (artifact id: '16f824efa3a1c0177b333f3761a01d87') in 0.001575 seconds
Start importing Packages/com.unity.collections/Unity.Collections.Tests/NativeListTests.cs using Guid(f492edc6c73b74b7f994f4e948d53302) Importer(Primary)  -> (artifact id: '9be1cbd2dc7975dd5df93e38c3b66076') in 0.001212 seconds
Start importing Packages/com.unity.mathematics/Tests/Tests/Shared/TestUint3x4.gen.cs using Guid(f4c3a82cd7a932a4a97b7432498a1d53) Importer(Primary)  -> (artifact id: 'ffc897e82262ce9d3e25047fe2b0caa8') in 0.001163 seconds
Start importing Packages/com.unity.cloud.gltfast/Runtime/Scripts/NativeArrayExtensions.cs using Guid(f4042d2847d96474b8b5978213248a4b) Importer(Primary)  -> (artifact id: 'e09a34bf4d488d52271b3c742f063684') in 0.001339 seconds
Start importing Packages/com.unity.mathematics/Tests/Tests/Shared/TestFloat4.gen.cs using Guid(f415d23fdfcb53742837bd44ef1b7825) Importer(Primary)  -> (artifact id: '4da1096f817aafe8cd479ed9d5af869b') in 0.001645 seconds
Start importing Packages/com.unity.test-framework/UnityEditor.TestRunner/CommandLineParser/ICommandLineOption.cs using Guid(f445ca0c614a846449fcd8ae648c24e2) Importer(Primary)  -> (artifact id: '12ae35a24fffe3c55fdf5b90dfc880be') in 0.001715 seconds
Start importing Packages/com.unity.test-framework/UnityEngine.TestRunner/NUnitExtensions/Runner/TestCommandBuilder.cs using Guid(f40df9c8cf926b241b093a37028d8815) Importer(Primary)  -> (artifact id: '2e50c393a664d6bc7fe2255e73df5d7e') in 0.001543 seconds
Start importing Packages/com.unity.collections/Unity.Collections.Tests/NativeMultiHashMapTests_InJobs.cs using Guid(05b24f32afe304172bde605516dda297) Importer(Primary)  -> (artifact id: 'b810d5f1a7b341e768cdfea32f4ea966') in 0.001104 seconds
Start importing Packages/com.unity.cloud.gltfast/DocExamples/SimpleExport.cs using Guid(0515018949e5443cfa8e0ac0ea8b3f6d) Importer(Primary)  -> (artifact id: '2e7153003a7e7239fd6915edbe67d8d5') in 0.001158 seconds
Start importing Packages/com.unity.mathematics/Tests/Tests/Shared/TestFloat2x2.gen.cs using Guid(052651d6ebd1a8146ad211a6838dad17) Importer(Primary)  -> (artifact id: 'af061e079db3a756c3c879a15c9a8f3f') in 0.001783 seconds
Start importing Packages/com.unity.test-framework/UnityEditor.TestRunner/CommandLineTest/LogWriter.cs using Guid(05778dd1de4433d418793b6f3d3c18cf) Importer(Primary)  -> (artifact id: 'baa765159a1dced85d2f6a322a2e17e4') in 0.001514 seconds
Start importing Packages/com.unity.burst/Runtime/Intrinsics/Arm/NEON_ctor.cs using Guid(05892f401645378395984f5ca02f11f1) Importer(Primary)  -> (artifact id: '193437efbb7b8c77087a6e66610074f9') in 0.001514 seconds
Start importing Packages/com.unity.test-framework/UnityEditor.TestRunner/Api/Filter.cs using Guid(05f92e4a2414cb144a92157752dfa324) Importer(Primary)  -> (artifact id: 'd518eed45858dfc1b9e6518d1a427b7d') in 0.001285 seconds
Start importing Packages/com.unity.cloud.gltfast/Editor/Scripts/MaterialsVariantsComponentInspector.cs using Guid(1533d582ae2ef4144a8c96f65c0b080e) Importer(Primary)  -> (artifact id: 'cc1f45cb73a13a4b760cd3039383fc67') in 0.002177 seconds
Start importing Packages/com.unity.cloud.gltfast/Runtime/Scripts/MaterialsVariants/MaterialsVariantsControl.cs using Guid(15f39b36569a4f9999bd276e9734d6da) Importer(Primary)  -> (artifact id: 'd7655719eb456c3633c2356b50bd70ff') in 0.001633 seconds
Start importing Packages/com.unity.test-framework/UnityEditor.TestRunner/GUI/TestRunnerUIFilter.cs using Guid(15f870c6975ad6449b5b52514b90dc2b) Importer(Primary)  -> (artifact id: 'b7d79f891f688beb3569e90d98263c48') in 0.001610 seconds
Start importing Packages/com.unity.cloud.gltfast/Runtime/Scripts/Schema/SpotLight.cs using Guid(25378d60846b4831aed4ea577b40e8cf) Importer(Primary)  -> (artifact id: '3f3ade1bb093a0f56c2ef366259a9aaa') in 0.001355 seconds
Start importing Packages/com.unity.burst/Editor/BurstDisassembler.Core.Wasm.info.cs using Guid(255d77fe7f1a3f27862b86ae6ac92d70) Importer(Primary)  -> (artifact id: '86532ef2428a353ad227a497627b5878') in 0.001439 seconds
Start importing Packages/com.unity.burst/Unity.Burst.CodeGen/GenericContext.cs using Guid(35f3382bcc423b60acc9af62d10d008b) Importer(Primary)  -> (artifact id: 'f7fe1a0f15d70a8867b4f6d142de4ee4') in 0.001305 seconds
Start importing Packages/com.unity.test-framework/UnityEngine.TestRunner/Assertions/LogScope/ILogScope.cs using Guid(3504aa04cda851b44a65973f9aead6f7) Importer(Primary)  -> (artifact id: 'ef487a79891e61baf1463b5ecb6b0b74') in 0.001394 seconds
Start importing Packages/com.unity.test-framework/UnityEngine.TestRunner/NUnitExtensions/Commands/EnumerableTestState.cs using Guid(356852e4738840b4b1ab533d3a66f0e1) Importer(Primary)  -> (artifact id: '60cecbb84f22776d21b17831a7f04904') in 0.001320 seconds
Start importing Packages/com.unity.burst/Runtime/BurstString.Float.cs using Guid(4592eab4973c370d8a7a7bb9cb4e4344) Importer(Primary)  -> (artifact id: 'ae455d8d819993d21e24fbe62eb0e688') in 0.001291 seconds
Start importing Packages/com.unity.cloud.gltfast/Runtime/Scripts/PrimitiveSet.cs using Guid(4598a20fef9b43169b6978b2d2a28224) Importer(Primary)  -> (artifact id: '63e6a4af4fb60e29f876741eb6452960') in 0.001752 seconds
Start importing Packages/com.unity.test-framework/UnityEditor.TestRunner/TestResultSerializer.cs using Guid(559482fe33c79e44882d3a6cedc55fb5) Importer(Primary)  -> (artifact id: '4afb6c0e4cc32d66472965d5549eec36') in 0.001854 seconds
Start importing Packages/com.unity.test-framework/UnityEngine.TestRunner/Utils/Vector2ComparerWithEqualsOperator.cs using Guid(65701ebe8bada6b4785e9c7afe7f5bee) Importer(Primary)  -> (artifact id: '0e6bf27b454670c0fd42dab9c847d675') in 0.001702 seconds
Start importing Packages/com.unity.collections/Unity.Collections/UnsafeUtilityEx.cs using Guid(656438ffe79c94447bf483cf17d90bf6) Importer(Primary)  -> (artifact id: 'f40add83593f7e6e36a19e13615c5469') in 0.001394 seconds
Start importing Packages/com.unity.collections/Unity.Collections/xxHash3.StreamingState.cs using Guid(65eaad6a676d4755a1f4bee58587a1d0) Importer(Primary)  -> (artifact id: '8939cf5fe6285937f54bed6e3887d619') in 0.001346 seconds
Start importing Packages/com.unity.test-framework/UnityEngine.TestRunner/NUnitExtensions/TestResultExtensions.cs using Guid(65fb6da362a78334ab360a125cfafdaf) Importer(Primary)  -> (artifact id: '4e59a391cc1d60defb045e93d6e05bdc') in 0.001558 seconds
Start importing Packages/com.unity.cloud.gltfast/Runtime/Scripts/MeshResult.cs using Guid(659f9b3bb4a774553a9cde3f2978340c) Importer(Primary)  -> (artifact id: 'aeb2641d81ff9efe0eb27d477efa2be1') in 0.001707 seconds
Start importing Packages/com.unity.test-framework/UnityEditor.TestRunner/TestSettings/TestSettingsDeserializer.cs using Guid(75e7d7a9a57458841a85fe42d9c9141f) Importer(Primary)  -> (artifact id: '61e92d35438fb9a5ed0664013d808c37') in 0.001246 seconds
Start importing Packages/com.unity.cloud.gltfast/Runtime/Scripts/Export/StandardMaterialExport.cs using Guid(75795e5045b84be2a8f1b8a43dab5be4) Importer(Primary)  -> (artifact id: '5c9de9d7ec60ef4bb0b326405c59fb20') in 0.001308 seconds
Start importing Packages/com.unity.test-framework/UnityEngine.TestRunner/NUnitExtensions/Attributes/TestEnumerator.cs using Guid(750aad009559b814dbc27001341fc1c3) Importer(Primary)  -> (artifact id: 'f8071e1f4272bafd2a49875ff1841ec6') in 0.001447 seconds
Start importing Packages/com.unity.collections/DocCodeSamples.Tests/CollectionsAllocationExamples.cs using Guid(754bd1bfc77f45aea641971c9495f0f7) Importer(Primary)  -> (artifact id: '5eef1b79c971c4530458b0abaf2d5760') in 0.001555 seconds
Start importing Packages/com.unity.cloud.gltfast/Runtime/Scripts/ImportAddons/ImportAddonInstanceCollection.cs using Guid(753ee089bb994440a8f934ecfc46e238) Importer(Primary)  -> (artifact id: '947a967468726b27f9e13aa47f387eb9') in 0.001275 seconds
Start importing Packages/com.unity.mathematics/Unity.Mathematics/bool3.gen.cs using Guid(75aefc1758f9fbc41af3579fdd45aa62) Importer(Primary)  -> (artifact id: '43e35d0ecb9aab5fdf3dd31b42e803d7') in 0.001196 seconds
Start importing Packages/com.unity.mathematics/Unity.Mathematics/double3.gen.cs using Guid(8532598f495324d779593b36c90c7f7c) Importer(Primary)  -> (artifact id: 'b68bc77da6dcc2476fc194f490d47f51') in 0.001179 seconds
Start importing Packages/com.unity.collections/Unity.Collections/NativeHashMapExtensions.cs using Guid(859b8b7a1710f0b4396876700dda6319) Importer(Primary)  -> (artifact id: '851dd0d2c4c35588c1b297b0a6297582') in 0.001295 seconds
Start importing Packages/com.unity.test-framework/UnityEditor.TestRunner/Api/ITestAdaptor.cs using Guid(85dd7af03f02aea4aae13a3945e3b313) Importer(Primary)  -> (artifact id: 'c2f1f2f7aec93f538a3a3fb8baeee897') in 0.001255 seconds
Start importing Packages/com.unity.burst/Unity.Burst.CodeGen/FunctionPointerInvokeTransform.cs using Guid(95e00b4ae3493f2bb9d61143777414fc) Importer(Primary)  -> (artifact id: '6893a23f4c3299f49fbd20b7cd506285') in 0.001472 seconds
Start importing Packages/com.unity.test-framework/UnityEngine.TestRunner/Utils/Utils.cs using Guid(9502550ba4785e3499d6c9251fa2114b) Importer(Primary)  -> (artifact id: 'ec9b1c94c522067a23b1f434567cf52d') in 0.001356 seconds
Start importing Packages/com.unity.test-framework/UnityEditor.TestRunner/GUI/TestListBuilder/ResultSummarizer.cs using Guid(95a2914724952ef40bb590d0607fc878) Importer(Primary)  -> (artifact id: '31503393b765594676b52ec7c4b9ab0b') in 0.001313 seconds
Start importing Packages/com.unity.test-framework/UnityEditor.TestRunner/UnityTestProtocol/IUtpMessageReporter.cs using Guid(952b3dc7b47846947b37c8d3ae46579a) Importer(Primary)  -> (artifact id: 'fc4b6455c52b1ff7efd905d272049139') in 0.002135 seconds
Start importing Packages/com.unity.mathematics/Tests/Tests/Shared/TestUint2x3.gen.cs using Guid(957fb6da77f246049898f0ef4647166d) Importer(Primary)  -> (artifact id: '3040aa7cd2f56a5af8eb8851a0c2cff9') in 0.001628 seconds
Start importing Packages/com.unity.test-framework/UnityEditor.TestRunner/TestLaunchers/EditModeLauncherContextSettings.cs using Guid(a582090813554df479fb9ca03e9857d3) Importer(Primary)  -> (artifact id: 'ca2621837f1929218759adf2444e6374') in 0.001418 seconds
Start importing Packages/com.unity.mathematics/Unity.Mathematics/half.cs using Guid(a513f9316035e1649a644c2e9f69c12a) Importer(Primary)  -> (artifact id: '8b73e7acf8e57807397212b7943a5c85') in 0.001528 seconds
Start importing Packages/com.unity.cloud.gltfast/Runtime/Scripts/ReadOnlyNativeArrayFromManagedArray.cs using Guid(a5186ab506ef4c799331461f95f8aac0) Importer(Primary)  -> (artifact id: 'caff7a8e2414a024a20fe9f17078f42b') in 0.001979 seconds
Start importing Packages/com.unity.mathematics/Unity.Mathematics/math.cs using Guid(a54902d8339407348996f4a12702eaff) Importer(Primary)  -> (artifact id: 'dbb54783b880eacad4518ee1494daca7') in 0.001377 seconds
Start importing Packages/com.unity.mathematics/Tests/Tests/Shared/TestDouble4x2.gen.cs using Guid(a5dfd972b64a9fd4193994214128a39b) Importer(Primary)  -> (artifact id: 'a5c628884a96240f98fdacc81f95e105') in 0.001868 seconds
Start importing Packages/com.unity.burst/Runtime/CompilerServices/Hint.cs using Guid(b570e06d83103645837b57ee63c39049) Importer(Primary)  -> (artifact id: 'fa9ea32c4be06c019973b3d66fc2b194') in 0.001385 seconds
Start importing Packages/com.unity.cloud.gltfast/Runtime/Scripts/Export/MetaMaterialExport.cs using Guid(b55647004f16f43779484197ae1b3948) Importer(Primary)  -> (artifact id: '27ba06e35e82ae212acd003bffa41840') in 0.001629 seconds
Start importing Packages/com.unity.test-framework/UnityEngine.TestRunner/NUnitExtensions/Runner/CoroutineTestWorkItem.cs using Guid(b557515fff172984e8c4400b43f1c631) Importer(Primary)  -> (artifact id: '340328668ee8e5fc3b1d8ce55dded7e7') in 0.001556 seconds
Start importing Packages/com.unity.mathematics/Tests/Tests/Shared/TestFloat2x3.gen.cs using Guid(c55c5a192a2ac9046aed8be3f03ce6f2) Importer(Primary)  -> (artifact id: '9bd15701bf81eb7408ee7b6219b48cf9') in 0.001769 seconds
Start importing Packages/com.unity.cloud.gltfast/Runtime/Scripts/Schema/AccessorSparse.cs using Guid(d5107deefbab54514a92dda67b7134f1) Importer(Primary)  -> (artifact id: '64637bcc1902b230fbcdd259f874759e') in 0.002056 seconds
Start importing Packages/com.unity.cloud.gltfast/Runtime/Scripts/Export/GltfUnlitMaterialExporter.cs using Guid(d5a294b5b6f244ad2ac0b57a0bdedc25) Importer(Primary)  -> (artifact id: '67f6dd327a618a7d11638ae6a4bcc226') in 0.001249 seconds
Start importing Packages/com.unity.mathematics/Tests/Tests/Shared/TestFloat4x3.gen.cs using Guid(d5d74a51bcf6045408a569332921009f) Importer(Primary)  -> (artifact id: 'b71ba29d9948a9c9203302348977a919') in 0.001265 seconds
Start importing Packages/com.unity.cloud.gltfast/Runtime/Scripts/Newtonsoft/Schema/UnclassifiedData.cs using Guid(d58ed01ecd92540a0bfbc85c88414390) Importer(Primary)  -> (artifact id: '89f4093d4ad56f94c83e31fb211b9122') in 0.001190 seconds
Start importing Packages/com.unity.mathematics/Tests/Tests/Shared/TestBitmanipulation.cs using Guid(e5e8e2bd97f047f4aa27c8449c8844a2) Importer(Primary)  -> (artifact id: '2946d2e2130b6fdb8b3abf94ed54886d') in 0.001223 seconds
Start importing Packages/com.unity.test-framework/UnityEditor.TestRunner/Api/Analytics/AnalyticsTestCallback.cs using Guid(f5e82966bb8646269e2e46b6ddf2d89f) Importer(Primary)  -> (artifact id: '5e60af9ec9e4b11d0f4728975c8305dd') in 0.001223 seconds
Start importing Packages/com.unity.cloud.gltfast/Runtime/Scripts/AccessorUsage.cs using Guid(06080d8f74e694868be3567452bb8dd0) Importer(Primary)  -> (artifact id: 'd3685513b6b92ea83b5bfcca9d7c709b') in 0.001182 seconds
Start importing Packages/com.unity.cloud.gltfast/Runtime/Scripts/Newtonsoft/Schema/Node.cs using Guid(06787e053436e418890fc97e6f33747e) Importer(Primary)  -> (artifact id: '5c0cc02f9bd89a6a72398ff085e69afd') in 0.001309 seconds
Start importing Packages/com.unity.test-framework/UnityEngine.TestRunner/Utils/MonoBehaviourTest/MonoBehaviourTest.cs using Guid(164c9b1458eaab743a4b45c37a4d720d) Importer(Primary)  -> (artifact id: '7cb57995fbc8712c78032cada513b7c2') in 0.001613 seconds
Start importing Packages/com.unity.mathematics/Tests/Tests/Shared/TestBool3x3.gen.cs using Guid(16fef77cdd788b54983aea9d37b2efb1) Importer(Primary)  -> (artifact id: '756551af156d0a444d206cab5559d222') in 0.001551 seconds
Start importing Packages/com.unity.test-framework/UnityEngine.TestRunner/NUnitExtensions/Runner/RestoreTestContextAfterDomainReload.cs using Guid(26721f9940339264fb14bdbfe1290e21) Importer(Primary)  -> (artifact id: '516b0601cd872a8acd897f464e0af42a') in 0.001531 seconds
Start importing Packages/com.unity.burst/Runtime/BurstRuntime.cs using Guid(26d2421d124d30c4b5dbee7057243ab2) Importer(Primary)  -> (artifact id: '191b5ac14f235f7c88ca8ece357499ca') in 0.001529 seconds
Start importing Packages/com.unity.test-framework/UnityEditor.TestRunner/TestRunner/Utils/CachingTestListProvider.cs using Guid(26f3e7301af463c4ca72fa98d59b429e) Importer(Primary)  -> (artifact id: '85b41150eff08df9314c8c0bf76d42fb') in 0.001440 seconds
Start importing Packages/com.unity.cloud.gltfast/Runtime/Scripts/MaterialsVariants/IMaterialsVariantsSlot.cs using Guid(266607c6e4de4c93a609c84e110a8ed1) Importer(Primary)  -> (artifact id: 'c1c1760842a99b8aba18f03a9d32c6fe') in 0.001513 seconds
Start importing Packages/com.unity.cloud.gltfast/Runtime/Scripts/ITextureImageLoader.cs using Guid(268f33ff6c85b4918a334de4b754d9c3) Importer(Primary)  -> (artifact id: '4383acc24a6a485a66a9d9ad3a847983') in 0.001476 seconds
Start importing Packages/com.unity.mathematics/Tests/Tests/Shared/TestQuaternion.cs using Guid(36c7224b1052973439eead9de857ea33) Importer(Primary)  -> (artifact id: '488d953c863ca73fa7a6d9941936345c') in 0.001753 seconds
Start importing Packages/com.unity.cloud.gltfast/Runtime/Scripts/Newtonsoft/Schema/Image.cs using Guid(462254e36014342ee9e7dfbe36c459c2) Importer(Primary)  -> (artifact id: 'ea1467a18c3e6088d1eb571e8d6fe65a') in 0.001428 seconds
Start importing Packages/com.unity.cloud.gltfast/Runtime/Scripts/Schema/MaterialsVariantsExtension.cs using Guid(46b6755b4e1ea26458bb828b1dee3739) Importer(Primary)  -> (artifact id: '9374164e83212f3906b3d5d7f6b4589d') in 0.001545 seconds
Start importing Packages/com.unity.collections/Unity.Collections.Tests/EmbeddedPackageOnlyTestAttribute.cs using Guid(4668a20175cc94ab284013b3a4ce4a9e) Importer(Primary)  -> (artifact id: 'e58e44cbe4de51410726b999ae757410') in 0.001601 seconds
Start importing Packages/com.unity.mathematics/Unity.Mathematics/Noise/noise3D.cs using Guid(466846e8fd30645168912f2824cedb87) Importer(Primary)  -> (artifact id: '637dfa7b7f9eec28e6b886959bdf27af') in 0.001881 seconds
Start importing Packages/com.unity.mathematics/Unity.Mathematics/bool2x2.gen.cs using Guid(466955346f18d45f1811f3683f9cf707) Importer(Primary)  -> (artifact id: '9f9ce325221ac57ba34f120f6be340e5') in 0.001215 seconds
Start importing Packages/com.unity.collections/Unity.Collections/UnsafeAppendBuffer.cs using Guid(469c3f7cf80934f0fb79e0ab07665b81) Importer(Primary)  -> (artifact id: 'a44b4ffba40601388c1c350cbe8807d1') in 0.001324 seconds
Start importing Packages/com.unity.collections/Unity.Collections.Tests/FastAssert.cs using Guid(46bf253b4ab641ca9ead38f10efc8d17) Importer(Primary)  -> (artifact id: '25455b57f4b18d12fcb4f202cb00153f') in 0.001237 seconds
Start importing Packages/com.unity.cloud.gltfast/Runtime/Scripts/Material/MaterialProperty.cs using Guid(46ffb279168944b629c5b48e26eeba18) Importer(Primary)  -> (artifact id: '8d2c7bb51912b63a63df74eb15410d65') in 0.001315 seconds
Start importing Packages/com.unity.collections/Unity.Collections/DebugView.cs using Guid(66302e43465db41bc9a7b142b2157ac6) Importer(Primary)  -> (artifact id: '390c51cca34499c995fffa452e3dfad8') in 0.001562 seconds
Start importing Packages/com.unity.collections/Unity.Collections/NativeHashSetExtensions.gen.cs using Guid(66713ae417f65c84c944fd6fa9e80129) Importer(Primary)  -> (artifact id: '30b4c6630f61f97d98c96fb03eb9ecf6') in 0.001784 seconds
Start importing Packages/com.unity.cloud.gltfast/Runtime/Scripts/Export/ExportJobs.cs using Guid(6674c1f674c774250b3ff7a9abb099d5) Importer(Primary)  -> (artifact id: '8f36a91aabf2d525034e8fdea5bc0357') in 0.001745 seconds
Start importing Packages/com.unity.collections/Unity.Collections/FixedStringFormat.gen.cs using Guid(66f7a4570af244dfacfded8cc0c60aec) Importer(Primary)  -> (artifact id: '3908793f05ca673183fe28748d43eade') in 0.001660 seconds
Start importing Packages/com.unity.burst/Runtime/Editor/BurstReflection.cs using Guid(661ba2a1bdac339cb55c6a43b9eaa0ee) Importer(Primary)  -> (artifact id: '6c0872643b9cc002ce52b684b140f4aa') in 0.001279 seconds
Start importing Packages/com.unity.test-framework/UnityEditor.TestRunner/TestLaunchers/PlatformSetup/UwpPlatformSetup.cs using Guid(667c6ad86a0b7a548aaa5c287f2c2861) Importer(Primary)  -> (artifact id: 'ce7c19057a62023f1f02adc25a60d054') in 0.001487 seconds
Start importing Packages/com.unity.test-framework/UnityEngine.TestRunner/Utils/TestRunCallbackAttribute.cs using Guid(76b3a3296de548f48b0c3d088fb4b490) Importer(Primary)  -> (artifact id: '1cfb732d25cc2cdffd2a9d4de848d5ab') in 0.001704 seconds
Start importing Packages/com.unity.cloud.gltfast/Runtime/Scripts/sbyte3.cs using Guid(765bc881475b4cf7bd890fb7d49a70fd) Importer(Primary)  -> (artifact id: 'd64f92c268fc807e7ed387d374ae9047') in 0.001260 seconds
Start importing Packages/com.unity.test-framework/UnityEngine.TestRunner/Assertions/InvalidSignatureException.cs using Guid(9650d910fcaefb34cb45f121c1993892) Importer(Primary)  -> (artifact id: 'b20838b6bbed44c00cd2baf0745a62ef') in 0.001787 seconds
Start importing Packages/com.unity.test-framework/UnityEditor.TestRunner/TestLaunchers/PlatformSetup/AndroidPlatformSetup.cs using Guid(961642509dec50b44a293d26240140ec) Importer(Primary)  -> (artifact id: '3bf495ab63d80e4c79a36558ff694687') in 0.001515 seconds
Start importing Packages/com.unity.burst/Runtime/Intrinsics/v64.cs using Guid(96f6238860a6336296ab17b81a3cc3a2) Importer(Primary)  -> (artifact id: '43b02a6b5be439cb14907dc76f209500') in 0.001242 seconds
Start importing Packages/com.unity.cloud.gltfast/Editor/Scripts/Utils.cs using Guid(966d97ab7ca974903930d757b9107bd5) Importer(Primary)  -> (artifact id: 'deda128e263fe33479e2eb0be7793c94') in 0.001737 seconds
Start importing Packages/com.unity.test-framework/UnityEditor.TestRunner/RequireApiProfileAttribute.cs using Guid(a667f6654ad7a9548b8c8e68b51c8895) Importer(Primary)  -> (artifact id: '36f3455e50932e314784862e6dac05f0') in 0.001414 seconds
Start importing Packages/com.unity.mathematics/Tests/Tests/Shared/TestInt2.gen.cs using Guid(a60a1141ea2c3bc49b14be2842a73f00) Importer(Primary)  -> (artifact id: '0f89a0ed46dc134bef4ef84c4bf9d023') in 0.001126 seconds
Start importing Packages/com.unity.collections/Unity.Collections/ConcurrentMask.cs using Guid(c6561bdb03b3b415a9725d8af46e62d4) Importer(Primary)  -> (artifact id: '8d4ed761590906c1f8aff043b2cefdb8') in 0.001170 seconds
Start importing Packages/com.unity.cloud.gltfast/Runtime/Scripts/MaterialsVariants/MultiMaterialsVariantsSlotInstances.cs using Guid(c6aa6418ed574092ab2e55c01bb51b08) Importer(Primary)  -> (artifact id: 'd0b5edb94fdb1bdd7297127bb99dd333') in 0.001959 seconds
Start importing Packages/com.unity.test-framework/UnityEngine.TestRunner/Utils/ColorEqualityComparer.cs using Guid(d6105bc8cf5ce544487daca4cbc62583) Importer(Primary)  -> (artifact id: '1406acd3e2729cf03f3f0d4dd5707b8c') in 0.002210 seconds
Start importing Packages/com.unity.cloud.gltfast/Runtime/Scripts/ImportAddons/ImportAddonInstance.cs using Guid(d6f2c241a52b7234dbfe39b9cae0a16c) Importer(Primary)  -> (artifact id: '6d8f0c20b06b1da7eb580413a81a42d1') in 0.001262 seconds
Start importing Packages/com.unity.test-framework/UnityEditor.TestRunner/TestRunner/Utils/TestListCache.cs using Guid(d685d97a1eb004f49afea0cc982ff728) Importer(Primary)  -> (artifact id: '35acd12131fb5fa8725ebb880268f0ed') in 0.001879 seconds
Start importing Packages/com.unity.collections/Unity.Collections.Tests/RewindableAllocatorTests.cs using Guid(d6f62a44924d8df438a53cc6b81bef95) Importer(Primary)  -> (artifact id: '51af23737154457b44155eff6efce285') in 0.001378 seconds
Start importing Packages/com.unity.cloud.gltfast/Runtime/Scripts/Newtonsoft/Schema/Scene.cs using Guid(e650e70c9d30b4e0a822850ca68fc95d) Importer(Primary)  -> (artifact id: '1a71f33cf0de34d0dc62282dfd58bfe0') in 0.001108 seconds
Start importing Packages/com.unity.collections/Unity.Collections.Tests/FixedStringCultureTests.cs using Guid(e63bf9a80e1c4f6fa05404f9afe1bb32) Importer(Primary)  -> (artifact id: '3278fdce3916fe7f4f48ec11810b8786') in 0.001160 seconds
Start importing Packages/com.unity.test-framework/UnityEditor.TestRunner/TestLaunchers/PlatformSetup/ApplePlatformSetup.cs using Guid(f6c189a159d3bde4c964cee562e508ea) Importer(Primary)  -> (artifact id: '55019871e94cd54e04d6d87301edf930') in 0.001834 seconds
Start importing Packages/com.unity.mathematics/Unity.Mathematics/float2x3.gen.cs using Guid(f6047b8d8f85d4465b798320ea146853) Importer(Primary)  -> (artifact id: '015a9384078ad33ac39ed747e2418f66') in 0.001356 seconds
Start importing Packages/com.unity.mathematics/Tests/Tests/Shared/TestInt3x4.gen.cs using Guid(f6cb6aa9b75ca25439dd64f10fe7d737) Importer(Primary)  -> (artifact id: '4d385a27f8a4e55f3eef6c3be5afa50c') in 0.001874 seconds
Start importing Packages/com.unity.mathematics/Unity.Mathematics/bool2.gen.cs using Guid(0790199222baf67419fdf802d76f93f5) Importer(Primary)  -> (artifact id: 'e9493e7221cb2b54e7979b060a43dae7') in 0.001251 seconds
Start importing Packages/com.unity.cloud.gltfast/Runtime/Scripts/Newtonsoft/Schema/NormalTextureInfo.cs using Guid(07b06e1d020cb4679829a32b7567b949) Importer(Primary)  -> (artifact id: '927c64ed2f06e79baca171719d69e593') in 0.001313 seconds
Start importing Packages/com.unity.cloud.gltfast/Runtime/Scripts/Schema/MeshGpuInstancing.cs using Guid(0717469a78ddd47b88fc4d71b9f07e95) Importer(Primary)  -> (artifact id: '1746a187b6ff8b3f8f9d94cb5a37ca7b') in 0.001270 seconds
Start importing Packages/com.unity.cloud.gltfast/Runtime/Scripts/MainBufferType.cs using Guid(072826d1e49740aaa4e40be31b49e7b5) Importer(Primary)  -> (artifact id: '801420ac63bb418eaedcb57998868c46') in 0.001305 seconds
Start importing Packages/com.unity.collections/Unity.Collections.Tests/NativeHashMapTestsFixture.cs using Guid(073d9e43aff74464ab326f22b63d0dce) Importer(Primary)  -> (artifact id: '9b00955eee7ade3276d29d09d2dbf0fe') in 0.001560 seconds
Start importing Packages/com.unity.mathematics/Tests/Tests/Shared/TestInt4x4.gen.cs using Guid(17b4cf050aaf4e44e965ec9de78ce8bd) Importer(Primary)  -> (artifact id: '5e5d005f80836728105a2e53835dad65') in 0.001560 seconds
Start importing Packages/com.unity.burst/Runtime/CompilerServices/AssumeRangeAttribute.cs using Guid(17055f9e032f36c6ae549103649199f4) Importer(Primary)  -> (artifact id: '1e07de83589c62c96609073dcadf9259') in 0.001733 seconds
Start importing Packages/com.unity.cloud.gltfast/Runtime/Scripts/ImageFormat.cs using Guid(1777ea20287043208f52643fc1b80201) Importer(Primary)  -> (artifact id: '0559a4778b82b243d8b1fc43da0dbe9f') in 0.001366 seconds
Start importing Packages/com.unity.mathematics/Unity.Mathematics/double4x2.gen.cs using Guid(2780651a7c8e8413da73612cb720fbac) Importer(Primary)  -> (artifact id: '76195c16c6543e2e5defdcb6df48f141') in 0.002391 seconds
Start importing Packages/com.unity.test-framework/UnityEditor.TestRunner/GUI/TestListTreeView/Icons.cs using Guid(27769e9b00b038d47aefe306a4d20bec) Importer(Primary)  -> (artifact id: '8678f27b0b28da446d4bfbf4615baf0f') in 0.001337 seconds
Start importing Packages/com.unity.mathematics/Tests/Tests/Shared/TestFloat3x3.gen.cs using Guid(27c6e6d3cc1ef6643995a494e7e3b0d3) Importer(Primary)  -> (artifact id: '5c99bd14b6bed17d6837c14f6501134f') in 0.001168 seconds
Start importing Packages/com.unity.test-framework/UnityEngine.TestRunner/TestRunner/PlaymodeTestsControllerSettings.cs using Guid(2799eb4c84e72e54092a292cf626936b) Importer(Primary)  -> (artifact id: '336b7a50670e443aa1c2509fd8e2e84d') in 0.001434 seconds
Start importing Packages/com.unity.collections/Unity.Collections/UnsafeList.cs using Guid(277dac84baaf845b1952f2269f374912) Importer(Primary)  -> (artifact id: 'b25ed17ad61daf7384a2542c0352c08c') in 0.001344 seconds
Start importing Packages/com.unity.mathematics/Tests/Tests/Shared/TestUint2x4.gen.cs using Guid(27ff3548fed6aa741b4d1d7cb7a291e2) Importer(Primary)  -> (artifact id: '3475f1383864e45cc65db9625a979551') in 0.001316 seconds
Start importing Packages/com.unity.test-framework/UnityEngine.TestRunner/NUnitExtensions/BaseDelegator.cs using Guid(37cea569bfefafe49a1513c4d7f0e9eb) Importer(Primary)  -> (artifact id: '15f1373778a19909d7b5dced48097629') in 0.001238 seconds
Start importing Packages/com.unity.test-framework/UnityEditor.TestRunner/TestRun/Tasks/LegacyPlayModeRunTask.cs using Guid(4769fe1e7475c8843b092338acbcad25) Importer(Primary)  -> (artifact id: '8df0fb4c62b62aa5b1541e5093fafde9') in 0.001505 seconds
Start importing Packages/com.unity.test-framework/UnityEngine.TestRunner/TestRunner/RemoteHelpers/RemoteTestResultDataWithTestData.cs using Guid(475e3699f219c854f8581a9838135002) Importer(Primary)  -> (artifact id: 'af9841aa1640b80173778528f1b2512a') in 0.001544 seconds
Start importing Packages/com.unity.cloud.gltfast/Runtime/Scripts/Schema/BufferView.cs using Guid(5702646506dff47cdb2db09a4826449c) Importer(Primary)  -> (artifact id: '9619ad331895a4cb597437d203cf427d') in 0.001406 seconds
Start importing Packages/com.unity.cloud.gltfast/DocExamples/WebP.cs using Guid(57b70c10212fe4854b0d656de33430f0) Importer(Primary)  -> (artifact id: '1ac0e7b9de5fda18abf2785efa3ff230') in 0.001509 seconds
Start importing Packages/com.unity.burst/Runtime/CompilerServices/Aliasing.cs using Guid(57a9f349ecdd3cd6b50a30954d4f50f3) Importer(Primary)  -> (artifact id: '5089898d477fa2dcc9aa04892be96d66') in 0.001637 seconds
Start importing Packages/com.unity.cloud.gltfast/Runtime/Scripts/Schema/TextureInfo.cs using Guid(572a904f8474e4747b6d2f1cd6924704) Importer(Primary)  -> (artifact id: '558b4e98c14dd7eb126e22641237b93a') in 0.001415 seconds
Start importing Packages/com.unity.mathematics/Unity.Mathematics/int3x4.gen.cs using Guid(67f00d3260d3e46778497ed1e2b93c92) Importer(Primary)  -> (artifact id: 'b435f6e8fa81b38fffb21a325ae9fba2') in 0.001318 seconds
Start importing Packages/com.unity.cloud.gltfast/Runtime/Scripts/Schema/FakeSchema/NamedObject.cs using Guid(6713b2eb802bd4e52972bc2edc82c0de) Importer(Primary)  -> (artifact id: '31a015a98627e5588ed7c658b2555c1a') in 0.001449 seconds
Start importing Packages/com.unity.mathematics/Unity.Mathematics/double4x3.gen.cs using Guid(673ff09d67f254e00a538d7bbb41618e) Importer(Primary)  -> (artifact id: '2d366853d1b42c28622ed56eb1f82035') in 0.001229 seconds
Start importing Packages/com.unity.test-framework/UnityEditor.TestRunner/UnityTestProtocol/TestState.cs using Guid(77f432980bb30084299a138e15c6f571) Importer(Primary)  -> (artifact id: 'e4b5caf74dacf339616c086c32aadaec') in 0.001233 seconds
Start importing Packages/com.unity.mathematics/Tests/Tests/Shared/TestDouble4.gen.cs using Guid(872190ea505e35646b9b1e492b8316c7) Importer(Primary)  -> (artifact id: '5a0646a8ce022b25525112f539fdf31e') in 0.001234 seconds
Start importing Packages/com.unity.cloud.gltfast/Editor/Scripts/InstantiationSettingsEditor.cs using Guid(8793e79932a5c408db9aafd1b924a99a) Importer(Primary)  -> (artifact id: 'c4610f03746827bf851c78fb034cfd90') in 0.001796 seconds
Start importing Packages/com.unity.test-framework/UnityEditor.TestRunner/GUI/TestListBuilder/RenderingOptions.cs using Guid(87357ff0dec4ef348a295235835c6ee4) Importer(Primary)  -> (artifact id: 'e9301074a61e48d9516df210f36db316') in 0.001582 seconds
Start importing Packages/com.unity.test-framework/UnityEngine.TestRunner/TestRunner/RemoteHelpers/IRemoteTestResultDataFactory.cs using Guid(874c0713cdc44f549b0161750b48d2c2) Importer(Primary)  -> (artifact id: 'ce646ad9af5a2c9444d6d430511661e6') in 0.001630 seconds
Start importing Packages/com.unity.mathematics/Unity.Mathematics/int3.gen.cs using Guid(87ec2d8734054e84fa6976e8e8d4decf) Importer(Primary)  -> (artifact id: 'a542097d652508b05e919778e831c09c') in 0.001620 seconds
Start importing Packages/com.unity.test-framework/UnityEngine.TestRunner/NUnitExtensions/Runner/UnityTestAssemblyRunner.cs using Guid(874e40a588dbb1e48bc128d686337d4e) Importer(Primary)  -> (artifact id: 'cf0b1e36874a50211c8706212708bc72') in 0.001282 seconds
Start importing Packages/com.unity.test-framework/UnityEditor.TestRunner/GUI/TestListGuiHelper.cs using Guid(97a05971510726f438153cd4987526fb) Importer(Primary)  -> (artifact id: 'e598fa7e59470cfbf6e3c3093023c6f0') in 0.001238 seconds
Start importing Packages/com.unity.cloud.gltfast/Editor/Scripts/MenuEntries.cs using Guid(97759b33473f943e5a24b78714284966) Importer(Primary)  -> (artifact id: 'fb3d2797f110a67990acf57431e20f26') in 0.001258 seconds
Start importing Packages/com.unity.cloud.gltfast/Runtime/Scripts/Newtonsoft/Schema/AnimationChannelTarget.cs using Guid(974d322f0af294677849e82275f3e4cd) Importer(Primary)  -> (artifact id: 'de9434e8c2792c395b694c57237c565d') in 0.001297 seconds
Start importing Packages/com.unity.test-framework/UnityEditor.TestRunner/TestRunner/Utils/ITestListCache.cs using Guid(a704c010bcdb1ec4a9f3417b3c393164) Importer(Primary)  -> (artifact id: '4f00be345da27eed2e23e22fcc30163c') in 0.001111 seconds
Start importing Packages/com.unity.test-framework/UnityEditor.TestRunner/Api/ITestRunnerApi.cs using Guid(a7842a837a4b13e41ae16193db753418) Importer(Primary)  -> (artifact id: '94f76bc5e159a4ac03b93ba7492f0ed8') in 0.001357 seconds
Start importing Packages/com.unity.cloud.gltfast/Runtime/Scripts/Material/StandardShaderMode.cs using Guid(a715adcf96ba44d4942421825c100be0) Importer(Primary)  -> (artifact id: '1488036cc4312a0fe5938fb807d95e03') in 0.001267 seconds
Start importing Packages/com.unity.mathematics/Tests/Tests/Shared/TestInt3x2.gen.cs using Guid(a70be02e3e9e4764494cdb824f94da34) Importer(Primary)  -> (artifact id: 'e5f743ba5fb1bfd5a3b04b5d9b20b6c2') in 0.001228 seconds
Start importing Packages/com.unity.burst/Runtime/Intrinsics/v256.cs using Guid(b7010e2961793c8ab9d5fec3d5c886d0) Importer(Primary)  -> (artifact id: '15f85e0289ba3fe7db369594d6ec2e27') in 0.001440 seconds
Start importing Packages/com.unity.cloud.gltfast/Runtime/Scripts/GltfAsset.cs using Guid(b781fe673a5534e91b1e802df4b9362e) Importer(Primary)  -> (artifact id: '5df1625f0262a3b74d1db8ed1dacc350') in 0.001312 seconds
Start importing Packages/com.unity.mathematics/Unity.Mathematics/Geometry/Plane.cs using Guid(b715caa4800cd41edbf02f1d3a42accf) Importer(Primary)  -> (artifact id: '8f1ae2c7f4939975a25543ceb5808cde') in 0.001375 seconds
Start importing Packages/com.unity.cloud.gltfast/Runtime/Scripts/Schema/LightsPunctual.cs using Guid(b765f9e02011a4b179f65edd75f6a211) Importer(Primary)  -> (artifact id: '8cf5896ec3e3329517498b8e1edc37a0') in 0.001352 seconds
Start importing Packages/com.unity.test-framework/UnityEditor.TestRunner/CommandLineTest/SettingsBuilder.cs using Guid(b7468a027a77337478e133b40b42b4f9) Importer(Primary)  -> (artifact id: '2298ec0004ca0c5c5d8ac5916546a3b4') in 0.001674 seconds
Start importing Packages/com.unity.cloud.gltfast/Runtime/Scripts/MeshGenerator.cs using Guid(b7961021efef94307ab4b56591af0235) Importer(Primary)  -> (artifact id: '06096bec007d94a23064d6b8907c99b4') in 0.001235 seconds
Start importing Packages/com.unity.collections/Unity.Collections.Tests/NativeReferenceTests.cs using Guid(b737b50d5785388458f6bc50c9dfa8ea) Importer(Primary)  -> (artifact id: '9ea9aea60d67e7140e5f95dce3f6df7d') in 0.001259 seconds
Start importing Packages/com.unity.mathematics/Unity.Mathematics.Editor/QuaternionDrawer.cs using Guid(b78c76192c2e742779541501cfe4ca76) Importer(Primary)  -> (artifact id: '19743381f11ea517891e052d15fa0aba') in 0.001369 seconds
Start importing Packages/com.unity.mathematics/Tests/Tests/Shared/TestBool4x2.gen.cs using Guid(c7ec685ec2ccae14a851a50b1bcbebfa) Importer(Primary)  -> (artifact id: '72057fc7d9ffac35effd73b9b2874fef') in 0.001731 seconds
Start importing Packages/com.unity.test-framework/UnityEngine.TestRunner/NUnitExtensions/Runner/DefaultTestWorkItem.cs using Guid(c7cfda246e604b945b12b7afedb094ce) Importer(Primary)  -> (artifact id: '622b4871d335af50634fa6d53f17cb0e') in 0.001901 seconds
Start importing Packages/com.unity.test-framework/UnityEditor.TestRunner/Api/ICallbacksHolder.cs using Guid(d742f2caefd9f934d9f19dad07a08e6f) Importer(Primary)  -> (artifact id: '3247dfcde99445e8b219cf7506c91135') in 0.001270 seconds
Start importing Packages/com.unity.cloud.gltfast/DocExamples/PngTextureAddon.cs using Guid(e77fb6b01275544b8a3e420cbb55bae5) Importer(Primary)  -> (artifact id: 'c9f49949f13607c3e8c159bf85406b5c') in 0.001413 seconds
Start importing Packages/com.unity.burst/Runtime/Intrinsics/Arm/NEON_AArch64_rdma.cs using Guid(082593b719933f8b9f8feb40687d867e) Importer(Primary)  -> (artifact id: 'a86b1cec2ff09c05f2d6aada555b92f1') in 0.001271 seconds
Start importing Packages/com.unity.test-framework/UnityEditor.TestRunner/CommandLineTest/Executer.cs using Guid(083c6a3a5426382449369ddc12b691d8) Importer(Primary)  -> (artifact id: 'c4b91980ad549dde17c4172dbbce45f7') in 0.001195 seconds
Start importing Packages/com.unity.burst/Runtime/Intrinsics/x86/Sse3.cs using Guid(084c864f475138fba5e71aa0c9653558) Importer(Primary)  -> (artifact id: '07ae1a5289976d24a5d018411643f509') in 0.001187 seconds
Start importing Packages/com.unity.cloud.gltfast/Runtime/Scripts/CancellationTokenExtension.cs using Guid(185562e36ae2ca14ab3c7be4bdde2e08) Importer(Primary)  -> (artifact id: '8ddf856ebe91209e3a660457706fc63d') in 0.001097 seconds
Start importing Packages/com.unity.burst/Editor/LabeledPopup.cs using Guid(1866ac6bc48730369997713fedb42baa) Importer(Primary)  -> (artifact id: '7a04ddebfa3681a839ee42f70891241e') in 0.001790 seconds
Start importing Packages/com.unity.cloud.gltfast/Runtime/Scripts/Material/IMaterialGenerator.cs using Guid(18f79a702cf3643cfbaf70b50adb3271) Importer(Primary)  -> (artifact id: 'c4d0daace153b539c2ba797417fe38ed') in 0.001252 seconds
Start importing Packages/com.unity.mathematics/Unity.Mathematics/uint4x4.gen.cs using Guid(1878454c2f73547909bfcea105ffd941) Importer(Primary)  -> (artifact id: 'f655d5804ba3520b8fee1ebd9821eb9c') in 0.001139 seconds
Start importing Packages/com.unity.cloud.gltfast/Runtime/Scripts/DefaultDeferAgent.cs using Guid(18ca634d619a147bba2ce5e5ef3a1b47) Importer(Primary)  -> (artifact id: '4c3753f9fecf71a916bee87b50060f02') in 0.001157 seconds
Start importing Packages/com.unity.cloud.gltfast/Runtime/Scripts/IndicesData.cs using Guid(181b1b32e1f74eec8bcf1333fb5912aa) Importer(Primary)  -> (artifact id: 'c2fc3041e624c9b4237e9106761e19cd') in 0.001810 seconds
Start importing Packages/com.unity.cloud.gltfast/Runtime/Scripts/Newtonsoft/Schema/MeshExtras.cs using Guid(185c56300ecc94e1ebbbfc5892c374c2) Importer(Primary)  -> (artifact id: '8101532f506cb732900f458fa6cea644') in 0.001365 seconds
Start importing Packages/com.unity.mathematics/Unity.Mathematics/Noise/classicnoise4D.cs using Guid(283464e0e530a4cdfbf4fae82efed3e3) Importer(Primary)  -> (artifact id: '2e42ba5cb310f0049414af3a9d66a3eb') in 0.001217 seconds
Start importing Packages/com.unity.cloud.gltfast/Runtime/Scripts/Schema/Root.cs using Guid(28050f3203e034145b8c2139e518c2e6) Importer(Primary)  -> (artifact id: '657cfdc7545984110feb9548d6aeb171') in 0.001149 seconds
Start importing Packages/com.unity.test-framework/UnityEditor.TestRunner/UnityTestProtocol/TestPlanMessage.cs using Guid(28f79a0d7e64c2345bc46f8c4cf788f8) Importer(Primary)  -> (artifact id: '2e128d60422d694f7630412490b5cb7a') in 0.001372 seconds
Start importing Packages/com.unity.test-framework/UnityEditor.TestRunner/TestRunner/Utils/IEditorCompilationInterfaceProxy.cs using Guid(28c8fcb831e6e734a9f564bc4f495eba) Importer(Primary)  -> (artifact id: '31c0356c5576a86e66828b179c42612a') in 0.001730 seconds
Start importing Packages/com.unity.test-framework/UnityEngine.TestRunner/Utils/ITestRunCallback.cs using Guid(38d0b8a87b967304da08a2ae9b955066) Importer(Primary)  -> (artifact id: '69465528b4577b9b158ddfeb842e1d73') in 0.001306 seconds
Start importing Packages/com.unity.test-framework/UnityEngine.TestRunner/NUnitExtensions/Attributes/TestMustExpectAllLogsAttribute.cs using Guid(3803f736886e77842995ddbc3531afaa) Importer(Primary)  -> (artifact id: 'cec0a5bc7931011e041d64de6d9a5263') in 0.001209 seconds
Start importing Packages/com.unity.test-framework/UnityEngine.TestRunner/NUnitExtensions/Runner/UnityLogCheckDelegatingCommand.cs using Guid(48230e4e90fb4d14a9d56bddea898413) Importer(Primary)  -> (artifact id: '6a300b51d0ed60f54269b3fb1b2c2e70') in 0.001272 seconds
Start importing Packages/com.unity.test-framework/UnityEditor.TestRunner/Api/CallbacksHolder.cs using Guid(4884ccc3528cb2e40a0e6f0a19a2b35b) Importer(Primary)  -> (artifact id: 'f11a811f752e9b722ee9918f93ea2331') in 0.001200 seconds
Start importing Packages/com.unity.collections/Unity.Collections.Tests/GcAllocRecorderTest.cs using Guid(58905de7f0380435aa51db1472b48ca8) Importer(Primary)  -> (artifact id: '891845a61f698cb735f02aaf67bf1534') in 0.001231 seconds
Start importing Packages/com.unity.collections/Unity.Collections/UnsafeAtomicCounter.cs using Guid(5811fa70eb1e3da40b802cd058899005) Importer(Primary)  -> (artifact id: '48c6bcfc474ee3f5660d7c5f60f35ef3') in 0.001717 seconds
Start importing Packages/com.unity.collections/Unity.Collections.Tests/UnsafeAtomicCounterTests.cs using Guid(586151f33b0f56d4e982fc9661d27323) Importer(Primary)  -> (artifact id: '538f0307e09956012e1730094193ed84') in 0.001365 seconds
Start importing Packages/com.unity.mathematics/Tests/Tests/Shared/TestBool4x3.gen.cs using Guid(58c624ce115ab234d9a595288af4c5e0) Importer(Primary)  -> (artifact id: '0be38a5e19e83eae7b0ca6f0b0a5d57c') in 0.001203 seconds
Start importing Packages/com.unity.cloud.gltfast/Runtime/Scripts/Schema/AnimationChannel.cs using Guid(584d57f629674f6a9620cdb1ab2b1fcd) Importer(Primary)  -> (artifact id: '4dbcc1ad82adbbc2d63803386faf9dec') in 0.001481 seconds
Start importing Packages/com.unity.test-framework/UnityEngine.TestRunner/Utils/Vector2EqualityComparer.cs using Guid(58ad09607a0d62d458a78d7174665566) Importer(Primary)  -> (artifact id: 'f9abdd93ed39d4f3f5c583f737794f62') in 0.001762 seconds
Start importing Packages/com.unity.burst/Editor/BurstDisassembler.Core.ARM64.info.cs using Guid(58bea487d1963bbab5d6d2ca5e5e495d) Importer(Primary)  -> (artifact id: '3c3ddd05d5bc6e27f061bfd540acbe46') in 0.001236 seconds
Start importing Packages/com.unity.test-framework/UnityEngine.TestRunner/Utils/TestRunCallbackListener.cs using Guid(68f09f0f82599b5448579854e622a4c1) Importer(Primary)  -> (artifact id: '02bd4a4686d982a886a260cafa794a74') in 0.001216 seconds
Start importing Packages/com.unity.cloud.gltfast/Editor/Scripts/GltfAssetEditor.cs using Guid(683196dff1b6443d89c2ead90facfbc3) Importer(Primary)  -> (artifact id: '914eb369ff75d1b3c93c5df3c01ba080') in 0.001142 seconds
Start importing Packages/com.unity.mathematics/Tests/Tests/Shared/TestInt4.gen.cs using Guid(682471010e9050444948ecc9c69b3b0c) Importer(Primary)  -> (artifact id: 'd0d19ebb34e186251eef23f342f0646b') in 0.001129 seconds
Start importing Packages/com.unity.test-framework/UnityEngine.TestRunner/Assertions/ConstraintsExtensions.cs using Guid(68a48d1900320ed458e118415857faf6) Importer(Primary)  -> (artifact id: '54ab6818ceb2535b55575cfa6bf6289a') in 0.001207 seconds
Start importing Packages/com.unity.test-framework/UnityEngine.TestRunner/NUnitExtensions/Runner/FailCommand.cs using Guid(68e5dc8bfd5d72647a93b7f2e1da831a) Importer(Primary)  -> (artifact id: '3b7c8cbc5f5b78dcb600952499f970b8') in 0.001415 seconds
Start importing Packages/com.unity.mathematics/Unity.Mathematics/Noise/noise3Dgrad.cs using Guid(6849bb8369e5b4b2eb95e435578ff960) Importer(Primary)  -> (artifact id: '66aa4125a7130eca1bca232d30e22794') in 0.001111 seconds
Start importing Packages/com.unity.test-framework/UnityEditor.TestRunner/Api/TestRunnerApi.cs using Guid(68993ba529ae04440916cb7c23bf3279) Importer(Primary)  -> (artifact id: '5727b0aa634a8b50ac154583d69054ed') in 0.001729 seconds
Start importing Packages/com.unity.burst/Editor/BurstDisassembler.Core.LLVMIR.cs using Guid(782955a5862f386abfcec83b7a2d0f2c) Importer(Primary)  -> (artifact id: '651f0e28597d6e0a388aba59ef987261') in 0.001291 seconds
Start importing Packages/com.unity.collections/Unity.Collections.Tests/NativeHashSetTests.cs using Guid(78ef485c88176444bae5f0fce37b4e29) Importer(Primary)  -> (artifact id: 'fa3078eb630837b8618a4a719660cdc0') in 0.001469 seconds
Start importing Packages/com.unity.collections/Unity.Collections.Tests/DotsRuntimeIgnore.cs using Guid(88c1558fd20459c4d8c2082f9374d226) Importer(Primary)  -> (artifact id: 'fe9a8d8b40e3df63ea96476796c122cb') in 0.001732 seconds
Start importing Packages/com.unity.collections/Unity.Collections.Tests/UnsafeRingQueueTests.cs using Guid(885d383951746604982b43fd5255f058) Importer(Primary)  -> (artifact id: '024935fe44c9cba694507546b2078bd2') in 0.001138 seconds
Start importing Packages/com.unity.cloud.gltfast/Runtime/Scripts/Newtonsoft/Schema/IJsonObject.cs using Guid(889e78445a4b4b2083daa1e7c96601a2) Importer(Primary)  -> (artifact id: '852e09ad237475be3e51f90e692b9460') in 0.001299 seconds
Start importing Packages/com.unity.test-framework/UnityEditor.TestRunner/TestRunner/Utils/IEditorAssembliesProxy.cs using Guid(98808b11e78f6c84a841a6b4bc5a29d2) Importer(Primary)  -> (artifact id: 'd0ea419c556b34ffe39bc856a911da72') in 0.001188 seconds
Start importing Packages/com.unity.cloud.gltfast/Runtime/Scripts/GlbBinChunk.cs using Guid(9834c713c5f3e47ab8e4404286bf98a5) Importer(Primary)  -> (artifact id: 'd63b832985b60191534c67ae9a3acf10') in 0.001539 seconds
Start importing Packages/com.unity.test-framework/UnityEngine.TestRunner/NUnitExtensions/UnityTestAssemblyBuilder.cs using Guid(98ba0396e4b4ee8498a8f097affcfddf) Importer(Primary)  -> (artifact id: 'a86bc15e674abb1c12dde4bd62052da1') in 0.001305 seconds
Start importing Packages/com.unity.cloud.gltfast/Runtime/Scripts/Export/BuiltInStandardMaterialExport.cs using Guid(98caaf8124b124d71b6a10ced5602aee) Importer(Primary)  -> (artifact id: '92059e52eba4bab2ee3b1ec5f16a95d8') in 0.001387 seconds
Start importing Packages/com.unity.cloud.gltfast/Runtime/Scripts/sbyte4.cs using Guid(a8f23e44a1fe94ac1b62e4f79e5613bd) Importer(Primary)  -> (artifact id: '9ed39104c12141c6690b1eebe9ec5f68') in 0.001692 seconds
Start importing Packages/com.unity.test-framework/UnityEditor.TestRunner/Api/Analytics/AnalyticsReporter.cs using Guid(a85430cc5a4a4279a992be322de12b29) Importer(Primary)  -> (artifact id: '3f4380f20587a37eba973d33c159e8cf') in 0.001474 seconds
Start importing Packages/com.unity.mathematics/Unity.Mathematics/quaternion.cs using Guid(a8481bb868ae344e9b4a5551a11483d3) Importer(Primary)  -> (artifact id: 'e6fc8933a78fc2d49e8a4ba949fdc592') in 0.001352 seconds
Start importing Packages/com.unity.test-framework/UnityEngine.TestRunner/Assertions/UnhandledLogMessageException.cs using Guid(a8ed4063f2beecd41a234a582202f3c4) Importer(Primary)  -> (artifact id: 'b71e2738cddfe6ed819397d2939d3d32') in 0.001303 seconds
Start importing Packages/com.unity.mathematics/Unity.Mathematics/float4x3.gen.cs using Guid(b8e17e5c41b0344afa5389019db2eb9f) Importer(Primary)  -> (artifact id: '09ed32bf94bc1efb06378f135661bddb') in 0.001456 seconds
Start importing Packages/com.unity.test-framework/UnityEditor.TestRunner/GUI/Views/TestListGUIBase.cs using Guid(b8abb41ceb6f62c45a00197ae59224c1) Importer(Primary)  -> (artifact id: 'afdb5474b4123c03a38452adce697a22') in 0.001439 seconds
Start importing Packages/com.unity.burst/Runtime/BurstExecutionEnvironment.cs using Guid(b85cbcd785ff3b1597b89eb2c453f4fe) Importer(Primary)  -> (artifact id: '02f9330ea8e6ae2ea3adea8ac2b7427a') in 0.001197 seconds
Start importing Packages/com.unity.test-framework/UnityEditor.TestRunner/NUnitExtension/Attributes/AssetPipelineIgnore.cs using Guid(b88caca58e05ee74486d86fb404c48e2) Importer(Primary)  -> (artifact id: 'ce2d4e8b6cbe9f8feb45a0fe328f88b1') in 0.001255 seconds
Start importing Packages/com.unity.burst/Runtime/Intrinsics/x86/Csr.cs using Guid(b88ec138634e3238a82a5b8f3d970ac1) Importer(Primary)  -> (artifact id: 'ce16d63f9e398f8f2159df40b49d0d34') in 0.001452 seconds
Start importing Packages/com.unity.cloud.gltfast/Runtime/Scripts/Schema/MeshPrimitive.cs using Guid(c81372fa8e5d942dbac4a9d5157d5f04) Importer(Primary)  -> (artifact id: '85597f9f7dcaf8bf93b513be4f3ad713') in 0.001429 seconds
Start importing Packages/com.unity.collections/Unity.Collections.Tests/NativeContainerTests_ValidateTypesFixture.cs using Guid(c8a96cba3114f4a3e91b0546fdcd0397) Importer(Primary)  -> (artifact id: '6cd4665a578dffc1948fd3ebb1033143') in 0.001218 seconds
Start importing Packages/com.unity.test-framework/UnityEngine.TestRunner/NUnitExtensions/Attributes/ConditionalIgnoreAttribute.cs using Guid(c82a8473f4a8f7b42a004c91e06d2f2b) Importer(Primary)  -> (artifact id: 'd72d4561e75a5493f289b71289a11ac6') in 0.001983 seconds
Start importing Packages/com.unity.cloud.gltfast/Runtime/Scripts/LightPunctualExtension.cs using Guid(d838728b45eb4d13b24ba9d3ecf6010d) Importer(Primary)  -> (artifact id: '4417a4cf451377ef891ad83af5ad3aad') in 0.001276 seconds
Start importing Packages/com.unity.burst/Runtime/Editor/BurstEditorOptions.cs using Guid(d81d96b8ea1936359196f069c6e225d8) Importer(Primary)  -> (artifact id: 'f93efae650d788ec8f346e08e34bbe8e') in 0.001240 seconds
Start importing Packages/com.unity.collections/Unity.Collections.Tests/NativeArraySortTests.cs using Guid(e882b40f28163514db4c9a34dbf1d6a5) Importer(Primary)  -> (artifact id: 'b8bb3f416804eb3dbb5807961faedd22') in 0.001575 seconds
Start importing Packages/com.unity.cloud.gltfast/Runtime/Scripts/ImportContext.cs using Guid(e897d9ebff6ea48a3bb8ba5e8df2d3d6) Importer(Primary)  -> (artifact id: '6aa9a8df2a5a076cc63712d9d7c53720') in 0.001169 seconds
Start importing Packages/com.unity.burst/Unity.Burst.CodeGen/ILPostProcessing.cs using Guid(e8dd47a9e5283ced8ded83ce38cc78aa) Importer(Primary)  -> (artifact id: 'b155c96372d824e05876ad3d960195c1') in 0.001255 seconds
Start importing Packages/com.unity.cloud.gltfast/Runtime/Scripts/Newtonsoft/Schema/Skin.cs using Guid(f8d07886c8a5f4dd99722516a51c87d9) Importer(Primary)  -> (artifact id: '14d1456d39f1379cc9828628b3d8708f') in 0.001502 seconds
Start importing Packages/com.unity.mathematics/Tests/Tests/Shared/TestFloat3x4.gen.cs using Guid(f8e09d2585c55f8498cd3e3221744e39) Importer(Primary)  -> (artifact id: '458560645b6e46f141a1302c8100952a') in 0.001624 seconds
Start importing Packages/com.unity.cloud.gltfast/Runtime/Scripts/Schema/TextureInfoExtensions.cs using Guid(f8f0c6330404c41d995fb935d2646524) Importer(Primary)  -> (artifact id: '290e378c5bdc31e1947b18bb7224fb5a') in 0.001324 seconds
Start importing Packages/com.unity.cloud.gltfast/Runtime/Scripts/ImportAddons/ImportAddonRegistry.cs using Guid(f8c10d63b0cdd1d4ebbd266fe6e05616) Importer(Primary)  -> (artifact id: '11313aebf3248f7d0e2dda4f6efbc147') in 0.001360 seconds
Start importing Packages/com.unity.cloud.gltfast/Runtime/Scripts/IInstantiator.cs using Guid(f84df6462ecfc478cb319ac3008c9368) Importer(Primary)  -> (artifact id: '101ee07c042fa6a1cf58f136e8f8b2d1') in 0.001783 seconds
Start importing Packages/com.unity.test-framework/UnityEngine.TestRunner/TestRunner/Callbacks/PlayerQuitHandler.cs using Guid(f8ed0b11850145c4995dd76170bb2500) Importer(Primary)  -> (artifact id: '08ff6261fdc9378157d8eeb46fa0cefa') in 0.001220 seconds
Start importing Packages/com.unity.cloud.gltfast/Runtime/Scripts/Newtonsoft/Schema/MeshPrimitiveExtensions.cs using Guid(09922fd61c1f54d6e9646de8d0f61862) Importer(Primary)  -> (artifact id: 'd9dc2c8f80a5103946c654dc167e9843') in 0.001158 seconds
Start importing Packages/com.unity.burst/Runtime/Intrinsics/x86/Ssse3.cs using Guid(0904d56406a93977ad6ef642b548155d) Importer(Primary)  -> (artifact id: 'a6054ce3fe293a02c9cd01c726878a8c') in 0.001624 seconds
Start importing Packages/com.unity.cloud.gltfast/Runtime/Scripts/short4.cs using Guid(09fdc6d217f5346208727f4fa6c0a557) Importer(Primary)  -> (artifact id: 'ed42367e96d915e73722ec483d6edff7') in 0.001270 seconds
Start importing Packages/com.unity.cloud.gltfast/Runtime/Scripts/Export/MeshMaterialCombination.cs using Guid(1970c17097d124b70a15d101f2d3529e) Importer(Primary)  -> (artifact id: 'bf403086c347d2f3ffea9c589f2b79d9') in 0.001981 seconds
Start importing Packages/com.unity.cloud.gltfast/Editor/Scripts/Constants.cs using Guid(19321ba41adf44e7b8819d4f4731b62c) Importer(Primary)  -> (artifact id: 'ff9011e35d02065a2d183bd74550edcb') in 0.001409 seconds
Start importing Packages/com.unity.test-framework/UnityEngine.TestRunner/NUnitExtensions/Commands/EnumerableTestMethodCommand.cs using Guid(19a6f000f81e24c4a826c1abd43e77c7) Importer(Primary)  -> (artifact id: 'cf25e36b1e9d29609b1e6362b3707f43') in 0.001353 seconds
Start importing Packages/com.unity.collections/Unity.Collections/UnsafeStream.cs using Guid(29918a7b3ef861c4789f0cdb857bc267) Importer(Primary)  -> (artifact id: '56f9f7aec38beb028d1241cac6ac7df8') in 0.001350 seconds
Start importing Packages/com.unity.mathematics/Unity.Mathematics/int2.gen.cs using Guid(29938ef4dca90ce47ae640695d8b1c9f) Importer(Primary)  -> (artifact id: '5c08ce4ebe7eb5f48d2fef9c3e4ee4fc') in 0.001166 seconds
Start importing Packages/com.unity.cloud.gltfast/Runtime/Scripts/Schema/NamedObject.cs using Guid(2915082f14e58430eb7133121f11bab3) Importer(Primary)  -> (artifact id: '6ba51f39a580dbadf819b18bc956c6c9') in 0.001219 seconds
Start importing Packages/com.unity.test-framework/UnityEditor.TestRunner/CommandLineTest/ResultsWriter.cs using Guid(29d603e0a726a9043b3503112271844a) Importer(Primary)  -> (artifact id: 'd0b5a88d155f13ae09f7ad10972c2ea0') in 0.001409 seconds
Start importing Packages/com.unity.collections/Unity.Collections/UnsafeMultiHashMap.cs using Guid(29fc3021329289446ad4d2970b5dcbed) Importer(Primary)  -> (artifact id: '6b53d706ed8792c3f2769cac78ad15d7') in 0.001175 seconds
Start importing Packages/com.unity.cloud.gltfast/Runtime/Scripts/Export/MaskMapImageExport.cs using Guid(297d9583216f44773a87563851d965d7) Importer(Primary)  -> (artifact id: '4ef605cd4ba0cd21ff1a66549ffa05fb') in 0.001468 seconds
Start importing Packages/com.unity.burst/Editor/BurstAotCompiler.cs using Guid(3942ae11ab9734f0929f17ce7a5f0b00) Importer(Primary)  -> (artifact id: '4a0b206741501a5123737d7020e0d662') in 0.001230 seconds
Start importing Packages/com.unity.cloud.gltfast/Runtime/Scripts/Export/VertexAttributeUsage.cs using Guid(3979632072da4c0289e70956d2835208) Importer(Primary)  -> (artifact id: '827b9a50879ec17d7ed29574424bb40f') in 0.001759 seconds
Start importing Packages/com.unity.mathematics/Tests/Tests/Shared/TestDouble3x3.gen.cs using Guid(4971c82bdb64ccb49b92ffe0a2d2c59a) Importer(Primary)  -> (artifact id: '5574521abf46f526355d93dd6f635bc5') in 0.001685 seconds
Start importing Packages/com.unity.collections/Unity.Collections.Tests/NativeArrayTests.cs using Guid(4994f8a9b786efc419e89e1e7146cdc6) Importer(Primary)  -> (artifact id: 'd2a9943662ab9ebae43a172d6e6a8a15') in 0.001379 seconds
Start importing Packages/com.unity.cloud.gltfast/Runtime/Scripts/ushort3.cs using Guid(49ccf4f02a5d4c2281734c86d16e3e51) Importer(Primary)  -> (artifact id: '0a9a98afe53323e63ff2dbc9cf576d8e') in 0.001984 seconds
Start importing Packages/com.unity.test-framework/UnityEditor.TestRunner/CommandLineTest/RunSettings.cs using Guid(59d3f5586b341a74c84c8f72144a4568) Importer(Primary)  -> (artifact id: '62502facff6448472e80d9ba065b48ae') in 0.001496 seconds
Start importing Packages/com.unity.cloud.gltfast/Runtime/Scripts/MeshComparer.cs using Guid(59dec57cc42d45c7b5b43b1e1b5b11a3) Importer(Primary)  -> (artifact id: '8513a70ed52cc15146059c4cb8afd3e5') in 0.001438 seconds
Start importing Packages/com.unity.test-framework/UnityEngine.TestRunner/NUnitExtensions/Runner/UnityTestExecutionContext.cs using Guid(59ff995fabb3bac45afa0f96f333e5dc) Importer(Primary)  -> (artifact id: '539944534c9ba55344861814a5a9b5ba') in 0.001630 seconds
Start importing Packages/com.unity.collections/Unity.Collections/CollectionHelper.cs using Guid(6901d664ec07a214cab08cbd83ca8deb) Importer(Primary)  -> (artifact id: '9a23d0083f75c9dab9e77a36d1db2de7') in 0.001337 seconds
Start importing Packages/com.unity.test-framework/UnityEditor.TestRunner/TestLaunchers/PlayerLauncherContextSettings.cs using Guid(6965880f76f40194593cb53a88f74005) Importer(Primary)  -> (artifact id: 'bcb791eac60c7912a326cc958d6166d3') in 0.001507 seconds
Start importing Packages/com.unity.collections/Unity.Collections.Tests/FixedStringTests.cs using Guid(6936a9e20fa254433b9c06424258e80c) Importer(Primary)  -> (artifact id: 'e9b7bd4fd61d5bc12c71b14983b763b0') in 0.001231 seconds
Start importing Packages/com.unity.test-framework/UnityEditor.TestRunner/Api/Analytics/TestTreeData.cs using Guid(697ab794770540d6951f83d62b8fa444) Importer(Primary)  -> (artifact id: '8a76676a2d9c7dc07d8e2d4e797fbe3c') in 0.001595 seconds
Start importing Packages/com.unity.cloud.gltfast/Runtime/Scripts/ReadOnlyNativeArray.cs using Guid(791451921d1d94b91a3e74f2e1c0ec4f) Importer(Primary)  -> (artifact id: 'b1f782abc8018e40fef48ed542899456') in 0.001458 seconds
Start importing Packages/com.unity.mathematics/Unity.Mathematics/half2.gen.cs using Guid(79785f1f327add947b5448161b8ddc4f) Importer(Primary)  -> (artifact id: 'ae37810399cde37ef5a010fd4829838f') in 0.001242 seconds
Start importing Packages/com.unity.mathematics/Unity.Mathematics/rigid_transform.cs using Guid(790a4c601e5714c18971af51ef3cbe71) Importer(Primary)  -> (artifact id: 'c9c9fbead6a2eeaafc1ec52b1d914664') in 0.001339 seconds
Start importing Packages/com.unity.burst/Runtime/Intrinsics/x86/Sse4_1.cs using Guid(79fa55e43ac038089dbaa9227eea27ae) Importer(Primary)  -> (artifact id: '54e5ff82cc5eb6873af72ef38577b436') in 0.001105 seconds
Start importing Packages/com.unity.mathematics/Tests/Tests/Shared/TestFloat2.gen.cs using Guid(79dc86a9e627dcb4a9b6c6ae87b366b6) Importer(Primary)  -> (artifact id: 'b87386b82bc26d9697a8118909129298') in 0.001420 seconds
Start importing Packages/com.unity.cloud.gltfast/Runtime/Scripts/Newtonsoft/Schema/BufferView.cs using Guid(791e0cea258b64b94a105e7aae75c006) Importer(Primary)  -> (artifact id: '4798679ca6d58197fa7ea5246eb7ed37') in 0.001375 seconds
Start importing Packages/com.unity.mathematics/Unity.Mathematics/uint4x2.gen.cs using Guid(793eda612f42a4089bcfd0be1ece0a6d) Importer(Primary)  -> (artifact id: '110c2722159ac97d85a33e935c80ce7d') in 0.001199 seconds
Start importing Packages/com.unity.test-framework/UnityEngine.TestRunner/NUnitExtensions/Runner/UnityWorkItem.cs using Guid(79ced2556f0af814a840b86232613ff1) Importer(Primary)  -> (artifact id: '40fe8774c4d4468abed71affc8e7a0f9') in 0.001256 seconds
Start importing Packages/com.unity.cloud.gltfast/Runtime/Scripts/Newtonsoft/Schema/TextureExtensions.cs using Guid(89d423d6172664471afcd47d125d5b89) Importer(Primary)  -> (artifact id: 'c9d45ec07ca1cd8f2d97a14160ec1943') in 0.001220 seconds
Start importing Packages/com.unity.collections/Unity.Collections/FixedStringFormatMethods.gen.cs using Guid(89f65fb005504fceb04727480e65f16c) Importer(Primary)  -> (artifact id: '6ee022fbd08b259a736e744a954caa67') in 0.001171 seconds
Start importing Packages/com.unity.test-framework/UnityEngine.TestRunner/TestRunner/Messages/IEditModeTestYieldInstruction.cs using Guid(898bc38486fc899428fbe5bd6adfe473) Importer(Primary)  -> (artifact id: '6f6e01667e999835b8900e8012c07f35') in 0.001660 seconds
Start importing Packages/com.unity.mathematics/Unity.Mathematics/random.cs using Guid(897d0bd3ae806496b8724cb68e7d18c4) Importer(Primary)  -> (artifact id: 'ee9bda1c64bc72a3b3e32e6f24a23373') in 0.002106 seconds
Start importing Packages/com.unity.mathematics/Tests/Tests/Shared/TestUint4x2.gen.cs using Guid(89ef12b5bac48bb47b957005fa49bd89) Importer(Primary)  -> (artifact id: '94655847cb82ec20aba713d5c3491b55') in 0.001455 seconds
Start importing Packages/com.unity.cloud.gltfast/Runtime/Scripts/Newtonsoft/Schema/AnimationChannel.cs using Guid(9924e7076726848d688606dcd4503de2) Importer(Primary)  -> (artifact id: '4bf49c32bec24c33f2651a747fe51d02') in 0.001317 seconds
Start importing Packages/com.unity.test-framework/UnityEngine.TestRunner/Assertions/LogScope/LogMatch.cs using Guid(9945ffed4692c6044b6d3acf81efd694) Importer(Primary)  -> (artifact id: '89f81d6d962254f312139d9bcaab72f2') in 0.001439 seconds
Start importing Packages/com.unity.cloud.gltfast/Runtime/Scripts/MeshAssignment.cs using Guid(99e55c66c9cd4fed964a811628daabae) Importer(Primary)  -> (artifact id: '3ada710f951049b16992c73776af3ead') in 0.001799 seconds
Start importing Packages/com.unity.mathematics/Tests/Tests/Shared/TestDouble4x3.gen.cs using Guid(a9a5b693ba34291418f7e9f627709a57) Importer(Primary)  -> (artifact id: '76916bbc469e172053e046a5c5cc623f') in 0.001248 seconds
Start importing Assets/Editor/CompanionCatProjectBuilder.cs using Guid(b9d007d8286485f44a1de045bda303f9) Importer(Primary)  -> (artifact id: '1cc77acc0b9b961ac2c6e7f32ffb0683') in 0.001785 seconds
Start importing Packages/com.unity.test-framework/UnityEditor.TestRunner/TestLaunchers/DelayedCallback.cs using Guid(b9d121df8c444236a5b38ccfadfdd1a7) Importer(Primary)  -> (artifact id: 'b83d1364bd68aa1f8e5b6a6504ffdaa2') in 0.001201 seconds
Start importing Packages/com.unity.test-framework/UnityEngine.TestRunner/Utils/IOuterUnityTestAction.cs using Guid(b9c2a6302985d3846b7b9f6fd9e2da9a) Importer(Primary)  -> (artifact id: '9477b4e67bc5c08b0e9f8f90035c7a4f') in 0.001268 seconds
Start importing Packages/com.unity.cloud.gltfast/Runtime/Scripts/Schema/LightPunctual.cs using Guid(b9876388bc2c4d3ab8dc3c7948bbc39f) Importer(Primary)  -> (artifact id: 'f6327f8267912b52d5ce14b33b4d85fe') in 0.001115 seconds
Start importing Packages/com.unity.cloud.gltfast/Runtime/Scripts/Newtonsoft/Schema/MeshPrimitive.cs using Guid(b98b79e300997476198b6ef81097e7e2) Importer(Primary)  -> (artifact id: 'ea506f87cd40914c9a4fb0c6386bf888') in 0.001394 seconds
Start importing Packages/com.unity.test-framework/UnityEngine.TestRunner/TestRunner/SynchronousFilter.cs using Guid(b9aec9d3b0a86466ab4647d01e8fc87d) Importer(Primary)  -> (artifact id: '3bc5c29a952745521321115f3e0e87d5') in 0.001388 seconds
Start importing Packages/com.unity.test-framework/UnityEditor.TestRunner/TestRun/Tasks/LegacyPlayerRunTask.cs using Guid(b93fe5bbea454ae438fcec241c5fa85b) Importer(Primary)  -> (artifact id: '46fd1bfbe4e82bd8e0ac4bdf1370b73b') in 0.001486 seconds
Start importing Packages/com.unity.test-framework/UnityEditor.TestRunner/TestRunner/EditModeRunner.cs using Guid(c9219e99d466b7741a057132d1994f35) Importer(Primary)  -> (artifact id: 'e6acc9e09938362f749a43f5a58e20de') in 0.001643 seconds
Start importing Packages/com.unity.test-framework/UnityEditor.TestRunner/TestRunner/Utils/EditorCompilationInterfaceProxy.cs using Guid(c9b23632c77de204abfe8bf7168d48c0) Importer(Primary)  -> (artifact id: '26c0b5d7c726365627386afbcfcd5bc6') in 0.001303 seconds
Start importing Packages/com.unity.collections/Unity.Collections/NativeText.gen.cs using Guid(c96af7680ee0e6c4095162d932aadf52) Importer(Primary)  -> (artifact id: 'b74b48684983a373417315e85d215c80') in 0.001412 seconds
Start importing Packages/com.unity.test-framework/UnityEngine.TestRunner/Assertions/LogAssert.cs using Guid(c97b794b51780d349a16826a4c7898d7) Importer(Primary)  -> (artifact id: '60397cf5622494a4f885db54e36bae15') in 0.001304 seconds
Start importing Packages/com.unity.mathematics/Tests/Tests/Shared/TestFloat3.gen.cs using Guid(d920c9d9a3133d242af38fd80330960f) Importer(Primary)  -> (artifact id: 'cc60a279b4181dcfc2d1e0f300ab465b') in 0.001653 seconds
Start importing Packages/com.unity.test-framework/UnityEditor.TestRunner/TestLaunchers/PlayerLauncher.cs using Guid(d973fc1524e4d724081553934c55958c) Importer(Primary)  -> (artifact id: 'd15fef0d374132bc871d9fdad104eebd') in 0.001619 seconds
Start importing Packages/com.unity.collections/DocCodeSamples.Tests/CollectionsExamples.cs using Guid(d9848a39deeb4ff9aa9e4cec03215a4b) Importer(Primary)  -> (artifact id: '40965f18b54fc64d0720560c0279189e') in 0.001343 seconds
Start importing Packages/com.unity.cloud.gltfast/Runtime/Scripts/Schema/Skin.cs using Guid(e9b5aedbe038c409f93f9f05441d2743) Importer(Primary)  -> (artifact id: 'df08c35a5a4da7f8213f4885cb14ca52') in 0.001418 seconds
Start importing Packages/com.unity.cloud.gltfast/Runtime/Scripts/Schema/Sampler.cs using Guid(e9f648f0401f148f68174d6e4cc536c7) Importer(Primary)  -> (artifact id: '97a84ad261c47c93c8d7c7ceb9bd7d89') in 0.001827 seconds
Start importing Packages/com.unity.mathematics/Unity.Mathematics/Noise/common.cs using Guid(e99a8e417be944dfaad14c2d60f8450d) Importer(Primary)  -> (artifact id: '482baea3086f00e92f127e53e8eaebfa') in 0.001928 seconds
Start importing Packages/com.unity.collections/Unity.Collections/UTF8ArrayUnsafeUtility.cs using Guid(f9c067f2cfe24ce98e2deecdb0ed12a3) Importer(Primary)  -> (artifact id: 'd7c095c555fd82d31039574a4dded236') in 0.001507 seconds
Start importing Packages/com.unity.cloud.gltfast/Editor/Scripts/EditorImportSettings.cs using Guid(f989e96318ee5422aadb70c4bb252df0) Importer(Primary)  -> (artifact id: '25c88ef5a37f6c98211fe8245dd68f26') in 0.001284 seconds
Start importing Packages/com.unity.mathematics/Tests/Tests/Shared/TestDouble3x2.gen.cs using Guid(f95b40a83bedc474aa2badff08c0b04b) Importer(Primary)  -> (artifact id: '99c1c6733e16e2a4bd8adfcaed16ca67') in 0.001359 seconds
Start importing Packages/com.unity.mathematics/Tests/Tests/Shared/TestUint4.gen.cs using Guid(f91c46b1912b5d04d8e4e1ddb7377874) Importer(Primary)  -> (artifact id: 'afbf469cb24dea8a2804f8f25311a096') in 0.001382 seconds
Start importing Packages/com.unity.test-framework/UnityEditor.TestRunner/TestRunner/Utils/EditorAssembliesProxy.cs using Guid(f96d0ea807c081145a1170ed1b6d71e0) Importer(Primary)  -> (artifact id: '86022317f6983f82ac060633cb9b8f98') in 0.001285 seconds
Start importing Packages/com.unity.collections/Unity.Collections.Tests/FixedStringSizedTests.gen.cs using Guid(0a06298414d1430487a2bc2bde42fba6) Importer(Primary)  -> (artifact id: 'da9b562b37c59ed1d5186938844e7ed3') in 0.001289 seconds
Start importing Packages/com.unity.cloud.gltfast/Runtime/Scripts/Export/ImageFormat.cs using Guid(0a5ac974a55f47eebe55e9bee27a60e6) Importer(Primary)  -> (artifact id: '7c6d7246a13f74d8e6100c310e792143') in 0.001011 seconds
Start importing Packages/com.unity.mathematics/Tests/Tests/Shared/TestMath.gen.cs using Guid(0a9baee454a793140a0be3d7d81d09ee) Importer(Primary)  -> (artifact id: 'f43b5e6d353621143c4f4081db0f8376') in 0.001238 seconds
Start importing Packages/com.unity.test-framework/UnityEditor.TestRunner/UnityTestProtocol/UnityTestProtocolStarter.cs using Guid(1ac58cb55fc8daf4abd3945a2bbbb0c5) Importer(Primary)  -> (artifact id: '5e58d5256b6f8463439d2f9e6946be7a') in 0.001204 seconds
Start importing Packages/com.unity.test-framework/UnityEditor.TestRunner/Api/IErrorCallbacks.cs using Guid(1a06c562b0c5eb046bcb876a29f93c98) Importer(Primary)  -> (artifact id: 'ec6fb3426fe98825776b26859fb17df9') in 0.001119 seconds
Start importing Packages/com.unity.cloud.gltfast/Editor/Scripts/GltfAssetDependency.cs using Guid(1aaa3ac6bfeee4120bc398ccb553c591) Importer(Primary)  -> (artifact id: '7432a4c81a341886cddcb6045c56c76b') in 0.001442 seconds
Start importing Packages/com.unity.test-framework/UnityEditor.TestRunner/CommandLineTest/ExitCallbacks.cs using Guid(1adaa8dcc4fda3d4cb4d3c8e0cb65d12) Importer(Primary)  -> (artifact id: '670b07cfd378026570045078da3b7287') in 0.001485 seconds
Start importing Packages/com.unity.collections/Unity.Collections/UnsafeRingQueue.cs using Guid(1aaf054a8897c4b4684f81b97eab06ce) Importer(Primary)  -> (artifact id: 'eeb123b5610a5b77e0e88ffac2d09336') in 0.001671 seconds
Start importing Packages/com.unity.test-framework/UnityEditor.TestRunner/Api/ITestRunSettings.cs using Guid(2ae2ce6274819484fa8747a28cebdf3a) Importer(Primary)  -> (artifact id: '1c651e5105a9cdde9af9bc9fa721786f') in 0.001409 seconds
Start importing Packages/com.unity.test-framework/UnityEditor.TestRunner/TestLaunchers/PlayerLauncherBuildOptions.cs using Guid(2a0bd678385f98e4d8eabdfc07d62b4f) Importer(Primary)  -> (artifact id: 'ba74b8e3b0464d9ce87e484fe9eeee77') in 0.001131 seconds
Start importing Packages/com.unity.mathematics/Unity.Mathematics/float4x2.gen.cs using Guid(2a2cb705f8c4d45e8ba95502e037109b) Importer(Primary)  -> (artifact id: '92ab840bf16d81d6140ea971811cc4c8') in 0.001150 seconds
Start importing Packages/com.unity.cloud.gltfast/Runtime/Scripts/Schema/AnimationSampler.cs using Guid(3ab7f2ee431c45cb8ad6615a66674ef9) Importer(Primary)  -> (artifact id: 'f9db7ce797d2d9b2e8b8edf2db96f821') in 0.001493 seconds
Start importing Packages/com.unity.mathematics/Unity.Mathematics/float3x3.gen.cs using Guid(3ad77e7310a1e44499f09a51a558bb01) Importer(Primary)  -> (artifact id: '60dfd9d89a5f62a2a983d06b0e26cb5e') in 0.001457 seconds
Start importing Packages/com.unity.mathematics/Tests/Properties/AssemblyInfo.cs using Guid(3addb854f833b56428975a1966f78424) Importer(Primary)  -> (artifact id: 'b821100f748ed2c8dd2301e5bbfc74fd') in 0.001094 seconds
Start importing Packages/com.unity.cloud.gltfast/Runtime/Scripts/NameImportMethod.cs using Guid(3a1e60539de2488ea24a5763ed89de5b) Importer(Primary)  -> (artifact id: '7463687a4c76b2e782ae01efa0c6c110') in 0.001322 seconds
Start importing Packages/com.unity.cloud.gltfast/Runtime/Scripts/VertexBufferDescriptor.cs using Guid(4ac1953233a64ada8a6d04633cf18a55) Importer(Primary)  -> (artifact id: '66945566b23a283b961fe02fb529b4fb') in 0.001454 seconds
Start importing Packages/com.unity.collections/Unity.Collections.Tests/NativeContainerTests_ValidateTypes_JobDebugger.cs using Guid(4af3ca04cfb2f4b2e91ba58bc5adc6af) Importer(Primary)  -> (artifact id: '609a57b38697f28d726a4b45609d5d0d') in 0.001330 seconds
Start importing Packages/com.unity.collections/Unity.Collections.Tests.Playmode/FixedListPlaymodeTests.gen.cs using Guid(4af3af31f23c85b4287da4d2acf87301) Importer(Primary)  -> (artifact id: 'c13942394aea3ba46a0d78e2cb9f9d9e') in 0.001288 seconds
Start importing Packages/com.unity.mathematics/Unity.Mathematics.Editor/PrimitiveVectorDrawer.cs using Guid(4ae914da3592740a58dd603fcb28b594) Importer(Primary)  -> (artifact id: 'f6d7e34a9076ff7a3539c1709f6f371d') in 0.001463 seconds
Start importing Packages/com.unity.burst/Runtime/Intrinsics/SimdDebugViews.cs using Guid(4a0e9007c9c8384893d917e1f0d6e5d9) Importer(Primary)  -> (artifact id: '0a802539d752a1f78da03c8ed2bc0cf6') in 0.001448 seconds
Start importing Packages/com.unity.burst/Runtime/Intrinsics/Common.cs using Guid(5ac9520c05323eada8615cfe2d48e949) Importer(Primary)  -> (artifact id: '0cfcd8a9286892be1b096e4890563861') in 0.001529 seconds
Start importing Packages/com.unity.burst/Runtime/CompilerServices/SkipLocalsInitAttribute.cs using Guid(5aea2c85eccf39d4807b4b09e1286046) Importer(Primary)  -> (artifact id: '1f8ea09b653c68f1a17ce0b2e28117f6') in 0.001470 seconds
Start importing Packages/com.unity.mathematics/Tests/Tests/Shared/TestInt2x3.gen.cs using Guid(6a957081e92e7e5429649cd56b5453b0) Importer(Primary)  -> (artifact id: '988dd3b325031bf10427ccb0229be10c') in 0.001321 seconds
Start importing Packages/com.unity.test-framework/UnityEngine.TestRunner/NUnitExtensions/OrderedTestSuiteModifier.cs using Guid(6a3af79041a1431ab3a2a9395a7ed2ae) Importer(Primary)  -> (artifact id: '8e1764a9dbbb10aa012ffd7895fb0839') in 0.001298 seconds
Start importing Packages/com.unity.mathematics/Unity.Mathematics/uint2x4.gen.cs using Guid(6acdbd744899541e28c4f19a9398b2b7) Importer(Primary)  -> (artifact id: 'd07bce866370f7fba6bd2ec6abeb52b4') in 0.001521 seconds
Start importing Packages/com.unity.test-framework/UnityEngine.TestRunner/NUnitExtensions/Attributes/UnityCombinatorialStrategy.cs using Guid(7af6ac3e6b51b8d4aab04adc85b8de2f) Importer(Primary)  -> (artifact id: 'ec7fe492d8ecb1ba09e9e8a0efd8e40d') in 0.001227 seconds
Start importing Packages/com.unity.collections/Unity.Collections/ListExtensions.cs using Guid(7a3be0dd158385f4081ab23532efbc6c) Importer(Primary)  -> (artifact id: 'a58e50142b949ffc4dbf9945c4a46c2b') in 0.001153 seconds
Start importing Packages/com.unity.test-framework/UnityEditor.TestRunner/CommandLineTest/ISettingsBuilder.cs using Guid(8a13cbeb2099aca47bb456f49845f86c) Importer(Primary)  -> (artifact id: '44a2656ab26924b39ab8768522e98195') in 0.001248 seconds
Start importing Packages/com.unity.cloud.gltfast/Runtime/Scripts/Schema/Mesh.cs using Guid(8a677036397de4b0792544bd4717511f) Importer(Primary)  -> (artifact id: '05ae19790eff6621a7752a5bf9bddb5b') in 0.001638 seconds
Start importing Packages/com.unity.cloud.gltfast/Runtime/Scripts/Export/MaterialExport.cs using Guid(8a2a80c8f57224e7b82ca8ffbbeaee18) Importer(Primary)  -> (artifact id: '40b18302e52ca6ae1c017065c778dbd9') in 0.001209 seconds
Start importing Packages/com.unity.cloud.gltfast/Runtime/Scripts/MeshOrder.cs using Guid(8add359ea4d342299797c1087dc35b8d) Importer(Primary)  -> (artifact id: 'b47f8d4e6b0412980bcf05b18b125627') in 0.001330 seconds
Start importing Packages/com.unity.cloud.gltfast/Runtime/Scripts/Jobs.cs using Guid(8ade371a2b78941b283ba5b358164e7b) Importer(Primary)  -> (artifact id: '8f7d340b36ee8dc7fa97b6253b21999e') in 0.001538 seconds
Start importing Packages/com.unity.test-framework/UnityEngine.TestRunner/TestRunner/TestEnumeratorWrapper.cs using Guid(9ad0b0c865b01af4ca1b414689e71259) Importer(Primary)  -> (artifact id: '5125e566df11f0d3490bf11baeb95b75') in 0.001575 seconds
Start importing Packages/com.unity.cloud.gltfast/Runtime/Scripts/ReadOnlyNativeArrayFromNativeArray.cs using Guid(9aad0eede4374ffa90512938df866ee9) Importer(Primary)  -> (artifact id: '6be996abc04d5709b2d62d14d575012b') in 0.001200 seconds
Start importing Packages/com.unity.cloud.gltfast/Runtime/Scripts/Schema/NodeLightsPunctual.cs using Guid(9a6e7ca541a274329bc8d44275af3a18) Importer(Primary)  -> (artifact id: '6ac211725d255cff3ca38d4336640382') in 0.001264 seconds
Start importing Packages/com.unity.test-framework/UnityEditor.TestRunner/CommandLineTest/ExitCallbacksDataHolder.cs using Guid(aab045daa0ad4b01843dcf44013d9653) Importer(Primary)  -> (artifact id: '17741dcdad0f9ef7b5d976cc667d4727') in 0.001548 seconds
Start importing Packages/com.unity.cloud.gltfast/Runtime/Scripts/Schema/RootExtensions.cs using Guid(aa25e3b50dc1d4f349d18b6100c61115) Importer(Primary)  -> (artifact id: 'c85855240a4fd1957f878052d69c1e37') in 0.001386 seconds
Start importing Packages/com.unity.mathematics/Tests/Tests/Shared/TestDouble2.gen.cs using Guid(aad8a485c4a133942b50e482a663b6a3) Importer(Primary)  -> (artifact id: 'cc467f217bda87f10b89da18edd93c78') in 0.001573 seconds
Start importing Packages/com.unity.burst/Runtime/Intrinsics/x86/Bmi2.cs using Guid(aa392f69e52b37a486ca7cfa6125fd60) Importer(Primary)  -> (artifact id: '5ecb2bfae1a371567107396d09a31428') in 0.001606 seconds
Start importing Packages/com.unity.cloud.gltfast/Runtime/Scripts/Newtonsoft/Schema/TextureInfoExtensions.cs using Guid(aa2c0290429374edb9a977894e069a4f) Importer(Primary)  -> (artifact id: 'adaf5376047e0ca5edbcc38234d853c2') in 0.001308 seconds
Start importing Packages/com.unity.burst/Runtime/Intrinsics/x86/Bmi1.cs using Guid(bae2d17db94135ea84f8110705ba44a0) Importer(Primary)  -> (artifact id: '4c6e642bc8c25bce96174bbe108c86ed') in 0.001614 seconds
Start importing Packages/com.unity.cloud.gltfast/Runtime/Scripts/Schema/JsonWriter.cs using Guid(baf6df9cf1a2e4f6da292612bb67b11b) Importer(Primary)  -> (artifact id: 'ba929133a8528b9ad0b88c481647a671') in 0.001337 seconds
Start importing Packages/com.unity.collections/Unity.Collections.Tests/NativeMultiHashMapTestsFixture.cs using Guid(bab7c0ffc204a4a66b298944fa98b4ec) Importer(Primary)  -> (artifact id: 'c8863a1867d6ef2afe9d77240ec23278') in 0.001960 seconds
Start importing Packages/com.unity.cloud.gltfast/Runtime/Scripts/Material/BuiltInMaterialGenerator.cs using Guid(ba383126acdb34b7a85eaa41a0c57fb0) Importer(Primary)  -> (artifact id: 'ff21e039f086361447e89b13761d3d29') in 0.001776 seconds
Start importing Packages/com.unity.collections/Unity.Collections/Memory.cs using Guid(babbfc241a32b8241bf31319e1447eb2) Importer(Primary)  -> (artifact id: '3385e1d8263aa432c45de72d48335f1a') in 0.001149 seconds
Start importing Packages/com.unity.test-framework/UnityEditor.TestRunner/Api/TestMode.cs using Guid(cad095eccea17b741bc4cd264e7441cd) Importer(Primary)  -> (artifact id: '23ee938f3611b4cc80e830131d007f06') in 0.001350 seconds
Start importing Packages/com.unity.collections/Unity.Collections.Tests/NativeContainerTests_ValidateTypes.cs using Guid(ca1581892ffd54eadb405c6eb1c0ce36) Importer(Primary)  -> (artifact id: 'f0b2c580f5f1057b55dfe347421c1677') in 0.001540 seconds
Start importing Packages/com.unity.mathematics/Unity.Mathematics/int4x2.gen.cs using Guid(ca7cf71984bec4b9081416653621d6df) Importer(Primary)  -> (artifact id: '1d8a480050cab7b84905309b9aa39500') in 0.001715 seconds
Start importing Packages/com.unity.collections/Unity.Collections/NativeReference.cs using Guid(ca5dd80efed23904a980e0f7fb23ed5d) Importer(Primary)  -> (artifact id: 'befef299e90954df4ab261cbabfc9d77') in 0.001626 seconds
Start importing Packages/com.unity.cloud.gltfast/Runtime/Scripts/Loading/IDownload.cs using Guid(ca8fad46342644d9285e7eff4f90eed8) Importer(Primary)  -> (artifact id: 'de83d37c1dfdcdb5eb2de6362ddc3173') in 0.001391 seconds
Start importing Packages/com.unity.collections/Unity.Collections/NativeHashSet.cs using Guid(da168a32991917b48989353c3d849677) Importer(Primary)  -> (artifact id: '9548a07648b6e66f29621ca7fca7ab13') in 0.001604 seconds
Start importing Packages/com.unity.collections/Unity.Collections.Tests/UnsafeAppendBufferTests.cs using Guid(da2ec9a017e2344db81d29b689c5b49d) Importer(Primary)  -> (artifact id: '6ac850e236d9f8af4573468b63ec16e6') in 0.001326 seconds
Start importing Packages/com.unity.collections/Unity.Collections/xxHash3.cs using Guid(eaa30f8250a44f8f8ec688563a1a36ca) Importer(Primary)  -> (artifact id: 'd74e5b5e7fe9258d35c831d5270e55a9') in 0.001497 seconds
Start importing Packages/com.unity.collections/Unity.Collections/NativeSort.cs using Guid(ea14c18964a134080bea2f114390f80b) Importer(Primary)  -> (artifact id: '822a93dbe3f95229a4b1e11c6115f04f') in 0.001326 seconds
Start importing Packages/com.unity.burst/Runtime/CompilerServices/IgnoreWarningAttribute.cs using Guid(fae4cb13a004334fb1b9261d2a368cff) Importer(Primary)  -> (artifact id: '913271c929c3e662d2503b7150a71ec2') in 0.001210 seconds
Start importing Packages/com.unity.mathematics/Tests/Tests/Shared/TestBool2x4.gen.cs using Guid(fa56fbe206d514b43a4f21c1ecd2a9bd) Importer(Primary)  -> (artifact id: '5e233feef73918b39bd8e519e06d99f3') in 0.001217 seconds
Start importing Packages/com.unity.test-framework/UnityEditor.TestRunner/TestLaunchers/PlatformSetup/StadiaPlatformSetup.cs using Guid(fa19b42bd3dc35e40a618448bd330270) Importer(Primary)  -> (artifact id: 'ce22325ee02cdf3e2aaf52f7aabbf694') in 0.001400 seconds
Start importing Packages/com.unity.cloud.gltfast/Runtime/Scripts/Material/HighDefinitionRPMaterialGenerator.cs using Guid(fa897cd9fdcb4434d815caffb5c851f4) Importer(Primary)  -> (artifact id: '3b3fa9086c5df6f09da59b0c6216ae16') in 0.001365 seconds
Start importing Packages/com.unity.mathematics/Tests/Tests/Shared/TestDouble2x3.gen.cs using Guid(fa8d4556e4d042c4199dca8671bc2817) Importer(Primary)  -> (artifact id: 'ac8396dbf041af1d81b125f8fbb781d1') in 0.001415 seconds
Start importing Packages/com.unity.cloud.gltfast/Runtime/Scripts/Schema/Buffer.cs using Guid(0be31691c59154292aab0e10e7917d88) Importer(Primary)  -> (artifact id: '84c39d858996c1a79173542dfeb9c87a') in 0.001721 seconds
Start importing Packages/com.unity.cloud.gltfast/Editor/Scripts/GltfImporterEditor.cs using Guid(0b04a08654076497abec2857c0edb835) Importer(Primary)  -> (artifact id: '19a985f221092671b26c37d196a10c53') in 0.001268 seconds
Start importing Packages/com.unity.test-framework/UnityEditor.TestRunner/TestRun/TestJobRunner.cs using Guid(0b677ddfd54046c498a20446baa4f932) Importer(Primary)  -> (artifact id: '2bf9243e6c21aef4fb53f191b4e12582') in 0.001105 seconds
Start importing Packages/com.unity.collections/Unity.Collections.Tests/NativeTextTests.cs using Guid(0b998d1d480ff8743817da102884ab16) Importer(Primary)  -> (artifact id: 'a4e9d583ed90b4ea2da9bbffd4af460c') in 0.001088 seconds
Start importing Packages/com.unity.cloud.gltfast/Runtime/Scripts/IDeferAgent.cs using Guid(1b639f3b1280148e8b0a1c36de8aef65) Importer(Primary)  -> (artifact id: 'd30823f3b6b9d22927de3855922747c5') in 0.001615 seconds
Start importing Packages/com.unity.test-framework/UnityEditor.TestRunner/TestRunnerWindowSettings.cs using Guid(2b301b727225f1941974d69e61a55620) Importer(Primary)  -> (artifact id: 'b758edf993bc6a26b17c65263434c9c7') in 0.001189 seconds
Start importing Packages/com.unity.cloud.gltfast/Runtime/Scripts/Export/GltfShaderGraphMaterialExporter.cs using Guid(2b6097c25c31a447186160b41fedd5df) Importer(Primary)  -> (artifact id: '8c57c06c1b4e45d902918105882e592b') in 0.001617 seconds
Start importing Packages/com.unity.mathematics/Tests/Tests/Shared/TestBool3x2.gen.cs using Guid(2bbc879646b3ce649a77073d236979fc) Importer(Primary)  -> (artifact id: '144da8e87046d1b0b85c71368de55b51') in 0.001249 seconds
Start importing Packages/com.unity.mathematics/Tests/Tests/Shared/TestUint2.gen.cs using Guid(2b6fc6b61ea1f4f42944befb17029ea1) Importer(Primary)  -> (artifact id: '1aecdfe01e1be3f3f0eae9ea79fa1b6b') in 0.001577 seconds
Start importing Packages/com.unity.test-framework/UnityEngine.TestRunner/NUnitExtensions/Commands/EnumerableApplyChangesToContextCommand.cs using Guid(3b4429eff9fcffb48b006e8edcc90338) Importer(Primary)  -> (artifact id: '0ab8b1fc3411a694be1a3fd9e5b7b69e') in 0.001267 seconds
Start importing Packages/com.unity.cloud.gltfast/Runtime/Scripts/CachedFunction.cs using Guid(3ba5ea4f4ec04f06bae782fbf1ebea69) Importer(Primary)  -> (artifact id: 'fb11f0b971c0f6241b903f82cf49bde2') in 0.001108 seconds
Start importing Packages/com.unity.test-framework/UnityEngine.TestRunner/Utils/QuaternionEqualityComparer.cs using Guid(3b28913f21577de429da928d6d05219f) Importer(Primary)  -> (artifact id: '93b97b13054c589aa52d7c0c920ca849') in 0.001269 seconds
Start importing Packages/com.unity.cloud.gltfast/DocExamples/ExportSamples.cs using Guid(3bc95897a165b435a9df9b8dabd3f67b) Importer(Primary)  -> (artifact id: '68310dc6a637b490c578f227ccdd711f') in 0.001341 seconds
Start importing Packages/com.unity.test-framework/UnityEngine.TestRunner/Utils/Vector3EqualityComparer.cs using Guid(4bd2bc28ff24d5c488844851cb785db0) Importer(Primary)  -> (artifact id: '63619f01211f0f52b936c556773916fe') in 0.001275 seconds
Start importing Packages/com.unity.collections/Unity.Collections.Tests/NativeHashMapTests.cs using Guid(4bd84e58bd56f496990c0624dfe88a1a) Importer(Primary)  -> (artifact id: 'd4eb64ce0280e1ede75feb109f0fedf2') in 0.001699 seconds
Start importing Packages/com.unity.test-framework/UnityEngine.TestRunner/Assertions/LogScope/LogScope.cs using Guid(4bbc17b35884fdf468e4b52ae4222882) Importer(Primary)  -> (artifact id: '13909aa0dbee5b03d834bc8305f3a085') in 0.001324 seconds
Start importing Packages/com.unity.test-framework/UnityEditor.TestRunner/TestRunner/Callbacks/RerunCallbackData.cs using Guid(5be0e972cb9434b7797b1d37dcd127c3) Importer(Primary)  -> (artifact id: '25b983c931f648d392bc749437bd8b3e') in 0.001361 seconds
Start importing Packages/com.unity.cloud.gltfast/Runtime/Scripts/Loading/INativeDownload.cs using Guid(5b44e5ab65794ea2b55e3e4872bf134a) Importer(Primary)  -> (artifact id: '83e388a8554d88d21de0980e05334912') in 0.001134 seconds
Start importing Packages/com.unity.mathematics/Tests/TestCompilerAttribute.cs using Guid(5b16d5a4bfd93114385ecd01f00a6914) Importer(Primary)  -> (artifact id: '034d1a47078941ba6eb633f8b87f4ab1') in 0.001208 seconds
Start importing Packages/com.unity.test-framework/UnityEngine.TestRunner/Utils/Vector3ComparerWithEqualsOperator.cs using Guid(5b994928117e3db418da69c821da7e19) Importer(Primary)  -> (artifact id: 'ab6438426e5feeb949316c3672683485') in 0.001251 seconds
Start importing Packages/com.unity.mathematics/Unity.Mathematics/uint2x3.gen.cs using Guid(5b7bf1463aaa942d98a29d05b88ebd4e) Importer(Primary)  -> (artifact id: 'f05e0b6c119aff283ef7ca734e3e192a') in 0.001153 seconds
Start importing Packages/com.unity.cloud.gltfast/Runtime/Scripts/Logging/ConsoleLogger.cs using Guid(5b8c2d4cf581e4c7c8d25f31ca0d1931) Importer(Primary)  -> (artifact id: 'a9278b300785bc7a17b6696f9f007c70') in 0.001630 seconds
Start importing Packages/com.unity.test-framework/UnityEngine.TestRunner/Assertions/UnexpectedLogMessageException.cs using Guid(5b2eeca598284bd4abb4a15c30df1576) Importer(Primary)  -> (artifact id: 'b5f0a710e25b04547cd7c829beeca1d8') in 0.001229 seconds
Start importing Packages/com.unity.test-framework/UnityEngine.TestRunner/NUnitExtensions/Runner/UnityWorkItemDataHolder.cs using Guid(5b3e90046c38f1d4dad2e0d5a79e871c) Importer(Primary)  -> (artifact id: '9e6e6406e6e2bfc7d7e92611cc3b966d') in 0.001655 seconds
Start importing Packages/com.unity.cloud.gltfast/Runtime/Scripts/Schema/FakeSchema/Material.cs using Guid(5b9e8b6535df04a59b20b85c0636fb5e) Importer(Primary)  -> (artifact id: 'cb4d463698882b793476e389e70b47f1') in 0.001202 seconds
Start importing Assets/Scripts/CompanionCatController.cs using Guid(6bc19ea038015f74c9abea093016c57d) Importer(Primary)  -> (artifact id: '2a3621cf57035610fcddd04da5d4d8c9') in 0.001247 seconds
Start importing Packages/com.unity.test-framework/UnityEditor.TestRunner/TestSettings/TestSettings.cs using Guid(6b32b6725087a0d4bb1670818d26996e) Importer(Primary)  -> (artifact id: '8a0876010c10ebba23578f06a8f40e18') in 0.001135 seconds
Start importing Packages/com.unity.cloud.gltfast/Editor/Scripts/EditorDownloadProvider.cs using Guid(6b8297485b6f14c10a7eb6af4a19c5fc) Importer(Primary)  -> (artifact id: '81fc9f24a5227274818f6deded24cb1b') in 0.001248 seconds
Start importing Packages/com.unity.cloud.gltfast/Runtime/Scripts/RootExtension.cs using Guid(6b658ce9dfc8144c981930ca25adaa26) Importer(Primary)  -> (artifact id: '7b341a8aab134c997b2dea88ea7d5350') in 0.001195 seconds
Start importing Packages/com.unity.cloud.gltfast/Runtime/Scripts/Schema/AnimationChannelTarget.cs using Guid(6b2a415155fe43caa1ed2c7bee2e44a2) Importer(Primary)  -> (artifact id: 'b73d3fb6de76304768429d2906e9fb25') in 0.001186 seconds
Start importing Packages/com.unity.cloud.gltfast/Runtime/Scripts/UninterruptedDeferAgent.cs using Guid(6bcccec8f6f3d49fe8b95bdf14d3936a) Importer(Primary)  -> (artifact id: '9f3731d70fc68cbcfaf74e0fb7554bab') in 0.001229 seconds
Start importing Packages/com.unity.cloud.gltfast/Runtime/Scripts/MeshGeneratorBase.cs using Guid(7be117ded6f0c4bdd9c2ae155a065fd0) Importer(Primary)  -> (artifact id: '8ed2d47ab0cc35070c5066690be0eaf4') in 0.001196 seconds
Start importing Packages/com.unity.mathematics/Unity.Mathematics/Noise/cellular2D.cs using Guid(7bc458fcf5f30484da36c2a11ca0c50a) Importer(Primary)  -> (artifact id: '536492d6a936a818c896c9ad516d58f5') in 0.001406 seconds
Start importing Packages/com.unity.mathematics/Unity.Mathematics/uint3x2.gen.cs using Guid(7b284ac5d8ece4e8cbadac0249c18c4c) Importer(Primary)  -> (artifact id: 'f9ddf9acd7d01b618148647b5914e058') in 0.001263 seconds
Start importing Packages/com.unity.cloud.gltfast/Runtime/Scripts/Newtonsoft/Schema/AccessorSparseValues.cs using Guid(7b3cc1e5d6af849e4b95917f15250257) Importer(Primary)  -> (artifact id: 'c697fc1a560876d3daaf02f2b4f49cd2') in 0.001117 seconds
Start importing Packages/com.unity.cloud.gltfast/Runtime/Scripts/ImportSettings.cs using Guid(7b8df3b198c8b4133b57d32359c5b721) Importer(Primary)  -> (artifact id: 'fab762341ebb556d0c2602037d0c10b2') in 0.001379 seconds
Start importing Packages/com.unity.cloud.gltfast/Runtime/Scripts/VertexBufferGenerator.cs using Guid(8b60579f6b59542c39228b0ad2af3007) Importer(Primary)  -> (artifact id: 'bfd8d5ef8e92035b1d44214446ad64bc') in 0.001341 seconds
Start importing Packages/com.unity.cloud.gltfast/DocExamples/TextureAddOnExample.cs using Guid(8b73b2898ba344e2895e5e7a2830ee31) Importer(Primary)  -> (artifact id: '92039013179ac14acdfb1bae5502fef0') in 0.001289 seconds
Start importing Packages/com.unity.test-framework/UnityEditor.TestRunner/Api/RunState.cs using Guid(8bb59cb2f66d156418ca1bd1e2703233) Importer(Primary)  -> (artifact id: 'a9644cc494d55636996c5ed0652db7a9') in 0.001354 seconds
Start importing Packages/com.unity.mathematics/Unity.Mathematics/Noise/psrdnoise2D.cs using Guid(8bf609f94feab4ac5af33f75a100630c) Importer(Primary)  -> (artifact id: '164e6253159bcc8589b7b9fbd6330a24') in 0.001416 seconds
Start importing Packages/com.unity.test-framework/UnityEngine.TestRunner/NUnitExtensions/TestExtensions.cs using Guid(8bc74398aa3944646ade4ee78cd57484) Importer(Primary)  -> (artifact id: 'f670476053f96deab97660b42ea69c6f') in 0.001215 seconds
Start importing Packages/com.unity.test-framework/UnityEditor.TestRunner/TestRunner/Messages/EnterPlayMode.cs using Guid(9bd5a110ed89025499ddee8c7e73778e) Importer(Primary)  -> (artifact id: 'e538e9055b5ca9637fdd254d8dbdd7d2') in 0.001167 seconds
Start importing Packages/com.unity.cloud.gltfast/Runtime/Scripts/Schema/Constants.cs using Guid(9bc735a73730843b7a877cadf120268f) Importer(Primary)  -> (artifact id: 'adea121cfdaaea8164049e41063919d2') in 0.001234 seconds
Start importing Packages/com.unity.cloud.gltfast/Runtime/Scripts/TimeBudgetPerFrameDeferAgent.cs using Guid(9b4deaa7b0bcd4e209aa26ae2d364689) Importer(Primary)  -> (artifact id: 'b1e8b12076624b84fe11c66db7a1615a') in 0.001188 seconds
Start importing Packages/com.unity.cloud.gltfast/Runtime/Scripts/GltfAssetBase.cs using Guid(9bbd6a9f602ae4f8796c153a809978c5) Importer(Primary)  -> (artifact id: '17ea84b963195472ef3a3e74e07c67c4') in 0.001272 seconds
Start importing Packages/com.unity.collections/Unity.Collections/FixedString.gen.cs using Guid(ab361814f7174e46989e7f79e89f7c24) Importer(Primary)  -> (artifact id: 'dfc273ca63caa4b9c2f8945810983e55') in 0.001381 seconds
Start importing Packages/com.unity.mathematics/Unity.Mathematics/Noise/classicnoise3D.cs using Guid(ab5efd242473d4ce9b3d98450681549c) Importer(Primary)  -> (artifact id: 'de74d01721479a77ddad8a660fb5c084') in 0.001596 seconds
Start importing Packages/com.unity.cloud.gltfast/Runtime/Scripts/Schema/IBufferView.cs using Guid(bb60c1c046bc4b4eaa5519c5efb47c70) Importer(Primary)  -> (artifact id: '6607be55173b5e2894fbe353336655a8') in 0.001172 seconds
Start importing Packages/com.unity.burst/Runtime/Intrinsics/x86/Avx2.cs using Guid(bbe744fdbbc734d3bb0a78042bd4b56a) Importer(Primary)  -> (artifact id: '4500d96c579e3291f518431c69fd03a3') in 0.001227 seconds
Start importing Packages/com.unity.collections/Unity.Collections.Tests/NativeMultiHashMapTests.cs using Guid(bb38f6025ca13a74bb896b504219a393) Importer(Primary)  -> (artifact id: '9930ff1350bd309217a6ddbf958efab4') in 0.001180 seconds
Start importing Packages/com.unity.collections/Unity.Collections.Tests/FixedStringBurstTests.cs using Guid(bb7e2d0f4a7b4c32b50c2d10849628f2) Importer(Primary)  -> (artifact id: '3a3aa24511466dda55321f3cd9cfe859') in 0.001392 seconds
Start importing Packages/com.unity.cloud.gltfast/Runtime/Scripts/KtxImageLoader.cs using Guid(cb8181d50969b4e10aed18da4afd1364) Importer(Primary)  -> (artifact id: '45fb678bf6765a55268a456d794b901e') in 0.001108 seconds
Start importing Packages/com.unity.cloud.gltfast/Runtime/Scripts/ReadOnlyNativeStridedArray.cs using Guid(cbf4772ae96a408fb66956ed7762357e) Importer(Primary)  -> (artifact id: '9e2f3836fb6560d1a0209cb468917ef8') in 0.001322 seconds
Start importing Packages/com.unity.test-framework/UnityEngine.TestRunner/NUnitExtensions/Commands/BeforeAfterTestCommandBase.cs using Guid(cbbca1d8a0434be4bbc7f165523763ac) Importer(Primary)  -> (artifact id: 'b5e09f05647af42244396e3f61650b5b') in 0.001159 seconds
Start importing Packages/com.unity.cloud.gltfast/DocExamples/LoadGltfFromMemory.cs using Guid(cbdeab6fe2fc54058a70f9be966cd732) Importer(Primary)  -> (artifact id: '5736ee4d125a9def00905598954bb932') in 0.001259 seconds
Start importing Packages/com.unity.mathematics/Tests/Tests/Shared/TestHalf.cs using Guid(dba01b4c9788ea04d87865908e0ba344) Importer(Primary)  -> (artifact id: '477656fd277384fbb30fa83e72561fcb') in 0.001968 seconds
Start importing Packages/com.unity.mathematics/Unity.Mathematics/double3x2.gen.cs using Guid(dbb081701c605492aa7bca8b0dcd80d7) Importer(Primary)  -> (artifact id: '2118564965d2cfcae434626c7193b0ea') in 0.001430 seconds
Start importing Packages/com.unity.cloud.gltfast/Runtime/Scripts/Newtonsoft/Schema/RootExtensions.cs using Guid(dbf0c124a21da4a3b99c53965485240d) Importer(Primary)  -> (artifact id: '8a35a697641e24cac59e3d0aaa9a85e2') in 0.001480 seconds
Start importing Packages/com.unity.test-framework/UnityEngine.TestRunner/NUnitExtensions/Runner/IEnumerableTestMethodCommand.cs using Guid(dbd43d8a3b8122d4e89b055f53382b11) Importer(Primary)  -> (artifact id: '3d8971aacdca2f5ef81399a22b1bf5b5') in 0.001135 seconds
Start importing Packages/com.unity.burst/Runtime/Intrinsics/Arm/NEON_AArch64_crypto.cs using Guid(db8f2de394d138e1967d236540227a26) Importer(Primary)  -> (artifact id: '5376af7b6e9e08624489cfbb519abb2a') in 0.001621 seconds
Start importing Packages/com.unity.collections/Unity.Collections.Tests/HeapStringTests.cs using Guid(ebb4820a3559480c914440c643ed29d3) Importer(Primary)  -> (artifact id: '77ab2d19870ab1073efdaa73664701c4') in 0.001565 seconds
Start importing Packages/com.unity.mathematics/Tests/Tests/Shared/TestDouble2x2.gen.cs using Guid(eb8a44886606504469cf3329b4993591) Importer(Primary)  -> (artifact id: '13b9b0e5815f57a5258395896bba26ff') in 0.001488 seconds
Start importing Packages/com.unity.test-framework/UnityEditor.TestRunner/UnityTestProtocol/UtpMessageReporter.cs using Guid(ebcc5f899d9277642868aeda9a17cbaf) Importer(Primary)  -> (artifact id: '7be3a36da487d0fb4f0f924ba2c8cfd5') in 0.001494 seconds
Start importing Packages/com.unity.test-framework/UnityEngine.TestRunner/NUnitExtensions/Filters/CategoryFilterExtended.cs using Guid(ebeedaa04bb53e24ba2e7fb6745e3fd3) Importer(Primary)  -> (artifact id: '678de393daee79e8485d790dad803808') in 0.001322 seconds
Start importing Packages/com.unity.burst/Runtime/BurstCompilerOptions.cs using Guid(ebefffdd15ef3832ab7ae2b21e549832) Importer(Primary)  -> (artifact id: 'bdb7124c24fbb0f3f47848ff08fcee88') in 0.001527 seconds
Start importing Packages/com.unity.collections/Unity.Collections/RewindableAllocator.cs using Guid(fb1479c160300a447b5b0ba91f47f230) Importer(Primary)  -> (artifact id: '7be4818febba17b9e9268d9b775d1b99') in 0.001418 seconds
Start importing Packages/com.unity.collections/Unity.Collections/FixedList.gen.cs using Guid(fb24b35aa8286aa45a866596124a241d) Importer(Primary)  -> (artifact id: 'f5ff8d5d44c68a4bb67bb8f14d2f15e7') in 0.001172 seconds
Start importing Packages/com.unity.mathematics/Unity.Mathematics/Noise/cellular2x2.cs using Guid(fb26f7539fea841ac9538c01e2c20bc4) Importer(Primary)  -> (artifact id: '6d6604e5b164e3147418c9764f12f396') in 0.001410 seconds
Start importing Packages/com.unity.burst/Runtime/Intrinsics/x86/Avx.cs using Guid(fb77e3d4fbde3090a07ebac108e13ed8) Importer(Primary)  -> (artifact id: '691030e42b50b67190f965efa291406f') in 0.001235 seconds
Start importing Packages/com.unity.test-framework/UnityEngine.TestRunner/Utils/AssemblyProvider/AssemblyLoadProxy.cs using Guid(fb593906b7b6d824087dcaebf6c082e0) Importer(Primary)  -> (artifact id: '1fd80a6a00c4541568d68dc4c35aa535') in 0.001732 seconds
Start importing Packages/com.unity.test-framework/UnityEditor.TestRunner/TestRun/Tasks/PerformUndoTask.cs using Guid(fb1abebffd37bd4458c84e15a5d7ab04) Importer(Primary)  -> (artifact id: 'e3aba1448f9a920feb47f57c12e7ca4f') in 0.001230 seconds
Start importing Packages/com.unity.test-framework/UnityEngine.TestRunner/Assertions/LogScope/LogEvent.cs using Guid(0c56471f08a0f6846afc792f0b4205b9) Importer(Primary)  -> (artifact id: 'e751abeb503b17aadf79b067198f05dd') in 0.001588 seconds
Start importing Packages/com.unity.cloud.gltfast/Runtime/Scripts/Schema/BufferViewExtensions.cs using Guid(0ce650d12b8b4ef085fa3538c48fda38) Importer(Primary)  -> (artifact id: 'cdbfb75fc3f436a21523015b40d6dc7f') in 0.001466 seconds
Start importing Packages/com.unity.cloud.gltfast/Runtime/Scripts/Export/Constants.cs using Guid(0cbddf2c39bbb4469b0eed7673800b76) Importer(Primary)  -> (artifact id: 'ce595c12cb193bf054869953fda78f70') in 0.001694 seconds
Start importing Packages/com.unity.cloud.gltfast/Runtime/Scripts/Export/MeshDataProxy.cs using Guid(1ce5100c376c4edbb850b580eccdb504) Importer(Primary)  -> (artifact id: '6cf04f5c38c6dba566f2399751ad151b') in 0.001387 seconds
Start importing Packages/com.unity.cloud.gltfast/Runtime/Scripts/Material/UniveralRPMaterialGenerator.cs using Guid(1c38917456edc4ab2a860db31fe05f67) Importer(Primary)  -> (artifact id: 'e34b053e4027ace37df48e86f623c93f') in 0.001177 seconds
Start importing Packages/com.unity.test-framework/UnityEngine.TestRunner/Utils/AssemblyProvider/IAssemblyWrapper.cs using Guid(1c5afe945b715e149a70113a4be7b32a) Importer(Primary)  -> (artifact id: '8669c9017cb47fd9efd0d405d9f4cf83') in 0.002215 seconds
Start importing Packages/com.unity.test-framework/UnityEditor.TestRunner/TestLaunchers/TestLauncherBase.cs using Guid(1cddf785b0d07434d8e0607c97b09135) Importer(Primary)  -> (artifact id: '151e86691278ce98bff68ed87cbc99ff') in 0.001472 seconds
Start importing Packages/com.unity.collections/Unity.Collections.Tests/UnsafeListTests.cs using Guid(1c4f87267cc02d948a6a332c8768cd23) Importer(Primary)  -> (artifact id: '46acbbe51994502461b255541fddca3e') in 0.001489 seconds
Start importing Packages/com.unity.mathematics/Unity.Mathematics.Editor/PostNormalizedVectorDrawer.cs using Guid(2c060766caf7a405bb18fa4ba02780ee) Importer(Primary)  -> (artifact id: 'b2f27407403bc9e7b79b68b5026af72c') in 0.001335 seconds
Start importing Packages/com.unity.cloud.gltfast/Runtime/Scripts/Material/BuiltInShaderGraphMaterialGenerator.cs using Guid(2c68d7176808e44c2b897face69cc63a) Importer(Primary)  -> (artifact id: '6edb5d65f0e17c94e7f4c3929ec6da2c') in 0.001474 seconds
Start importing Packages/com.unity.cloud.gltfast/Runtime/Scripts/Loading/CustomHeaderDownloadProvider.cs using Guid(2c0bff263f69a450898f357a83acefa6) Importer(Primary)  -> (artifact id: '7b60e76896a4a3eb05ffff4462ebe060') in 0.001396 seconds
Start importing Packages/com.unity.test-framework/UnityEditor.TestRunner/TestLaunchers/PostbuildCleanupAttributeFinder.cs using Guid(2c2dfcbbb77359547bcaa7cdabd47ebb) Importer(Primary)  -> (artifact id: '589e8ac29fc295111968b665d5e9c356') in 0.001395 seconds
Start importing Packages/com.unity.cloud.gltfast/Runtime/Scripts/Export/AssemblyInfo.cs using Guid(2cddc58bb14fa4c0a869a2a26e8066fa) Importer(Primary)  -> (artifact id: '7f33aefc0329552ee3aa5e1d7936191b') in 0.001608 seconds
Start importing Packages/com.unity.cloud.gltfast/Runtime/Scripts/Schema/GltfComponentType.cs using Guid(3ca3a55b346e40538333c1b14529dcfc) Importer(Primary)  -> (artifact id: '892760e04deac00c23b13e70b595dcce') in 0.001633 seconds
Start importing Packages/com.unity.cloud.gltfast/Runtime/Scripts/Export/IMeshData.cs using Guid(3c249de161d74abf9bc681282190f184) Importer(Primary)  -> (artifact id: '7fcf491d71c4e2ad66887ae7950f3ec0') in 0.001309 seconds
Start importing Packages/com.unity.test-framework/UnityEngine.TestRunner/TestRunner/Callbacks/PlayModeRunnerCallback.cs using Guid(3cf5cb9e1ef590c48b1f919f2a7bd895) Importer(Primary)  -> (artifact id: '76ca26072d14b4deab6bc2e286c8add2') in 0.001325 seconds
Start importing Packages/com.unity.test-framework/UnityEditor.TestRunner/TestLaunchers/PrebuildSetupAttributeFinder.cs using Guid(3c4ccfb0896bcf44da13e152b267aa49) Importer(Primary)  -> (artifact id: '56e0fdb8e390d881ac1cf915e3b3e314') in 0.002160 seconds
Start importing Packages/com.unity.collections/Unity.Collections/JetBrains.Annotations.cs using Guid(3c4dac562d6e2714996a4d5ef5d9ba74) Importer(Primary)  -> (artifact id: '99da37cff09946d65192b149ee3928c4') in 0.001520 seconds
Start importing Packages/com.unity.mathematics/Unity.Mathematics/Il2CppEagerStaticClassConstructionAttribute.cs using Guid(3c7ef86a2cddb4254810c84d4f6e6618) Importer(Primary)  -> (artifact id: 'a4baf1112cf645a5bced4f1608a53d1e') in 0.001195 seconds
Start importing Packages/com.unity.test-framework/UnityEngine.TestRunner/NUnitExtensions/ITestSuiteModifier.cs using Guid(4c006cc4132f4e2d8b3e7208af3e208c) Importer(Primary)  -> (artifact id: 'c2a141a1d09ab0b485eda6d3020e8b52') in 0.001351 seconds
Start importing Packages/com.unity.mathematics/Unity.Mathematics/double2x3.gen.cs using Guid(5c05b76c6656d48b1a5a25086c9277c7) Importer(Primary)  -> (artifact id: '0094d5638943f099d4c0cfa9de8091c0') in 0.001261 seconds
Start importing Packages/com.unity.test-framework/UnityEngine.TestRunner/NUnitExtensions/Runner/WorkItemFactory.cs using Guid(5c15bf0966eb95847a4260d830a30d30) Importer(Primary)  -> (artifact id: '3b6fd7bd51a99127c5ed181a486c9858') in 0.001471 seconds
Start importing Packages/com.unity.cloud.gltfast/Runtime/Scripts/NodeExtension.cs using Guid(5c8679070ba9d46b6b373d276fac545d) Importer(Primary)  -> (artifact id: 'f1518ba88ec15b3ba94cb03398f82176') in 0.001604 seconds
Start importing Packages/com.unity.cloud.gltfast/Runtime/Scripts/PrimitivesComparer.cs using Guid(5c07d2a1ca5d0467185fdedf05214211) Importer(Primary)  -> (artifact id: '62e7e69061c235f79aa03b8cca691d63') in 0.001200 seconds
Start importing Packages/com.unity.mathematics/Tests/Tests/Shared/TestFloat3x2.gen.cs using Guid(5c2a01faa80e74147aeb6f5a1d9fc18d) Importer(Primary)  -> (artifact id: 'bf70a6c88399ca53ce883f12da64a742') in 0.001112 seconds
Start importing Packages/com.unity.cloud.gltfast/Runtime/Scripts/Schema/FakeSchema/Accessor.cs using Guid(5c9e5462940e44ebf8ff81a6b4113a07) Importer(Primary)  -> (artifact id: '30d76bf877c90526dfa7c174d3feae9f') in 0.000968 seconds
Start importing Packages/com.unity.cloud.gltfast/Runtime/Scripts/GltfBoundsAsset.cs using Guid(6c353ea9e5f7a496394d3f234f117021) Importer(Primary)  -> (artifact id: '6d4898146b3c3f3df133c14adfb9408b') in 0.001721 seconds
Start importing Packages/com.unity.cloud.gltfast/Runtime/Scripts/Export/ExportSettings.cs using Guid(6c28d37ec26924a698bafba3e3fe631f) Importer(Primary)  -> (artifact id: '7207e540652f3beeb575509a3773512b') in 0.001455 seconds
Start importing Packages/com.unity.mathematics/Unity.Mathematics/Noise/cellular3D.cs using Guid(6cea5378726344e72bf53fa723c6c3fb) Importer(Primary)  -> (artifact id: '66e1f5451c5429df1453d330c9485c44') in 0.001532 seconds
Start importing Packages/com.unity.test-framework/UnityEditor.TestRunner/TestLaunchers/PlatformSetup/PlatformSpecificSetup.cs using Guid(6cccd50ebf7384242bda4d7bcb282ebf) Importer(Primary)  -> (artifact id: '84a38a7c757e113ddd908fb57d16c8dd') in 0.001787 seconds
Start importing Packages/com.unity.burst/Runtime/Intrinsics/f16.cs using Guid(8cf029a460b7321e8496e8d836e8e899) Importer(Primary)  -> (artifact id: 'ee0b2beabbabbca9ec4b0eabb99aba9b') in 0.001350 seconds
Start importing Packages/com.unity.cloud.gltfast/Runtime/Scripts/Schema/FakeSchema/AccessorSparse.cs using Guid(8c12437b7df46422284639b911c6f4a7) Importer(Primary)  -> (artifact id: '030f5ae584518e8de04a15e2338d241b') in 0.001282 seconds
Start importing Packages/com.unity.collections/Unity.Collections.Tests/UnsafeHashSetTests.cs using Guid(8ce25c0534e0a234d8b710cadd871f84) Importer(Primary)  -> (artifact id: '3ef806acf6fcc0b365f6fe4f29a0cbe0') in 0.001202 seconds
Start importing Packages/com.unity.test-framework/UnityEditor.TestRunner/TestRunner/Callbacks/RerunCallbackInitializer.cs using Guid(9cb48d7d0e6784c81ad36cdbfe8e4b6b) Importer(Primary)  -> (artifact id: '307e6d7849e113c1dae4c327e2c12068') in 0.001747 seconds
Start importing Packages/com.unity.mathematics/Tests/Tests/Shared/TestUint4x4.gen.cs using Guid(9c652e046dd97fc4aadae764262652ad) Importer(Primary)  -> (artifact id: 'fb4e6e1bf42e9953553fbdef0d9c745d') in 0.001551 seconds
Start importing Packages/com.unity.cloud.gltfast/Runtime/Scripts/ImageConversionImageLoader.cs using Guid(9c1c94d4f1a844e94acc63fffcf517dc) Importer(Primary)  -> (artifact id: 'f9b5019f28af5aa02b34cf8c6fd93bea') in 0.001702 seconds
Start importing Packages/com.unity.burst/Editor/BurstPlatformAotSettings.cs using Guid(9c8c274ac46432afb936eab1c516fd7f) Importer(Primary)  -> (artifact id: '491a968bf5eade0d46d2cde86ba01d7c') in 0.001819 seconds
Start importing Packages/com.unity.mathematics/Unity.Mathematics/float4.gen.cs using Guid(9c9ea498ec5f4a443830f78ebf231f3e) Importer(Primary)  -> (artifact id: '788b4a5bb790b898eeb7ec10c04ae094') in 0.001463 seconds
Start importing Packages/com.unity.test-framework/UnityEngine.TestRunner/Utils/IPrebuildSceneSetup.cs using Guid(acc16f0c684508f44813662a300c574b) Importer(Primary)  -> (artifact id: '5f38c42b63eb8f2d3257b202aa728933') in 0.001191 seconds
Start importing Packages/com.unity.cloud.gltfast/Runtime/Scripts/Material/ShaderGraphMaterialGenerator.cs using Guid(ac48aecff2ff7454fa7a084279310327) Importer(Primary)  -> (artifact id: '9c94027ec41ae2b9731716ad500933cb') in 0.001457 seconds
Start importing Packages/com.unity.test-framework/UnityEditor.TestRunner/TestLaunchers/EditModeLauncher.cs using Guid(ac68f5ae37c8957468562b8da42f9984) Importer(Primary)  -> (artifact id: 'ab8601a4848fcc7b437c272b647ad62e') in 0.001487 seconds
Start importing Packages/com.unity.cloud.gltfast/Runtime/Scripts/Extensions.cs using Guid(ac793cf1802844281bf470f4e5ccbaf0) Importer(Primary)  -> (artifact id: 'c55591c8147b3cf7bfd156b90bd414cb') in 0.001889 seconds
Start importing Packages/com.unity.collections/Unity.Collections/Unicode.cs using Guid(bc38a1e61f172489a8eb4983c247c3c3) Importer(Primary)  -> (artifact id: '929c35b66b1b3c344417ac2445b0fc76') in 0.001333 seconds
Start importing Packages/com.unity.cloud.gltfast/Runtime/Scripts/Newtonsoft/Schema/OcclusionTextureInfo.cs using Guid(bcddd916cf2b14d6abaf512770f9aa76) Importer(Primary)  -> (artifact id: 'bcce8069d5380641fd8018293873ea6c') in 0.001761 seconds
Start importing Packages/com.unity.test-framework/UnityEngine.TestRunner/AssemblyInfo.cs using Guid(cc22cc13b69c1094c85e176c008b9ef8) Importer(Primary)  -> (artifact id: '2849c66f172479bb494ef6fa6cca0aec') in 0.001115 seconds
Start importing Packages/com.unity.test-framework/UnityEngine.TestRunner/NUnitExtensions/Attributes/UnitySetUpAttribute.cs using Guid(cc6401f13df54ba44bfd7cdc93c7d64d) Importer(Primary)  -> (artifact id: 'fbafb31c528130d049873d6149f84807') in 0.001464 seconds
Start importing Packages/com.unity.test-framework/UnityEditor.TestRunner/TestRunner/Callbacks/EditModeRunnerCallback.cs using Guid(cc456ba93311a3a43ad896449fee9868) Importer(Primary)  -> (artifact id: '30d0cf845a9da9a1539eb4092c292d77') in 0.001349 seconds
Start importing Packages/com.unity.test-framework/UnityEditor.TestRunner/TestRun/Tasks/SaveUndoIndexTask.cs using Guid(cc0ce06a7515c044bb8db4c75db84114) Importer(Primary)  -> (artifact id: 'e538746e55c4349125ffc1143135abf3') in 0.001716 seconds
Start importing Packages/com.unity.cloud.gltfast/Runtime/Scripts/Mathematics.cs using Guid(dc62ead7533d04d64b0151d2d21933c4) Importer(Primary)  -> (artifact id: '53b3481aaafd2de7226c09ccbd6644f6') in 0.002077 seconds
Start importing Packages/com.unity.test-framework/UnityEditor.TestRunner/Api/Analytics/RunFinishedData.cs using Guid(dc781c79a6ac490f817bb70a01490d5c) Importer(Primary)  -> (artifact id: '5e7f451e7e486d6e8880aaa0f5cc3d1a') in 0.001767 seconds
Start importing Packages/com.unity.cloud.gltfast/Runtime/Scripts/Newtonsoft/Schema/CameraPerspective.cs using Guid(dc885489acff8434b832b251de585d06) Importer(Primary)  -> (artifact id: 'f7fa390c411a20eea7ba8aed9d8d1f0a') in 0.001272 seconds
Start importing Packages/com.unity.collections/Unity.Collections.Tests/CustomAllocatorTests.cs using Guid(dca80967668c4d89a4dae5bd097484ef) Importer(Primary)  -> (artifact id: '9e9df6a91bd03e5f5bf2bcbc239b6e43') in 0.001535 seconds
Start importing Packages/com.unity.cloud.gltfast/Runtime/Scripts/Schema/BufferViewMeshoptExtension.cs using Guid(dc397feee58047748b39ac5d67c93519) Importer(Primary)  -> (artifact id: '0d8143d7befe12b46accf01d7ef0de07') in 0.001169 seconds
Start importing Packages/com.unity.cloud.gltfast/Runtime/Scripts/VertexBufferBones.cs using Guid(ecc0609ec6ff546e587a11c857a0e818) Importer(Primary)  -> (artifact id: 'fc1e897b4a53169fe7d109c84791414c') in 0.001417 seconds
Start importing Packages/com.unity.mathematics/Unity.Mathematics/bool4x4.gen.cs using Guid(ec21b45eb93de4c05962f95aee69aee6) Importer(Primary)  -> (artifact id: '3b12dcb2b016b94f9cf5f15dd345e3d5') in 0.001801 seconds
Start importing Packages/com.unity.cloud.gltfast/Runtime/Scripts/Newtonsoft/Schema/Root.cs using Guid(ecdb2d09c801244a18c579f36df81be7) Importer(Primary)  -> (artifact id: '8093918a18f3bcc51bc52c8076e55c09') in 0.001453 seconds
Start importing Packages/com.unity.cloud.gltfast/Runtime/Scripts/Newtonsoft/Schema/AccessorSparse.cs using Guid(ecfc141049e474c879518571edaa2377) Importer(Primary)  -> (artifact id: '29e0f9fdd1e1253fa1aab81e036bf1f1') in 0.001049 seconds
Start importing Packages/com.unity.mathematics/Tests/Tests/TestRandom.cs using Guid(ec2e0d8c659a52a45b0bd4f7a3d3981a) Importer(Primary)  -> (artifact id: '45ab26e6b43284838b98f4518e2b70b1') in 0.001947 seconds
Start importing Packages/com.unity.collections/Unity.Collections/BitField.cs using Guid(ec1f6f558fc0b9a4fac43b21ec79cd5a) Importer(Primary)  -> (artifact id: '67963aa89dcb247647b940b4b43da25b') in 0.001339 seconds
Start importing Packages/com.unity.test-framework/UnityEditor.TestRunner/TestRun/Tasks/PrebuildSetupTask.cs using Guid(fc039194235714f48a39bd364885e744) Importer(Primary)  -> (artifact id: '7d097d4fcc4d1f69fb97bb8b5e5f52f1') in 0.001205 seconds
Start importing Packages/com.unity.mathematics/Tests/Tests/Shared/TestBool2.gen.cs using Guid(fc335ab357eef1346a23bc792570d94e) Importer(Primary)  -> (artifact id: '61e5237be0158454ddae23b1ab65845b') in 0.001335 seconds
Start importing Packages/com.unity.test-framework/UnityEngine.TestRunner/Utils/StacktraceFilter.cs using Guid(fc748d99f1f0d484a811a566fc7915ec) Importer(Primary)  -> (artifact id: '05d068fcfca4b0491de8e6c8f8f066c0') in 0.001275 seconds
Start importing Packages/com.unity.collections/Unity.Collections.Tests/UnsafeTextTests.cs using Guid(fc59d1e6c6d24a569be25eea553b326f) Importer(Primary)  -> (artifact id: 'dc986a0d65714b93fea0ff818c7e3d72') in 0.001780 seconds
Start importing Packages/com.unity.burst/Editor/BurstMenu.cs using Guid(fc3edc1fe3ab3742b5a143805ddea9e2) Importer(Primary)  -> (artifact id: '5a04ff239ae7d0e7e920d7d95f4fe3e1') in 0.001148 seconds
Start importing Packages/com.unity.test-framework/UnityEditor.TestRunner/Api/CallbacksDelegator.cs using Guid(0de03ebd74e2b474fa23d05ab42d0cd8) Importer(Primary)  -> (artifact id: 'cea431fb23bc60eb1c067c3e34b95c25') in 0.001282 seconds
Start importing Packages/com.unity.mathematics/Tests/Tests/Shared/TestBool4x4.gen.cs using Guid(0d44f89a4f95a124b9fc8296247d76d9) Importer(Primary)  -> (artifact id: 'bc3c5751e8bb0fb9adf84d1bd0c55fcd') in 0.001277 seconds
Start importing Packages/com.unity.cloud.gltfast/Editor/Scripts/AssemblyInfo.cs using Guid(0da5eda5fa95e4275ad1af63eda3dd54) Importer(Primary)  -> (artifact id: '3fbeea20fee687a31fc43e228fc03231') in 0.001167 seconds
Start importing Packages/com.unity.cloud.gltfast/Runtime/Scripts/IMaterialProvider.cs using Guid(0d8696b9fb074a23a6d76da293a8d98d) Importer(Primary)  -> (artifact id: '0688ae32e7d94d2128d9bd3e56ce3bf4') in 0.001388 seconds
Start importing Packages/com.unity.collections/Unity.Collections.Tests/CollectionsTestFixture.cs using Guid(0de8369d937c43f09392e4cd032cfe19) Importer(Primary)  -> (artifact id: 'ba73335c952563ec266536b1579558ac') in 0.001649 seconds
Start importing Packages/com.unity.collections/Unity.Collections/NativeList.cs using Guid(0ddd82532ba0b41c7af9888fdbc562e1) Importer(Primary)  -> (artifact id: '08603dcf4168f5d8c616b8ae3ec9ef78') in 0.001246 seconds
Start importing Packages/com.unity.test-framework/UnityEngine.TestRunner/NUnitExtensions/Commands/OuterUnityTestActionCommand.cs using Guid(0d4fc309a0784294c8ab658b53b12320) Importer(Primary)  -> (artifact id: 'd6cc4cde1928cf3ca1717c9ae924976c') in 0.001218 seconds
Start importing Packages/com.unity.collections/Unity.Collections.BurstCompatibilityGen/BurstCompatibilityTests.cs using Guid(1d503f3e3b7fd2147a8ddc4135fcc0e3) Importer(Primary)  -> (artifact id: 'c304d8d950d2f42c48a9a205bdc2ddcc') in 0.001294 seconds
Start importing Packages/com.unity.test-framework/UnityEditor.TestRunner/TestRun/TestRunCanceledException.cs using Guid(1d45b9d3cf85bee4f99c1492fca8438a) Importer(Primary)  -> (artifact id: '90412042b2d12e29eccc6303b3951776') in 0.001299 seconds
Start importing Packages/com.unity.collections/Unity.Collections/NativeMultiHashMap.cs using Guid(1de5774def35a6642a480cfd1b8c11d7) Importer(Primary)  -> (artifact id: 'b4f53a2f55be7a75e4e565e6f1b7167a') in 0.001266 seconds
Start importing Packages/com.unity.collections/Unity.Collections.Tests/NativeBitArrayTests.cs using Guid(1ddc4d01f93629947903155de21d90ff) Importer(Primary)  -> (artifact id: 'dc15744b4ca982b406844a5ba7134c13') in 0.001651 seconds
Start importing Packages/com.unity.collections/Unity.Collections.Tests/UnsafeMultiHashMapTests.cs using Guid(2d33d4223be73b4448d51d31323799fd) Importer(Primary)  -> (artifact id: '0e97df9741d5e988351002e72fabd58f') in 0.001241 seconds
Start importing Packages/com.unity.mathematics/Unity.Mathematics/bool2x3.gen.cs using Guid(2da7f6798be134406a5cc96b770b5e70) Importer(Primary)  -> (artifact id: 'e740bd44c961fa4c2c4702fecfabcbe9') in 0.001309 seconds
Start importing Packages/com.unity.test-framework/UnityEngine.TestRunner/NUnitExtensions/Commands/TestActionCommand.cs using Guid(2de8ba3b840049641897e0da7ce1d5cd) Importer(Primary)  -> (artifact id: '0b20e86c511feda46b86356e7657341f') in 0.001432 seconds
Start importing Packages/com.unity.collections/Unity.Collections/NativeQueue.cs using Guid(2d8c01f04a0874c9384ae360c07d0098) Importer(Primary)  -> (artifact id: '0ef632cccd0f86a6f2c1ac5bc304d906') in 0.001604 seconds
Start importing Packages/com.unity.burst/Runtime/CompilerServices/SPMD.cs using Guid(2d8f464f6c9033c89a0ee334f0aad30c) Importer(Primary)  -> (artifact id: '32d5f257d817179d5bb8b4a657550df7') in 0.001763 seconds
Start importing Packages/com.unity.cloud.gltfast/Runtime/Scripts/SceneObjectCreation.cs using Guid(3dd628d4dd9c42338924872f4e477b6e) Importer(Primary)  -> (artifact id: '786194ad4f702683d8d66c551cdf5abb') in 0.001336 seconds
Start importing Packages/com.unity.test-framework/UnityEditor.TestRunner/TestRunner/EditmodeWorkItemFactory.cs using Guid(3dde15f260b0dd1469e60d16eaa795dc) Importer(Primary)  -> (artifact id: '9e9bb8f40f4618798b2df35d9ee85819') in 0.001285 seconds
Start importing Packages/com.unity.mathematics/Unity.Mathematics/int4x4.gen.cs using Guid(4d606f419b22349e1a0d1d639bdfac05) Importer(Primary)  -> (artifact id: '910b5778b1af81beedf9376a77d93b55') in 0.001251 seconds
Start importing Packages/com.unity.cloud.gltfast/Runtime/Scripts/Export/GltfWriter.cs using Guid(4d9076bab5d8c46be9d03094dca7c95b) Importer(Primary)  -> (artifact id: '7daefefcc843fb3f2b12faf878587519') in 0.001402 seconds
Start importing Packages/com.unity.test-framework/UnityEditor.TestRunner/CommandLineTest/TestStarter.cs using Guid(4d616d1a494edd144b262cf6cd5e5fda) Importer(Primary)  -> (artifact id: 'ccc0449e901ed8c1fb1caad69ceb71e8') in 0.001195 seconds
Start importing Packages/com.unity.burst/Runtime/Intrinsics/x86/Fma.cs using Guid(4d7325591616354d86b1492e282843f4) Importer(Primary)  -> (artifact id: '7ceab446786cc43e44dbc99a3faa3864') in 0.001247 seconds
Start importing Packages/com.unity.test-framework/UnityEditor.TestRunner/TestRunnerWindow.cs using Guid(4dfcd3a631f61d248b7cc0b845d40345) Importer(Primary)  -> (artifact id: '1012ba6981edbe5987e0e290761655b8') in 0.001305 seconds
Start importing Packages/com.unity.mathematics/Unity.Mathematics/Noise/cellular2x2x2.cs using Guid(4d0dbb238670f4580aa39c5272c2911c) Importer(Primary)  -> (artifact id: 'd8f872f143a82b2e46d651645ba431ed') in 0.001157 seconds
Start importing Packages/com.unity.cloud.gltfast/Runtime/Scripts/InstantiationSettings.cs using Guid(4dafe9122543745fea4a8c7fcf9037d6) Importer(Primary)  -> (artifact id: '29408ab7fb9016d5e0ec53fb1453f947') in 0.001259 seconds
Start importing Packages/com.unity.cloud.gltfast/Runtime/Scripts/FlatArray.cs using Guid(5dc388de8142146df920260e4fb37e0f) Importer(Primary)  -> (artifact id: '8e0b135446325bd8434651a25a5d9cd2') in 0.001313 seconds
Start importing Packages/com.unity.test-framework/UnityEditor.TestRunner/TestRunner/Messages/WaitForDomainReload.cs using Guid(5df3c21c5237c994db89660fbdfee07d) Importer(Primary)  -> (artifact id: '74a733bde62dbf5b07abcb033ae3abd9') in 0.001631 seconds
Start importing Packages/com.unity.cloud.gltfast/Runtime/Scripts/AssemblyInfo.cs using Guid(5d4869bae2ff044a2a34703990de1679) Importer(Primary)  -> (artifact id: '8554a2e64e599529608a9b3e55f3a8ed') in 0.001159 seconds
Start importing Packages/com.unity.test-framework/UnityEditor.TestRunner/TestLaunchers/AttributeFinderBase.cs using Guid(5d4de3d4682a8d641907cc75e4fb950e) Importer(Primary)  -> (artifact id: '007754a2b75da41fd02f01df4da5883a') in 0.001195 seconds
Start importing Packages/com.unity.cloud.gltfast/Runtime/Scripts/VertexBufferTexCoords.cs using Guid(5d6dbafdcf6b24d39a114247ec3b8cc6) Importer(Primary)  -> (artifact id: 'a0caceb75a47e3bb1bd374320c98834f') in 0.001308 seconds
Start importing Packages/com.unity.cloud.gltfast/Runtime/Scripts/Export/TextureComparer.cs using Guid(6d91c92c9aad04feab854d040e57c8b1) Importer(Primary)  -> (artifact id: '7036f939c42d16b3e726a7f49f877c1c') in 0.001711 seconds
Start importing Packages/com.unity.test-framework/UnityEngine.TestRunner/NUnitExtensions/Commands/EnumerableRetryTestCommand.cs using Guid(6de2f178a24cd2e48a0816cacd9a0583) Importer(Primary)  -> (artifact id: '4547dbd33ea248983127c459ab71b527') in 0.001367 seconds
Start importing Packages/com.unity.cloud.gltfast/Runtime/Scripts/Schema/InterpolationType.cs using Guid(6d1390e2835e4bc28906f2b01e563f37) Importer(Primary)  -> (artifact id: '5b2cd5f661ef32d3a706d18ab7dc22a3') in 0.001306 seconds
Start importing Packages/com.unity.cloud.gltfast/Runtime/Scripts/DontDestroyOnLoad.cs using Guid(6d84adc1622094a29b4ac495436769e6) Importer(Primary)  -> (artifact id: 'dbda974c7f5f09b420d560142a622d8a') in 0.001340 seconds
Start importing Packages/com.unity.burst/Runtime/DiagnosticId.cs using Guid(6dc46e7a016d3761a4586c439a8d9021) Importer(Primary)  -> (artifact id: '47dc328d17ef230903868d8f8d545064') in 0.001318 seconds
Start importing Packages/com.unity.test-framework/UnityEditor.TestRunner/TestRunner/EditModePCHelper.cs using Guid(6d16f2e78a356d34c9a32108929de932) Importer(Primary)  -> (artifact id: 'faf23344bd44273f8585fec0e827e624') in 0.001195 seconds
Start importing Packages/com.unity.test-framework/UnityEditor.TestRunner/TestRunner/Callbacks/WindowResultUpdater.cs using Guid(6d468ee3657be7a43a2ef2178ec14239) Importer(Primary)  -> (artifact id: 'e372f708c519dffb1aef53dc8f660eac') in 0.001672 seconds
Start importing Packages/com.unity.test-framework/UnityEditor.TestRunner/UnityTestProtocol/ITestRunnerApiMapper.cs using Guid(6de79ae237e51554da96fd28f68b66a6) Importer(Primary)  -> (artifact id: 'a4f86009c1ae9a20e4a5b0296646755a') in 0.001211 seconds
Start importing Packages/com.unity.test-framework/UnityEngine.TestRunner/Assertions/Is.cs using Guid(6d5833966abeadb429de247e4316eef4) Importer(Primary)  -> (artifact id: 'd12312d1ada8b23c6aea69046cfc2d7f') in 0.001316 seconds
Start importing Packages/com.unity.burst/Editor/BurstLoader.cs using Guid(6d3b5a05e2ea3974bda15d1a50e6df4d) Importer(Primary)  -> (artifact id: 'afad0709cb15f64cafc3fc355b2cdc4f') in 0.001368 seconds
Start importing Packages/com.unity.mathematics/Unity.Mathematics/int3x2.gen.cs using Guid(6ddb7ba42f65c4292afd32dd847c8d3e) Importer(Primary)  -> (artifact id: 'ea84aa74c734a36959bb1c9cbe532717') in 0.001210 seconds
Start importing Packages/com.unity.test-framework/UnityEditor.TestRunner/NUnitExtension/Attributes/ITestPlayerBuildModifier.cs using Guid(6d2f47eae5f447748892c46848956d5f) Importer(Primary)  -> (artifact id: '7aafa7aff09dfa0e41bf779a478b6f4c') in 0.001967 seconds
Start importing Packages/com.unity.test-framework/UnityEditor.TestRunner/TestLaunchers/RemotePlayerTestController.cs using Guid(7d36034e63ad8254b9b2f55280fcc040) Importer(Primary)  -> (artifact id: 'c2120b55b2281dcc250f2a1449ce49aa') in 0.001236 seconds
Start importing Packages/com.unity.collections/Unity.Collections.Tests/xxHash3Tests.cs using Guid(7d0e2c4064f24e889a36d5635f4f857d) Importer(Primary)  -> (artifact id: 'bc71d40e68b5bf3c13ab231b6e03c5ad') in 0.001191 seconds
Start importing Packages/com.unity.test-framework/UnityEditor.TestRunner/CommandLineTest/LogSavingCallbacks.cs using Guid(8d20eedbe40f0ce41a4c4f633f225de8) Importer(Primary)  -> (artifact id: '2782c0884937b5ae2ace398eae5e8d67') in 0.001868 seconds
Start importing Packages/com.unity.mathematics/Unity.Mathematics/double2.gen.cs using Guid(8df28422e0a0640c1896e8de330e2640) Importer(Primary)  -> (artifact id: 'a87bf0a65cf15593ea7d8ccd2c270f17') in 0.001179 seconds
Start importing Packages/com.unity.mathematics/Unity.Mathematics/double4.gen.cs using Guid(8d041bf430fc14f4787b6f89d3326147) Importer(Primary)  -> (artifact id: 'b5c048836ad5e715ba83e295de0e4853') in 0.001245 seconds
Start importing Packages/com.unity.test-framework/UnityEditor.TestRunner/TestLaunchers/PlatformSetup/IPlatformSetup.cs using Guid(9d614808f9add8a4f8e4860db2c7af0d) Importer(Primary)  -> (artifact id: '185649b8837261339e9adcfe5983b143') in 0.001327 seconds
Start importing Packages/com.unity.test-framework/UnityEditor.TestRunner/AssemblyInfo.cs using Guid(9db19a04003fca7439552acd4de9baa1) Importer(Primary)  -> (artifact id: '17124b0a8ee40b979b002c246d350237') in 0.001328 seconds
Start importing Packages/com.unity.collections/Unity.Collections.Tests/UnsafeHashMapTests.cs using Guid(ad64d0820d4d7924d9ffb4f53ad1b75e) Importer(Primary)  -> (artifact id: 'cae8e02424e7adbc4b8006b940b2d708') in 0.001258 seconds
Start importing Packages/com.unity.test-framework/UnityEditor.TestRunner/TestLaunchers/PlatformSetup/SwitchPlatformSetup.cs using Guid(adf7bea9401c1834380d55601add6cfb) Importer(Primary)  -> (artifact id: 'fbebe01bccf96dcf5706f48f5f2498a4') in 0.001634 seconds
Start importing Packages/com.unity.test-framework/UnityEditor.TestRunner/TestRun/Tasks/FileCleanupVerifierTaskBase.cs using Guid(ad7bb166069f8414e9ad26606b305e66) Importer(Primary)  -> (artifact id: 'b07e0588b97757a5bf1586423f494ee7') in 0.001536 seconds
Start importing Packages/com.unity.burst/Editor/BurstDisassembler.Core.Wasm.cs using Guid(adfb797f3dde361eb406750c9eea1f62) Importer(Primary)  -> (artifact id: '4d8eaa2c11f93ab9c54498849e61c8d5') in 0.001435 seconds
Start importing Packages/com.unity.cloud.gltfast/Runtime/Scripts/Schema/Asset.cs using Guid(bd77f2d23b4294a5f9955abdfdd41d1e) Importer(Primary)  -> (artifact id: '3d622a54211072c1144891d532bd1804') in 0.001719 seconds
Start importing Packages/com.unity.test-framework/UnityEditor.TestRunner/UnityTestProtocol/TestStartedMessage.cs using Guid(bd3e81baa10021f4d877fa36382bab16) Importer(Primary)  -> (artifact id: '016563c94ecf839e655c170b404910de') in 0.001358 seconds
Start importing Packages/com.unity.cloud.gltfast/Runtime/Scripts/Loading/DefaultDownloadProvider.cs using Guid(cde7502e4d0bc40bbb8690ab2067a5b3) Importer(Primary)  -> (artifact id: '9480a6edc60f29a65af7258f6a1dbe4f') in 0.001272 seconds
Start importing Packages/com.unity.mathematics/Unity.Mathematics/Noise/classicnoise2D.cs using Guid(cdfa008cc8af3440983f8c7beef680b9) Importer(Primary)  -> (artifact id: '5d0722dfdb9e58f6c61c388dbebd0515') in 0.001290 seconds
Start importing Packages/com.unity.mathematics/Unity.Mathematics/uint2.gen.cs using Guid(cdcbf6c3d9b20634c90f40978594a52b) Importer(Primary)  -> (artifact id: '3d55b2a3f5b3bce69a2329c7eaf57c9b') in 0.001203 seconds
Start importing Packages/com.unity.cloud.gltfast/Runtime/Scripts/IGltfReadable.cs using Guid(cd5d527a7dbd74af4895c4aadcf5f16b) Importer(Primary)  -> (artifact id: '9f99abf7cc0eb46443b3021b709e8e55') in 0.001370 seconds
Start importing Packages/com.unity.cloud.gltfast/Runtime/Scripts/Schema/AccessorSparseIndices.cs using Guid(ddd2d0a1e225f422eb8745214b3c8631) Importer(Primary)  -> (artifact id: '9ade74451a4159b3dbd64d991b91574b') in 0.001297 seconds
Start importing Packages/com.unity.test-framework/UnityEngine.TestRunner/NUnitExtensions/Commands/EnumerableSetUpTearDownCommand.cs using Guid(dd85a35169d313840a0874aea1a28629) Importer(Primary)  -> (artifact id: '92d9a2ac289181f27f550e0ebc736771') in 0.001131 seconds
Start importing Packages/com.unity.test-framework/UnityEditor.TestRunner/NUnitExtension/Attributes/TestPlayerBuildModifierAttribute.cs using Guid(dd57b1176859fc84e93586103d3b5f73) Importer(Primary)  -> (artifact id: '4e32a7a9cb230d3046226b1e68b89bfc') in 0.001208 seconds
Start importing Packages/com.unity.burst/Unity.Burst.CodeGen/BurstILPostProcessor.cs using Guid(ddf71e25119f3861b687943b050c9971) Importer(Primary)  -> (artifact id: 'db10a097ce515518ea08d58e477f8f8c') in 0.001459 seconds
Start importing Packages/com.unity.cloud.gltfast/Runtime/Scripts/MorphTargetsGenerator.cs using Guid(ddf8b3729d07f424fbb711e82633c09f) Importer(Primary)  -> (artifact id: 'd6c20c162e61347a3985e3928d218e5d') in 0.001373 seconds
Start importing Packages/com.unity.cloud.gltfast/Runtime/Scripts/Newtonsoft/Schema/Texture.cs using Guid(dd097d8c891e5408f9a31c651bc32784) Importer(Primary)  -> (artifact id: '537f4513e94ee8203e22e6a6405353f4') in 0.001411 seconds
Start importing Packages/com.unity.cloud.gltfast/Editor/Scripts/OnScriptsReloadHandler.cs using Guid(dd9d2e50cd6f34502ad61d8555c226bc) Importer(Primary)  -> (artifact id: 'e60342194a322711508c8c0f9d70d61e') in 0.001703 seconds
Start importing Packages/com.unity.test-framework/UnityEditor.TestRunner/TestLaunchers/RemotePlayerLogController.cs using Guid(edd2a1fe1acbbde43aad39862bb3f4a8) Importer(Primary)  -> (artifact id: '7bd1ac552db2141a31dce85e24b946e4') in 0.001821 seconds
Start importing Packages/com.unity.cloud.gltfast/Runtime/Scripts/DOTS/GltfEntityAsset.cs using Guid(ed63b69d2d259417e81f22bdec47df80) Importer(Primary)  -> (artifact id: 'ea85dc61717d01d86e5908beba641431') in 0.002095 seconds
Start importing Packages/com.unity.cloud.gltfast/DocExamples/CustomGltfImport.cs using Guid(ed7eb2828185cf54896d0bc4e34c7d24) Importer(Primary)  -> (artifact id: 'e04947a62467ce872ac728fbfc83073e') in 0.001595 seconds
Start importing Packages/com.unity.cloud.gltfast/Runtime/Scripts/Export/DracoExportSettings.cs using Guid(fd92d7ccd0d2a4e0c931cc9e9baacc64) Importer(Primary)  -> (artifact id: 'f2a5d42ee9868ed5d679190afddabb4c') in 0.001523 seconds
Start importing Packages/com.unity.test-framework/UnityEditor.TestRunner/TestLaunchers/RemoteTestResultReciever.cs using Guid(fdb35ef8fc437e14fa4b6c74a0609e86) Importer(Primary)  -> (artifact id: '864ab71311f50cdabfaa58296e15eaf4') in 0.001839 seconds
Start importing Packages/com.unity.test-framework/UnityEditor.TestRunner/GUI/IGuiHelper.cs using Guid(fd57cf917f61bbb42b8f030436426ddd) Importer(Primary)  -> (artifact id: '716a8dbc5d87ccd79ba69fa495fe7e73') in 0.001676 seconds
Start importing Packages/com.unity.collections/Unity.Collections.Tests/UnsafeUtilityTests.cs using Guid(fd28abb4e35d9472389061aeb5494474) Importer(Primary)  -> (artifact id: 'c8469e1a4abf6df60ac6d0854ebdb5ca') in 0.001358 seconds
Start importing Packages/com.unity.cloud.gltfast/Runtime/Scripts/VertexBufferColors.cs using Guid(fd1f368dcd13847be84297465036659f) Importer(Primary)  -> (artifact id: 'fdd266bde9358f4eb53ea2c605660e7b') in 0.001596 seconds
Start importing Packages/com.unity.cloud.gltfast/Runtime/Scripts/GameObjectBoundsInstantiator.cs using Guid(0e7600ca5b99344b5815a37360cfc553) Importer(Primary)  -> (artifact id: 'a8534456abf99a2e9d2fa553884a3c68') in 0.001268 seconds
Start importing Packages/com.unity.mathematics/Tests/Tests/Shared/TestRigidTransform.cs using Guid(0ea7743c8ecbfba4abe11751b744207e) Importer(Primary)  -> (artifact id: '65a79e8bf5eda8c7c979cc3f25a8f3b7') in 0.001130 seconds
Start importing Packages/com.unity.test-framework/UnityEditor.TestRunner/TestLaunchers/RuntimeTestLauncherBase.cs using Guid(0efb23ecb373b6d4bbe5217485785138) Importer(Primary)  -> (artifact id: 'b87d870877c96fc7ebcff8332cbf1658') in 0.001288 seconds
Start importing Packages/com.unity.mathematics/Tests/Tests/Shared/TestInt3x3.gen.cs using Guid(1e50b53d0c552004db62a39d61d06297) Importer(Primary)  -> (artifact id: 'f970e8f0dfc6823eee65305f096b4b3e') in 0.001434 seconds
Start importing Packages/com.unity.mathematics/Tests/Tests/Shared/TestUint3.gen.cs using Guid(1e540f901d21a5c4c94afaaa341f0eba) Importer(Primary)  -> (artifact id: '2c05daf2e473a611fb35d43536e7c9c5') in 0.001760 seconds
Start importing Packages/com.unity.burst/Editor/BurstDisassembler.Core.cs using Guid(1ea79974c5183e1383752c31ecbbb0d8) Importer(Primary)  -> (artifact id: 'ef717a6edb5e3a0d8959e13c394c2790') in 0.001201 seconds
Start importing Packages/com.unity.burst/Runtime/BurstCompiler.cs using Guid(1ec7023d81033de6aa77e32be8ea9352) Importer(Primary)  -> (artifact id: '05edf7029fb0a9491ee8f5fb00cdf672') in 0.001171 seconds
Start importing Packages/com.unity.test-framework/UnityEditor.TestRunner/TestRunner/EditorEnumeratorTestWorkItem.cs using Guid(1ebc1994f9a3d5649a1201d3a84b38df) Importer(Primary)  -> (artifact id: 'c916b9310ed6a2eb26af19440ed1d65f') in 0.001302 seconds
Start importing Packages/com.unity.cloud.gltfast/Runtime/Scripts/Material/Constants.cs using Guid(2ec0d38a2880d4e2886228f3008e670d) Importer(Primary)  -> (artifact id: 'f4bb9a00fe0542041e863d7ba1af527e') in 0.001518 seconds
Start importing Packages/com.unity.cloud.gltfast/Runtime/Scripts/DOTS/AssemblyInfo.cs using Guid(2ec27e64b669448cb850f90fd64deda8) Importer(Primary)  -> (artifact id: 'ea97288307cec63ffad17a8572c1da9d') in 0.001102 seconds
Start importing Packages/com.unity.cloud.gltfast/Runtime/Scripts/Logging/CollectingLogger.cs using Guid(2e1487baffe934aa7897713f4f05e631) Importer(Primary)  -> (artifact id: '387a0b85e329cd1a6345b19b5c656a22') in 0.001192 seconds
Start importing Packages/com.unity.cloud.gltfast/Runtime/Scripts/Schema/MaterialPbrMetallicRoughness.cs using Guid(2ea761ba8a88949f9853e3701abc486a) Importer(Primary)  -> (artifact id: '2ceb420cbb6291203564c2a8b09b2ca7') in 0.001763 seconds
Start importing Packages/com.unity.burst/Editor/BurstDisassembler.Core.x86.info.cs using Guid(2eea866710d936a0aa2b698e88b26884) Importer(Primary)  -> (artifact id: 'dac73c5e404aabc3468dbce0168a09ef') in 0.001458 seconds
Start importing Packages/com.unity.test-framework/UnityEngine.TestRunner/Utils/AssemblyProvider/AssemblyWrapper.cs using Guid(2e3b9bbf2c1a3cd4f88883ca32882ec6) Importer(Primary)  -> (artifact id: 'dfca2ce8b784634c7b58ce603e5101c0') in 0.001576 seconds
Start importing Packages/com.unity.cloud.gltfast/Runtime/Scripts/GltfImport.cs using Guid(2ecdf4a01fc4b428e8d8571876a43f78) Importer(Primary)  -> (artifact id: 'f9e634e6c94d4ce73c9c5c099aefad0a') in 0.002990 seconds
Start importing Packages/com.unity.mathematics/Unity.Mathematics/double2x4.gen.cs using Guid(3e21dd148ae3e4bf98a4042d4756c4db) Importer(Primary)  -> (artifact id: '00737b5f897813300028da8a0b313e57') in 0.002279 seconds
Start importing Packages/com.unity.cloud.gltfast/Runtime/Scripts/Export/ImageExportBase.cs using Guid(4e1122b5a7344378b5239f2ea982226e) Importer(Primary)  -> (artifact id: '5f1430754dcaf59cc2cc664d49c4f28c') in 0.001805 seconds
Start importing Packages/com.unity.cloud.gltfast/Runtime/Scripts/Newtonsoft/Schema/Buffer.cs using Guid(4e5485bb951164f09b073d209ae19e29) Importer(Primary)  -> (artifact id: 'de4ba9dd0786e07696839b9f6891ed43') in 0.002135 seconds
Start importing Packages/com.unity.cloud.gltfast/DocExamples/MultipleInstances.cs using Guid(5eb4588209c214a4e8be0ac7a9f33729) Importer(Primary)  -> (artifact id: '343fc386eddf2f992aa4d889f059d5c7') in 0.002213 seconds
Start importing Packages/com.unity.cloud.gltfast/Runtime/Scripts/Newtonsoft/Schema/Asset.cs using Guid(5e35d76c131bb44449b0ad50c6ab8ee7) Importer(Primary)  -> (artifact id: '351b0c80f9cc4ea0993331a8b76f5077') in 0.001925 seconds
Start importing Packages/com.unity.test-framework/UnityEngine.TestRunner/TestRunner/Callbacks/TestResultRenderer.cs using Guid(5ebb87899ca30b743bb4274bc00c02b4) Importer(Primary)  -> (artifact id: '00dfbd2abb2e98308b4167f4a700feed') in 0.001787 seconds
Start importing Packages/com.unity.cloud.gltfast/Editor/Scripts/ShaderGraphGUI.cs using Guid(5e2f126a1146d494cb1f1664639f3205) Importer(Primary)  -> (artifact id: 'e64d34a0c93c4a5ffaa2e80ecf4e2e79') in 0.001650 seconds
Start importing Packages/com.unity.cloud.gltfast/Runtime/Scripts/Export/HDAdditionalLightDataExtensions.cs using Guid(6e5be4f317e841b98301597d5bb37dbf) Importer(Primary)  -> (artifact id: '753e98ba5a1ac7246aea28eb702f913b') in 0.001416 seconds
Start importing Packages/com.unity.test-framework/UnityEditor.TestRunner/Api/TestAdaptor.cs using Guid(6e0e62db88935c74288c97c907243bd0) Importer(Primary)  -> (artifact id: '06290a1d2b8665bb14a7cd9393a56d79') in 0.001512 seconds
Start importing Packages/com.unity.mathematics/Unity.Mathematics/float3.gen.cs using Guid(6e8e5da9e769595428f8f1f51e642dd3) Importer(Primary)  -> (artifact id: 'b739fab4c139ccf26e3958bdcfb99c5e') in 0.001375 seconds
Start importing Packages/com.unity.test-framework/UnityEngine.TestRunner/NUnitExtensions/Runner/PlaymodeWorkItemFactory.cs using Guid(7ef6801a8b664544aa9f2ab1bc1f8b60) Importer(Primary)  -> (artifact id: '72799cc1bdd646546f26e0855e424d27') in 0.001265 seconds
Start importing Packages/com.unity.cloud.gltfast/Runtime/Scripts/Export/ImageExport.cs using Guid(8e134528d7aa047e9837cf28e8cd5609) Importer(Primary)  -> (artifact id: 'a9981dd228a7869a986d644216061da4') in 0.001533 seconds
Start importing Packages/com.unity.mathematics/Unity.Mathematics/float3x4.gen.cs using Guid(8e85ad7d883b9468da066c1ad9de70d0) Importer(Primary)  -> (artifact id: 'a35059352d8abb1882319d4fc99dbf8f') in 0.001823 seconds
Start importing Packages/com.unity.burst/Runtime/Editor/BurstCompileTarget.cs using Guid(8e0e4e7742393f00808df3e4508a7327) Importer(Primary)  -> (artifact id: 'bcc78cafee6404b37a96bde30dd2617b') in 0.001378 seconds
Start importing Packages/com.unity.cloud.gltfast/Runtime/Scripts/IMaterialsVariantsProvider.cs using Guid(9e554426dbbd4f148438960e7e80db45) Importer(Primary)  -> (artifact id: '17aa3e53bafd3418c2f0fca50899be32') in 0.001362 seconds
Start importing Packages/com.unity.test-framework/UnityEditor.TestRunner/Api/TestStatus.cs using Guid(9ec94545c5b00344c9bd8e691f15d799) Importer(Primary)  -> (artifact id: 'd6ab671c3c800d64286600f906d92bbf') in 0.001445 seconds
Start importing Packages/com.unity.mathematics/Unity.Mathematics/int2x2.gen.cs using Guid(9ee90f66ec9324008b40d056f2a6fd46) Importer(Primary)  -> (artifact id: '4921a8c9408738d6d6df71f4e03a144c') in 0.001270 seconds
Start importing Packages/com.unity.burst/Runtime/Intrinsics/x86/Sse.cs using Guid(9edae0ecbfb63f239983f9a81f80ddf9) Importer(Primary)  -> (artifact id: '19d7dd0e362e6f7ab45137f4817a1020') in 0.001329 seconds
Start importing Packages/com.unity.burst/Runtime/Intrinsics/x86/F16C.cs using Guid(ae12ed22401338869b648a8327f251da) Importer(Primary)  -> (artifact id: 'e9e3840f5ec36d89bf49cc678695b1bd') in 0.001432 seconds
Start importing Packages/com.unity.burst/Runtime/Editor/BurstLoader.cs using Guid(aeb3ace3d48330a3b182da7ace6b5f65) Importer(Primary)  -> (artifact id: 'dc3befe02dee274ba82bad11923e3de4') in 0.001464 seconds
Start importing Packages/com.unity.burst/Runtime/Intrinsics/Arm/NEON_AArch64_dotprod.cs using Guid(ae2473ecba7e346e806e9120b6533cf4) Importer(Primary)  -> (artifact id: 'e43a673fb6a3d71c09f04d311c79a677') in 0.001705 seconds
Start importing Packages/com.unity.test-framework/UnityEditor.TestRunner/TestLaunchers/PlatformSetup/XboxOnePlatformSetup.cs using Guid(aed7ab02155e43341a2dbcb7bc17c160) Importer(Primary)  -> (artifact id: 'fc6103220768588e71695222ffa073d0') in 0.001183 seconds
Start importing Packages/com.unity.test-framework/UnityEngine.TestRunner/Utils/AttributeHelper.cs using Guid(ae8ce3ffe04ac2c42945fd27e0291fc3) Importer(Primary)  -> (artifact id: '12226185b4060880843e1a3dced2c208') in 0.001216 seconds
Start importing Packages/com.unity.burst/Runtime/Intrinsics/Arm/NEON.cs using Guid(ae0e31ea75d231429bb22041f90ea890) Importer(Primary)  -> (artifact id: 'ee132bbdfa39f03e0ad483b45992aace') in 0.001404 seconds
Start importing Packages/com.unity.cloud.gltfast/Runtime/Scripts/Newtonsoft/Schema/Sampler.cs using Guid(aeae4863b04834c7ab49dc6db2c1cff5) Importer(Primary)  -> (artifact id: 'eddbac06029cf054244f7744bd17e2c3') in 0.001254 seconds
Start importing Packages/com.unity.mathematics/Tests/Tests/Shared/TestUint3x2.gen.cs using Guid(bede9ed05d973fa43bff7c97121eab82) Importer(Primary)  -> (artifact id: '93d57a43083f2d8b6a515521af7bdfb0') in 0.001513 seconds
Start importing Packages/com.unity.collections/Unity.Collections.Tests/NativeStreamTests.cs using Guid(ce62bb2f0aba64563accb50660276cff) Importer(Primary)  -> (artifact id: '5cb4d07c35cff9d98273d698a3655a23') in 0.001837 seconds
Start importing Packages/com.unity.cloud.gltfast/Runtime/Scripts/PrimitiveComparer.cs using Guid(cec4d33f62854a75b4b8810dc6f1317d) Importer(Primary)  -> (artifact id: 'b240637229dd0af79fb1bab5250dcf9c') in 0.001750 seconds
Start importing Packages/com.unity.test-framework/UnityEditor.TestRunner/GUI/TestListTreeView/TestTreeViewItem.cs using Guid(ce567ddbf30368344bc7b80e20cac36e) Importer(Primary)  -> (artifact id: '55cfe23e01b7e316252f9904e03dabbd') in 0.001885 seconds
Start importing Packages/com.unity.mathematics/Tests/Tests/Shared/TestBool3x4.gen.cs using Guid(ce96cd62cfbd7e24c9173437069a42ad) Importer(Primary)  -> (artifact id: '098b6d12f91e4b5d599bb77343e88469') in 0.001648 seconds
Start importing Packages/com.unity.test-framework/UnityEditor.TestRunner/GUI/TestListTreeView/TestListTreeViewDataSource.cs using Guid(ce87c287371edde43a4b5fcfdee7b9ef) Importer(Primary)  -> (artifact id: '2bae9741254b09a7f75e31c8edc01f6b') in 0.001589 seconds
Start importing Packages/com.unity.burst/Runtime/Intrinsics/v128.cs using Guid(de21742a4b9139f3a58692cb231ecd51) Importer(Primary)  -> (artifact id: 'cee7d0f519b14bccbb1f46eb032263cf') in 0.001991 seconds
Start importing Packages/com.unity.test-framework/UnityEditor.TestRunner/TestRunner/Utils/TestListJob.cs using Guid(dec9066d4afefe444be0dad3f137730d) Importer(Primary)  -> (artifact id: '54cbb5c07d1ca316788489c645d4e21f') in 0.001502 seconds
Start importing Packages/com.unity.cloud.gltfast/Runtime/Scripts/Schema/MaterialTransmission.cs using Guid(de3f0ad1a340b4da5a675c20b2eb036d) Importer(Primary)  -> (artifact id: 'f7cdb3e77c36e5659c167922a9009720') in 0.002468 seconds
Start importing Packages/com.unity.test-framework/UnityEditor.TestRunner/Api/ExecutionSettings.cs using Guid(eea34a28297f9bc4c9f4c573bc8d5d1c) Importer(Primary)  -> (artifact id: '33cf49d4638cfbfc8152b85e23ee9a8b') in 0.001398 seconds
Start importing Packages/com.unity.collections/Unity.Collections.Tests/NativeListTests_JobDebugger.cs using Guid(eebf40a7db1244e6782a238f4c5d279b) Importer(Primary)  -> (artifact id: 'cd701ab9047b56e31bc987763fc9d550') in 0.001453 seconds
Start importing Packages/com.unity.cloud.gltfast/Runtime/Scripts/Newtonsoft/Schema/AnimationSampler.cs using Guid(fe253601d805d4c29bacd03ed1c8f63c) Importer(Primary)  -> (artifact id: 'c7ca6e05b008736937f598755ae21058') in 0.001327 seconds
Start importing Packages/com.unity.test-framework/UnityEngine.TestRunner/Utils/AssemblyProvider/IScriptingRuntimeProxy.cs using Guid(fe4aef60e4ace544c8430da8ef8acba2) Importer(Primary)  -> (artifact id: '9a233023f91415132792bf78840108fe') in 0.001342 seconds
Start importing Packages/com.unity.test-framework/UnityEngine.TestRunner/NUnitExtensions/Attributes/UnityTestAttribute.cs using Guid(fedb0f9e5006b1943abae52f52f08a1a) Importer(Primary)  -> (artifact id: '49ce1cf70f89bec49ae2576abfac5d6b') in 0.001215 seconds
Start importing Packages/com.unity.burst/Unity.Burst.CodeGen/ILPostProcessingLegacy.cs using Guid(0f204499a5833eb3ac929d6b00ec26e8) Importer(Primary)  -> (artifact id: 'b035432d4b723af5534edb8a51494494') in 0.001505 seconds
Start importing Packages/com.unity.cloud.gltfast/Runtime/Scripts/Schema/FakeSchema/Root.cs using Guid(0ff53205b504b47bbb7d5fcad1c6ce0f) Importer(Primary)  -> (artifact id: 'e3f1d38b2f51d6e165744625a3ed7e75') in 0.001541 seconds
Start importing Packages/com.unity.collections/Unity.Collections/NativeHashMap.cs using Guid(1f49bcab900e54c498a852d067a7636c) Importer(Primary)  -> (artifact id: '9a6c3cee47dced621c63cf71d44c9bdf') in 0.001235 seconds
Start importing Packages/com.unity.cloud.gltfast/Runtime/Scripts/Schema/AccessorSparseValues.cs using Guid(1fbe6b4db971c4ca0b34466fc32ce5c0) Importer(Primary)  -> (artifact id: 'e88d41f10b23ed8426efac05eab424a4') in 0.001546 seconds
Start importing Packages/com.unity.burst/Runtime/NoAliasAttribute.cs using Guid(2f57b979d8843d3a95743ba60e9c33e3) Importer(Primary)  -> (artifact id: '1a3008a13f14a9543cc8fc79e4a6c9d6') in 0.001657 seconds
Start importing Packages/com.unity.test-framework/UnityEngine.TestRunner/Assertions/OutOfOrderExpectedLogMessageException.cs using Guid(2fcdb9402e0a4427bd5bd01f71ecf6d5) Importer(Primary)  -> (artifact id: 'd6e1ed8097d79c24d09fa43ba78bd909') in 0.001341 seconds
Start importing Packages/com.unity.cloud.gltfast/Editor/Scripts/ShaderGUIBase.cs using Guid(3fc2baf04d5f44c57812b8e8a0d5dc4b) Importer(Primary)  -> (artifact id: '81a54914b7b865c5f79135e8e64104d7') in 0.001156 seconds
Start importing Packages/com.unity.mathematics/Unity.Mathematics/double2x2.gen.cs using Guid(3faab235f9f6845bbbd1d94d1376d896) Importer(Primary)  -> (artifact id: 'ce0c477420742102131605ad86882a41') in 0.001155 seconds
Start importing Packages/com.unity.cloud.gltfast/Runtime/Scripts/Schema/FakeSchema/MaterialExtension.cs using Guid(3fbb61750909c47b8985966c487e74ee) Importer(Primary)  -> (artifact id: '5794bea690ab90394bedf6cef5105467') in 0.001973 seconds
Start importing Packages/com.unity.test-framework/UnityEditor.TestRunner/CommandLineTest/RunData.cs using Guid(3f8c1075884df0249b80e23a0598f9c1) Importer(Primary)  -> (artifact id: '85288a22d3847ed7ecd0b839b53f49a5') in 0.001367 seconds
Start importing Packages/com.unity.mathematics/Unity.Mathematics/uint3.gen.cs using Guid(3f9d441c51e38d9488cbdd2f013adcd3) Importer(Primary)  -> (artifact id: '1ed1e3db667937639576d1d145ae7c09') in 0.001293 seconds
Start importing Packages/com.unity.test-framework/UnityEditor.TestRunner/Api/ITestResultAdaptor.cs using Guid(4f90cfe4bf5cfb44f84a5b11387f2a42) Importer(Primary)  -> (artifact id: 'ec3f0f142c7e7f9fe43cce1abca15434') in 0.001619 seconds
Start importing Packages/com.unity.collections/Unity.Collections/Attributes.cs using Guid(4f31f524e51e467a9dc7691a41622766) Importer(Primary)  -> (artifact id: '2e306ba221a89a479a52fa2ddfba9822') in 0.001477 seconds
Start importing Packages/com.unity.cloud.gltfast/Runtime/Scripts/Schema/GltfAccessorAttributeType.cs using Guid(4fe2905ca66b40f1998ea33256f5654e) Importer(Primary)  -> (artifact id: '795047437c32f455f8823e4c31c39c1b') in 0.001316 seconds
Start importing Packages/com.unity.test-framework/UnityEngine.TestRunner/NUnitExtensions/ActionDelegator.cs using Guid(4f939b9e23a0946439b812551e07ac81) Importer(Primary)  -> (artifact id: '0f7791c23d543a6416750afbd6a8e538') in 0.001251 seconds
Start importing Packages/com.unity.mathematics/Tests/Tests/Shared/TestMath.cs using Guid(4fca0e2ff0321404da5c0ab527bdc756) Importer(Primary)  -> (artifact id: '8be75cde52266980c512695bc7bc59ff') in 0.001389 seconds
Start importing Packages/com.unity.test-framework/UnityEngine.TestRunner/NUnitExtensions/IStateSerializer.cs using Guid(5f875a14565308a40a5262d2504da705) Importer(Primary)  -> (artifact id: 'af93366ae87b77c0dfc034e3eac6ce3f') in 0.001344 seconds
Start importing Packages/com.unity.mathematics/Tests/Tests/Shared/TestInt4x3.gen.cs using Guid(5ffba8e003136db4abab4542f240e632) Importer(Primary)  -> (artifact id: '921b99b8876e4952d84aa55662b1a424') in 0.001474 seconds
Start importing Packages/com.unity.burst/Editor/BurstDisassembler.Core.x86.cs using Guid(6f21d73f40273eb4b102b79bda678e68) Importer(Primary)  -> (artifact id: '3f770d34c966dbe0f3cb5760b45aecd2') in 0.001101 seconds
Start importing Packages/com.unity.cloud.gltfast/Runtime/Scripts/Schema/Material.cs using Guid(6fc5461f38ba347c9af28d46af9eb719) Importer(Primary)  -> (artifact id: '1290014123dfae9d71ec45f448ac8d1e') in 0.001351 seconds
Start importing Packages/com.unity.cloud.gltfast/Runtime/Scripts/DracoMeshGenerator.cs using Guid(6f2f7f10cdb5644bbb2760421003ad61) Importer(Primary)  -> (artifact id: '39dd8e6e00534911322b99ad5de63633') in 0.001468 seconds
Start importing Packages/com.unity.collections/Unity.Collections.Tests/NativeMultiHashMapTests_JobDebugger.cs using Guid(7f00410a200de4d6d865ce65201c861f) Importer(Primary)  -> (artifact id: '13815b630ba1719f1bb224bd0d582116') in 0.001369 seconds
Start importing Packages/com.unity.cloud.gltfast/Runtime/Scripts/MaterialsVariants/MaterialsVariantsComponent.cs using Guid(7fc354af441a35b4eab3dd86d3f8d513) Importer(Primary)  -> (artifact id: '5196e422832451de8509158c13d3886e') in 0.001540 seconds
Start importing Packages/com.unity.test-framework/UnityEngine.TestRunner/NUnitExtensions/Commands/BeforeAfterTestCommandState.cs using Guid(7f65567c9026afb4db5de3355accc636) Importer(Primary)  -> (artifact id: 'efa5603276b9623fbcb2672119d9bbc6') in 0.001295 seconds
Start importing Packages/com.unity.burst/Editor/LongTextArea.cs using Guid(7f3eb54e86493a18ab63896161080959) Importer(Primary)  -> (artifact id: '21b40b2a3d6e051d395699f784cced4c') in 0.001718 seconds
Start importing Packages/com.unity.cloud.gltfast/Runtime/Scripts/GameObjectInstantiator.cs using Guid(8f09d36b46b0842a3bcfbec880ccba9a) Importer(Primary)  -> (artifact id: '8d5c6e7f52b1f52aa996ffdb04eb8c3a') in 0.001153 seconds
Start importing Packages/com.unity.burst/Editor/BurstDisassembler.cs using Guid(8fcac8aba2ba344697e10c770e5e0bc0) Importer(Primary)  -> (artifact id: '549350100b63d834db2adb6d72d52cad') in 0.001171 seconds
Start importing Packages/com.unity.mathematics/Tests/Tests/Shared/TestBool2x2.gen.cs using Guid(8ffa916172073c14499f3e88e1ddaccc) Importer(Primary)  -> (artifact id: 'f35b0250bc314c8619cfa1298dae01ae') in 0.001819 seconds
Start importing Packages/com.unity.test-framework/UnityEditor.TestRunner/Api/ICallbacksDelegator.cs using Guid(8f8f74fe8e363da42875d9cab025d3b2) Importer(Primary)  -> (artifact id: '593da29d129c1e6f5d320db4163425a8') in 0.001531 seconds
Start importing Packages/com.unity.cloud.gltfast/Runtime/Scripts/Schema/OcclusionTextureInfo.cs using Guid(9f4155f4f154d46368565048b3b9a02f) Importer(Primary)  -> (artifact id: 'a0e11327664dfc5b8bc53f349434e18e') in 0.001420 seconds
Start importing Packages/com.unity.cloud.gltfast/Runtime/Scripts/Newtonsoft/Schema/MaterialExtensions.cs using Guid(9f0a4a9ec02f2482d9946d8a83c673c9) Importer(Primary)  -> (artifact id: '7fedddc78c7524a4328ac42addd6c878') in 0.001279 seconds
Start importing Packages/com.unity.mathematics/Unity.Mathematics/uint4.gen.cs using Guid(9fdee5e687d86ef488fb8ebda7eb849b) Importer(Primary)  -> (artifact id: 'dc636687af4944d68416de19ea813ef6') in 0.001342 seconds
Start importing Packages/com.unity.test-framework/UnityEngine.TestRunner/Utils/FloatEqualityComparer.cs using Guid(af5042802f06c804c8abddd544b77a4a) Importer(Primary)  -> (artifact id: 'b38ae5bebb2b7b503e809b6286dcb448') in 0.001254 seconds
Start importing Packages/com.unity.collections/Unity.Collections/FixedStringParseMethods.cs using Guid(af16c54541e443e59c1fdf0919c1b9ea) Importer(Primary)  -> (artifact id: '413173a81b29375e0fec7df1cb2cc213') in 0.001746 seconds
Start importing Packages/com.unity.cloud.gltfast/Runtime/Scripts/Material/MaterialGenerator.cs using Guid(afe9cec957cbc4e2d8d686c12da3b676) Importer(Primary)  -> (artifact id: 'b085e46924e8b9d7c552df2acfad7c00') in 0.001179 seconds
Start importing Packages/com.unity.cloud.gltfast/Runtime/Scripts/AnimationMethod.cs using Guid(afdc0c08b0ba4248a2a7cd1a610f3d5a) Importer(Primary)  -> (artifact id: '583ed368d2042e2a60025ebc98943726') in 0.001195 seconds
Start importing Packages/com.unity.collections/Unity.Collections/Deprecated.cs using Guid(bfb5034a42e3f8f4d97776cf8d2f0e37) Importer(Primary)  -> (artifact id: '8b65c135ab1d3e99d68e13899c3cd68c') in 0.001988 seconds
Start importing Packages/com.unity.cloud.gltfast/Runtime/Scripts/Newtonsoft/Schema/Material.cs using Guid(bf06d11797d2a4faf928a33dfba697df) Importer(Primary)  -> (artifact id: '6caed490f3e51127dd97f3f6efc6166a') in 0.001212 seconds
Start importing Packages/com.unity.mathematics/Tests/Tests/Shared/TestUtils.cs using Guid(cff1594319560b44ba925eb76a273c80) Importer(Primary)  -> (artifact id: '2822913f45d4bb17f36b2f0dfce94320') in 0.001156 seconds
Start importing Packages/com.unity.collections/Unity.Collections/BurstCompatibleAttribute.cs using Guid(cf57aae738013234baa585dee44cf5ac) Importer(Primary)  -> (artifact id: '83763d09be87a430360a8328014f8654') in 0.001893 seconds
Start importing Packages/com.unity.test-framework/UnityEngine.TestRunner/TestRunner/Callbacks/TestResultRendererCallback.cs using Guid(dfc336f10b83bd74eaded16a658275c7) Importer(Primary)  -> (artifact id: '5cf89a56e8186f0233dc37dd64f323f9') in 0.001765 seconds
Start importing Packages/com.unity.cloud.gltfast/Editor/Scripts/AsyncHelpers.cs using Guid(df7900cf92aa0420bad0006e7cf0eebc) Importer(Primary)  -> (artifact id: 'e2392b029680f609911073b96c337ecd') in 0.001399 seconds
Start importing Packages/com.unity.cloud.gltfast/Runtime/Scripts/AnimationUtils.cs using Guid(ef505ff2a2ed74b1c8c346a506e2c93e) Importer(Primary)  -> (artifact id: 'a4308426d1f5a8b7d00b07cf0decb79c') in 0.001474 seconds
Start importing Packages/com.unity.cloud.gltfast/Runtime/Scripts/ManagedNativeArray.cs using Guid(ef615afcb33bd4a8794a78655228d0aa) Importer(Primary)  -> (artifact id: '95e4ade9d5ca65b71bc4c237fe10a23d') in 0.001376 seconds
Start importing Packages/com.unity.cloud.gltfast/Runtime/Scripts/DataUri.cs using Guid(efb2b98de420048b5800c69688ffe0a6) Importer(Primary)  -> (artifact id: 'be43b43873db6dee9d400026d0bccefe') in 0.001593 seconds
Start importing Packages/com.unity.test-framework/UnityEditor.TestRunner/CommandLineTest/ResultsSavingCallbacks.cs using Guid(ef563c5a6ecf64d4193dc144cb7d472a) Importer(Primary)  -> (artifact id: 'a83c3a4c93b909f7be533ecae032bba6') in 0.001364 seconds
Start importing Packages/com.unity.test-framework/UnityEngine.TestRunner/Assertions/UnityTestTimeoutException.cs using Guid(ffb335140c799c4408411d81789fb05c) Importer(Primary)  -> (artifact id: '99e03956e5a376b5040b893d8f49b879') in 0.001585 seconds
Start importing Packages/com.unity.collections/Unity.Collections/FixedStringMethods.cs using Guid(ff34e3b577f44d67b146cc64b598b67d) Importer(Primary)  -> (artifact id: '17f9a089ac5968b2f23f57618b395153') in 0.001319 seconds
Start importing Packages/com.unity.mathematics/Unity.Mathematics/math_unity_conversion.cs using Guid(ff55c152384775745b54032825a4ef2c) Importer(Primary)  -> (artifact id: '057d72a484f19b8ca25e3dae07c6a507') in 0.001713 seconds
Start importing Packages/com.unity.cloud.gltfast/Runtime/Scripts/IDefaultImageFormatLoader.cs using Guid(ff9526918ad44d09bf31bf28991e0a64) Importer(Primary)  -> (artifact id: 'b1710d46c76c228e7f9d61993742a324') in 0.001351 seconds
Start importing Packages/com.unity.test-framework/UnityEngine.TestRunner/Utils/IPostBuildCleanup.cs using Guid(ff67c526455160f4690a44f74dee4cbe) Importer(Primary)  -> (artifact id: 'cf90fc3c00fc2b096abc5f9582dbd1cb') in 0.001485 seconds
Start importing Packages/com.unity.mathematics/Tests/Tests/Shared/TestMinMaxAABB.cs using Guid(ff79137b66b3348278b1936f9080f495) Importer(Primary)  -> (artifact id: '0476795a200f20769482b6dac0684f7e') in 0.001365 seconds
Start importing Packages/com.unity.collections/Unity.Collections.Tests/NativeSortTests.gen.cs using Guid(ff0ba7aa14bc81c4cb4b1c28cd3460ed) Importer(Primary)  -> (artifact id: '426c4ffdf7bb996e208944887e883417') in 0.001233 seconds
Start importing Packages/com.unity.modules.ui/package.ModuleCompilationTrigger using Guid(51fa60bb2bd1e5bc74e8cc95a7bfd5b7) Importer(Primary)  -> (artifact id: '81ac55a760e39a6d0cc36a30e9658478') in 0.014550 seconds
Start importing Packages/com.unity.modules.unityanalytics/package.ModuleCompilationTrigger using Guid(71136fc5cf34f2cc10be0e33c0b08019) Importer(Primary)  -> (artifact id: '9a68526c3a2345025e959d41e139177d') in 0.000428 seconds
Start importing Packages/com.unity.modules.tilemap/package.ModuleCompilationTrigger using Guid(a1c42005fe7c5d78585a77ce396a5eea) Importer(Primary)  -> (artifact id: '012983ac56111a90b875c2667b1638f6') in 0.000343 seconds
Start importing Packages/com.unity.modules.assetbundle/package.ModuleCompilationTrigger using Guid(222fc39b0c85d800342910da2cd64781) Importer(Primary)  -> (artifact id: '4f09c9f2277fea5ea041cd173f5c0e4a') in 0.000312 seconds
Start importing Packages/com.unity.modules.unitywebrequest/package.ModuleCompilationTrigger using Guid(d2ec2d1228c8e67cdd913cb5609176a2) Importer(Primary)  -> (artifact id: 'b4add842d47aa1a00ba86f6153307119') in 0.000318 seconds
Start importing Packages/com.unity.modules.ai/package.ModuleCompilationTrigger using Guid(e2d09a26ce46dc617b54e49a534ace20) Importer(Primary)  -> (artifact id: 'fed03b1cc30802b9432b59a51af95f1d') in 0.000290 seconds
Start importing Packages/com.unity.modules.terrain/package.ModuleCompilationTrigger using Guid(23032f4383e95e772bce465c5896d0fd) Importer(Primary)  -> (artifact id: '46abb15676fac6ccdbe30b3da4084b88') in 0.000283 seconds
Start importing Packages/com.unity.modules.imageconversion/package.ModuleCompilationTrigger using Guid(830a36a23cf3ab1e61fa47940a6dc35e) Importer(Primary)  -> (artifact id: '3925285f3b4353a96565f476b6ace187') in 0.000286 seconds
Start importing Packages/com.unity.modules.unitywebrequesttexture/package.ModuleCompilationTrigger using Guid(a31a332ce3485f00f7df8d987302a29c) Importer(Primary)  -> (artifact id: '45ea459e7768a4a6dd4a58e957f6035b') in 0.000298 seconds
Start importing Packages/com.unity.modules.audio/package.ModuleCompilationTrigger using Guid(042dc296246916648e55a43d0eeb2036) Importer(Primary)  -> (artifact id: 'e56ee5ddfbbef2d11a9c57f82bf7baaa') in 0.000278 seconds
Start importing Packages/com.unity.modules.unitywebrequestaudio/package.ModuleCompilationTrigger using Guid(553737203d61a8109f9544a97201e1aa) Importer(Primary)  -> (artifact id: '0cfbad14eabe03df75f38df0bea0a328') in 0.000285 seconds
Start importing Packages/com.unity.modules.vr/package.ModuleCompilationTrigger using Guid(b5bd8fa6f4c55ab6f09322b86d18b0e3) Importer(Primary)  -> (artifact id: '2493f8fda159a7d09887c9cee86360a4') in 0.000280 seconds
Start importing Packages/com.unity.modules.vehicles/package.ModuleCompilationTrigger using Guid(e5c46c19ce0ce2e0103aa6f82df1043a) Importer(Primary)  -> (artifact id: '708560437bb4ed98c7fe7541bda2a047') in 0.000308 seconds
Start importing Packages/com.unity.modules.unitywebrequestassetbundle/package.ModuleCompilationTrigger using Guid(7610600f5c83e01041a6fe849d39279f) Importer(Primary)  -> (artifact id: 'a2afc45526bcc72a23e99d8a4f96a591') in 0.000285 seconds
Start importing Packages/com.unity.modules.jsonserialize/package.ModuleCompilationTrigger using Guid(e6a135e3ea9cb46795d1b0e05ac3e1e5) Importer(Primary)  -> (artifact id: '82528c83b95157552e1b8314e7fa1cc9') in 0.000282 seconds
Start importing Packages/com.unity.modules.video/package.ModuleCompilationTrigger using Guid(f62135e79edb837b2d2ee3c524da864c) Importer(Primary)  -> (artifact id: 'e3080cb1ced6491626c5c44e48c0baaf') in 0.000287 seconds
Start importing Packages/com.unity.modules.particlesystem/package.ModuleCompilationTrigger using Guid(17f093324b67f5bd57e55b546736750e) Importer(Primary)  -> (artifact id: 'c2b169818774f908a90015d40841b7f6') in 0.000297 seconds
Start importing Packages/com.unity.modules.xr/package.ModuleCompilationTrigger using Guid(c7a8b0317f4e68556d7509828e9e211e) Importer(Primary)  -> (artifact id: '40b1cd6ca6432b3c348e74aafbbc1645') in 0.000285 seconds
Start importing Packages/com.unity.modules.cloth/package.ModuleCompilationTrigger using Guid(082fbee38a82835433261a5e9c00e267) Importer(Primary)  -> (artifact id: '294f41c04fd6bcbde542b69322586e8a') in 0.000286 seconds
Start importing Packages/com.unity.modules.androidjni/package.ModuleCompilationTrigger using Guid(c82e859b16636ddd2ca4a1f63fd34938) Importer(Primary)  -> (artifact id: '6bbf22a6b160c80f2b6ae11d13b0e525') in 0.000305 seconds
Start importing Packages/com.unity.modules.director/package.ModuleCompilationTrigger using Guid(c88e90bad18cceb5d182d0c805883056) Importer(Primary)  -> (artifact id: 'ddf5a97c22516489d00c4256b64ed579') in 0.000294 seconds
Start importing Packages/com.unity.modules.wind/package.ModuleCompilationTrigger using Guid(2adec19fac7df68adf1fd6eb83197bb1) Importer(Primary)  -> (artifact id: 'dfb700b42066f0cc0fe1979fef812bcc') in 0.000834 seconds
Start importing Packages/com.unity.modules.uielements/package.ModuleCompilationTrigger using Guid(8a752aaaadd2410dd9a84e01c1bace9f) Importer(Primary)  -> (artifact id: '1cf6abf9764ef899731c29856ca9d979') in 0.000296 seconds
Start importing Packages/com.unity.modules.terrainphysics/package.ModuleCompilationTrigger using Guid(cbb1a39d56ce4d9ac1a46ac505893fa7) Importer(Primary)  -> (artifact id: '8e5bac823e2d8aebd51e4d360edbaf95') in 0.000288 seconds
Start importing Packages/com.unity.modules.animation/package.ModuleCompilationTrigger using Guid(db8e609a39b9b231fccc54e5fa4cbd1b) Importer(Primary)  -> (artifact id: '076a5827e10f0dedb53ddf9e32d8a1e2') in 0.000272 seconds
Start importing Packages/com.unity.modules.physics/package.ModuleCompilationTrigger using Guid(5c1ee4056d0ac7ad3c5a16597fcaa38a) Importer(Primary)  -> (artifact id: '125351758c79236522872daf08cd41f1') in 0.000270 seconds
Start importing Packages/com.unity.modules.infinity/package.ModuleCompilationTrigger using Guid(9cf316e6152a8b6ed56fd6c1b249ff3d) Importer(Primary)  -> (artifact id: '9c81e24fb781a77bcac3d133677e89cc') in 0.000276 seconds
Start importing Packages/com.unity.modules.subsystems/package.ModuleCompilationTrigger using Guid(8d4bc6bfa28760b29f13174d6b6ea710) Importer(Primary)  -> (artifact id: 'bac7b0288f0382cfb7f8cca4c6a29eba') in 0.000281 seconds
Start importing Packages/com.unity.modules.screencapture/package.ModuleCompilationTrigger using Guid(cd561f5f687aed43bf280c27a84f79e3) Importer(Primary)  -> (artifact id: '73ddf52eba0b3eef440508a24268dfcc') in 0.000271 seconds
Start importing Packages/com.unity.modules.unitywebrequestwww/package.ModuleCompilationTrigger using Guid(ae87256f29d9c8b50490f4caf75b2c41) Importer(Primary)  -> (artifact id: '35af0a4532566b48d602cc4c2b40f04e') in 0.000339 seconds
Start importing Packages/com.unity.modules.imgui/package.ModuleCompilationTrigger using Guid(be13c398521e3c1ad21fb9da30ab2ab6) Importer(Primary)  -> (artifact id: 'd98d9845924085df09f45245dcef5466') in 0.000270 seconds
Start importing Packages/com.unity.modules.physics2d/package.ModuleCompilationTrigger using Guid(fe6a6957b37b61417b457a1e0541791d) Importer(Primary)  -> (artifact id: '2d00538908a6552eb9931146d1f39872') in 0.000282 seconds
Refreshing native plugins compatible for Editor in 1.13 ms, found 0 plugins.
Native extension for WindowsStandalone target not found
Native extension for Android target not found
Mono: successfully reloaded assembly
- Finished resetting the current domain, in  1.694 seconds
Domain Reload Profiling: 2019ms
	BeginReloadAssembly (120ms)
		ExecutionOrderSort (0ms)
		DisableScriptedObjects (4ms)
		BackupInstance (0ms)
		ReleaseScriptingObjects (0ms)
		CreateAndSetChildDomain (25ms)
	RebuildCommonClasses (24ms)
	RebuildNativeTypeToScriptingClass (9ms)
	initialDomainReloadingComplete (17ms)
	LoadAllAssembliesAndSetupDomain (155ms)
		LoadAssemblies (179ms)
		RebuildTransferFunctionScriptingTraits (0ms)
		AnalyzeDomain (42ms)
			TypeCache.Refresh (35ms)
				TypeCache.ScanAssembly (28ms)
			ScanForSourceGeneratedMonoScriptInfo (6ms)
			ResolveRequiredComponents (1ms)
	FinalizeReload (1695ms)
		ReleaseScriptCaches (0ms)
		RebuildScriptCaches (0ms)
		SetupLoadedEditorAssemblies (1604ms)
			LogAssemblyErrors (0ms)
			InitializePlatformSupportModulesInManaged (10ms)
			SetLoadedEditorAssemblies (3ms)
			RefreshPlugins (0ms)
			BeforeProcessingInitializeOnLoad (28ms)
			ProcessInitializeOnLoadAttributes (1441ms)
			ProcessInitializeOnLoadMethodAttributes (119ms)
			AfterProcessingInitializeOnLoad (3ms)
			EditorAssembliesLoaded (0ms)
		ExecutionOrderSort2 (0ms)
		AwakeInstancesAfterBackupRestoration (12ms)
Start importing Library/BuildPlayer.prefs using Guid(00000000000000005000000000000000) Importer(Primary)  -> (artifact id: '48b9e810d3ef6118cf09a23f7619efc1') in 0.022605 seconds
Start importing Packages/com.unity.collections/Unity.Collections/NativeText.tt using Guid(50504580bca9eb0409fcceea1af68eb5) Importer(Primary)  -> (artifact id: 'bcafb3ec077b196b2d85a0b149e4d028') in 0.010023 seconds
Start importing Packages/com.unity.collections/Unity.Collections/FixedList.tt using Guid(f16da17e34bf5f149a196c3f6b32e37f) Importer(Primary)  -> (artifact id: '0debd67336dc55b03c2e32cb03ff19d6') in 0.000681 seconds
Start importing Packages/com.unity.collections/Unity.Collections/FixedStringFormat.tt using Guid(059659011adc4f67a43b9d9bcc5dfd01) Importer(Primary)  -> (artifact id: '29cb45e53451161ba7bd00f11179d6cb') in 0.000511 seconds
Start importing Packages/com.unity.collections/Unity.Collections.Tests/NativeSortTests.tt using Guid(175a9e4a17bf01748b02c5c1c653d091) Importer(Primary)  -> (artifact id: 'cb6a3b7a2cf0f5ea97a8ede44fe6ff1b') in 0.000727 seconds
Start importing Packages/com.unity.collections/Unity.Collections.Tests/FixedListTests.tt using Guid(775a8d1badc640e45a6030c3822a83d7) Importer(Primary)  -> (artifact id: 'd233acf743d53626bbf44a385c2e5be4') in 0.000588 seconds
Start importing Packages/com.unity.collections/Unity.Collections/HeapString.tt using Guid(e910f3b476804d65b90652c09d991834) Importer(Primary)  -> (artifact id: 'af4380060e915f9a5652de0a53e0880d') in 0.000784 seconds
Start importing Packages/com.unity.collections/Unity.Collections.Tests/WordsTests.tt using Guid(0ae36389f9190364281d886af2bc17ad) Importer(Primary)  -> (artifact id: 'd79cbe8300063cf349db4327fab8b731') in 0.000505 seconds
Start importing Packages/com.unity.collections/Unity.Collections/FixedString.tt using Guid(0a845769eb1dc4f459f64e5c840d07de) Importer(Primary)  -> (artifact id: 'f2c0b6e7f9ed049a4228bc83d794ff76') in 0.000615 seconds
Start importing Packages/com.unity.collections/Unity.Collections.Tests.Playmode/FixedListPlayModeTests.tt using Guid(6a88e2cd1798bb445bc5517141684031) Importer(Primary)  -> (artifact id: 'ba4907c1ccad92fc42a84a30cb32c683') in 0.000661 seconds
Start importing Packages/com.unity.collections/Unity.Collections.Tests/FixedStringSizedTests.tt using Guid(0be05385fc513c143a5b5249b7ad6211) Importer(Primary)  -> (artifact id: 'f285df33ce6e6dda32acc08cc0fb5535') in 0.000818 seconds
Start importing Packages/com.unity.collections/Unity.Collections/UnsafeHashSetExtensions.tt using Guid(dbd3ca1753e44d04dbf3e27c3cfa4a1b) Importer(Primary)  -> (artifact id: '490796210efc7c268a4bb561376d3c2a') in 0.000570 seconds
Start importing Packages/com.unity.collections/Unity.Collections/FixedStringFormatMethods.tt using Guid(0cdef7b1946241588e9a3b52426940e4) Importer(Primary)  -> (artifact id: '8bcb73d03f04f95b6550d70f10f1aced') in 0.000566 seconds
Start importing Packages/com.unity.collections/Unity.Collections.Tests/NativeHashSetTests.tt using Guid(edf89c00aa475ae48a7726b87fc0f00c) Importer(Primary)  -> (artifact id: 'f412d7766c46f05f6e08c7a19fc9b6d2') in 0.000614 seconds
Start importing Packages/com.unity.collections/Unity.Collections/NativeHashSetExtensions.tt using Guid(6f9fa81af98728e4f8a0db3762124ff9) Importer(Primary)  -> (artifact id: 'd9e589f411fccde7b28fe53faeb0a973') in 0.000545 seconds
Start importing Packages/com.unity.mathematics/Unity.Mathematics/Noise/README using Guid(16687ba1ea1804a9fb7cb7c2410eab23) Importer(Primary)  -> (artifact id: '171e00b865fa6285581274ce4d791ea4') in 0.000656 seconds
Start importing Packages/com.unity.cloud.gltfast/Runtime/Shader/glTF-unlit.shadergraph using Guid(c87047c884d9843f5b0f4cce282aa760) Importer(Primary)  -> (artifact id: '99a9d67d4d04e20677300034d81676b3') in 0.003288 seconds
Start importing Packages/com.unity.mathematics/Unity.Mathematics/Noise/LICENSE using Guid(e8895079ca68e498482a3075d7e34508) Importer(Primary)  -> (artifact id: '7bc9109698de6448ccd1b966b6b4c0b0') in 0.000639 seconds
Start importing Packages/com.unity.cloud.gltfast/Runtime/Shader/glTF-pbrMetallicRoughness.shadergraph using Guid(b9d29dfa1474148e792ac720cbd45122) Importer(Primary)  -> (artifact id: '4ee68feacd8adfa30d6a6ba2999261e9') in 0.000822 seconds
Start importing Packages/com.unity.cloud.gltfast/Runtime/Shader/glTF-pbrSpecularGlossiness.shadergraph using Guid(9a07dad0f3c4e43ff8312e3b5fa42300) Importer(Primary)  -> (artifact id: '35ddbdbf207ea835ea1bf1d21da4f027') in 0.000544 seconds
Start importing Packages/com.unity.cloud.gltfast/Runtime/Shader/SubGraphs/PBR_metallic_roughness.shadersubgraph using Guid(0011ac3bd216c4242baafcf7d0ee237b) Importer(Primary)  -> (artifact id: '9ad966294507251cab56ced72aa68ec3') in 0.003074 seconds
Start importing Packages/com.unity.cloud.gltfast/Runtime/Shader/SubGraphs/BaseColor.shadersubgraph using Guid(8128dba25d89b4e0e99b91d27f058f07) Importer(Primary)  -> (artifact id: '62508894073f5eac88ab4186368439bc') in 0.000717 seconds
Start importing Packages/com.unity.cloud.gltfast/Runtime/Shader/URP/glTF-pbrMetallicRoughness-Clearcoat.shadergraph using Guid(c18c97ae1ce021b4980c5d19a54f0d3c) Importer(Primary)  -> (artifact id: '770903da85132ceb35f176beedfa4b35') in 0.000590 seconds
Start importing Packages/com.unity.cloud.gltfast/Runtime/Shader/HDRP/glTF-pbrMetallicRoughnessStackLit.shadergraph using Guid(429ab83ee9ef05b4f8a76e58ea5d5ad4) Importer(Primary)  -> (artifact id: '676d9cc5c3260ba89f295f74e8b2cf33') in 0.000673 seconds
Start importing Packages/com.unity.cloud.gltfast/Runtime/Shader/SubGraphs/MetallicRoughness.shadersubgraph using Guid(04256d74e79e741c5a94eebba619687e) Importer(Primary)  -> (artifact id: '52825bb9eae0fa0c77719bc296c52d54') in 0.000674 seconds
Start importing Packages/com.unity.cloud.gltfast/Runtime/Shader/SubGraphs/ScreenGrab.shadersubgraph using Guid(34bce5e04fd5d474286972968941bb2a) Importer(Primary)  -> (artifact id: 'b460c4ed69e04427388abd0b64759a34') in 0.000626 seconds
Start importing Packages/com.unity.cloud.gltfast/Runtime/Shader/SubGraphs/PBR_specular_glossiness.shadersubgraph using Guid(a604ef8f6e4b643cf9807d62c5c98463) Importer(Primary)  -> (artifact id: '8b15a37b9e2e9a98544a95ed7fa3f4ef') in 0.000521 seconds
Start importing Packages/com.unity.cloud.gltfast/Runtime/Shader/SubGraphs/Occlusion.shadersubgraph using Guid(a61e32a8ab2b744a3837d668b8fc3155) Importer(Primary)  -> (artifact id: '6e594f75c3c50f60239bf79baf513967') in 0.000596 seconds
Start importing Packages/com.unity.cloud.gltfast/Runtime/Shader/SubGraphs/Emission.shadersubgraph using Guid(c65a0769f13ae46a28263a75eed49ecc) Importer(Primary)  -> (artifact id: '4a90e7954e8c3cf7f99ac7739561fa66') in 0.000821 seconds
Start importing Packages/com.unity.cloud.gltfast/Runtime/Shader/SubGraphs/Clearcoat.shadersubgraph using Guid(18406ca198f2c334fba4ef90d55e8525) Importer(Primary)  -> (artifact id: 'b6a63e1303916bf213e3082c57dac54c') in 0.000726 seconds
Start importing Packages/com.unity.cloud.gltfast/Runtime/Shader/SubGraphs/TextureTransform.shadersubgraph using Guid(9a44a43ef44bd4a9dbc883ebde01cc72) Importer(Primary)  -> (artifact id: '0b29569b8c2d4e926f0a95992f170c38') in 0.000630 seconds
Start importing Packages/com.unity.cloud.gltfast/Runtime/Shader/SubGraphs/PBR_metallic_roughness_advanced.shadersubgraph using Guid(8b71ed958f7c7a948b89b79fbc75f945) Importer(Primary)  -> (artifact id: '554fc034f1dddd5f4d425d96c7524b00') in 0.000697 seconds
Start importing Packages/com.unity.cloud.gltfast/Runtime/Shader/SubGraphs/SpecularGlossiness.shadersubgraph using Guid(7c57fa3e768cc40d2abb3b1b4ccd18d4) Importer(Primary)  -> (artifact id: '647f258b6d05298d1b49ee2d2fc04e78') in 0.000866 seconds
Start importing Packages/com.unity.cloud.gltfast/Runtime/Shader/SubGraphs/Normal.shadersubgraph using Guid(3d23f3f9d39dc4621898db0a20884fcd) Importer(Primary)  -> (artifact id: '37577d741a5419eef4fb24a720c327f3') in 0.000794 seconds
Start importing Packages/com.unity.cloud.gltfast/Runtime/Shader/SubGraphs/Unlit.shadersubgraph using Guid(be4372d6443624882a2e9c3b62ab6ee7) Importer(Primary)  -> (artifact id: '559d291178438f5bc9d898a3dc0af5ea') in 0.000721 seconds
Start importing Packages/com.unity.cloud.gltfast/Editor/UI/gltf-icon-bug.png using Guid(3b6a1cb26d29941f2a3cc902680e2e03) Importer(Primary)  -> (artifact id: '3563da0f83652cec4ae25d565883533d') in 0.019403 seconds
Start importing Packages/com.unity.cloud.gltfast/Editor/UI/gltf-logo.png using Guid(dfde62efb4ba642ea968adab4e674d01) Importer(Primary)  -> (artifact id: 'c75539777b4db24ccfdfe5e7e1354075') in 0.005901 seconds
Start importing Packages/com.unity.cloud.gltfast/Runtime/Shader/Includes/Normal.cginc using Guid(30d0f0e3f526585408342f8854723a88) Importer(Primary)  -> (artifact id: 'ac42c61efd090110dfc1596f50caf961') in 0.006304 seconds
Start importing Packages/com.unity.cloud.gltfast/Runtime/Shader/Includes/Emission.cginc using Guid(b07ab7368cb744626bd2239241a24105) Importer(Primary)  -> (artifact id: '4fa50566916c2aa8bddf8dfcbfc94c4c') in 0.007618 seconds
Start importing Packages/com.unity.cloud.gltfast/Runtime/Shader/Built-In/glTFIncludes/glTFUnityStandardCoreForward.cginc using Guid(919a7c90a60cf42689edaf61f0243ea9) Importer(Primary)  -> (artifact id: '987b17ad4bc9c84da7784f2f7ada098e') in 0.002561 seconds
Start importing Packages/com.unity.cloud.gltfast/Runtime/Shader/Built-In/glTFIncludes/glTFUnityStandardInput.cginc using Guid(22fcb7fc782bb4f8eaf2525eb63660b6) Importer(Primary)  -> (artifact id: 'eab665087f7b379dcb83896a61705284') in 0.002978 seconds
Start importing Packages/com.unity.cloud.gltfast/Runtime/Shader/Built-In/glTFIncludes/glTFUnityStandardMeta.cginc using Guid(23e02a8538d6f478793725d6e1194956) Importer(Primary)  -> (artifact id: 'f5960847df3f11821a3eb687cddd751a') in 0.002785 seconds
Start importing Packages/com.unity.cloud.gltfast/Runtime/Shader/Built-In/glTFIncludes/glTFUnityStandardCoreForwardSimple.cginc using Guid(c57490bb2a74e4ed89522038739cc471) Importer(Primary)  -> (artifact id: 'ccc89dacd67b5138bb8506ae2f40c0a8') in 0.002704 seconds
Start importing Packages/com.unity.cloud.gltfast/Runtime/Shader/Built-In/glTFIncludes/glTF.cginc using Guid(db55034c1cd3e48e6a5964befa1f0f0b) Importer(Primary)  -> (artifact id: '2c59bdb118e085e6b06c589a47d9750e') in 0.002162 seconds
Start importing Packages/com.unity.cloud.gltfast/Runtime/Shader/Built-In/glTFIncludes/glTFUnityStandardCore.cginc using Guid(6c21434ebcc3b45d19826a76a50323b1) Importer(Primary)  -> (artifact id: '8190b3829e4beb2f039a35f09594efe4') in 0.002037 seconds
Start importing Packages/com.unity.cloud.gltfast/Runtime/Shader/Export/glTFExportNormal.shader using Guid(223792947f6cb461c93ef4d8df7b859c) Importer(Primary) Launched and connected shader compiler TuanjieShaderCompiler.exe after 0.69 seconds
 -> (artifact id: '7a655b27c472247066df04e65f44e862') in 0.728685 seconds
Start importing Packages/com.unity.cloud.gltfast/Runtime/Shader/Export/glTFExportMetalGloss.shader using Guid(b2339366be04e4cf197c6cf4bd5a84dc) Importer(Primary)  -> (artifact id: 'cfff9685dcd2fa09ee1147c5f7fb1f8a') in 0.004334 seconds
Start importing Packages/com.unity.cloud.gltfast/Runtime/Shader/Built-In/glTFUnlit.shader using Guid(4340a3cf1cde6416d957808a6ac79eed) Importer(Primary)  -> (artifact id: '7fa303b2584a10f0de2e2c5be2ee013a') in 0.015888 seconds
Start importing Packages/com.unity.cloud.gltfast/Runtime/Shader/Export/glTFExportSmoothness.shader using Guid(b325a765e406c458f88111b5ba9b2ce1) Importer(Primary)  -> (artifact id: 'f16ac426020755ea40ab519a75bc9605') in 0.008882 seconds
Start importing Packages/com.unity.cloud.gltfast/Runtime/Shader/Export/glTFExportOcclusion.shader using Guid(5415cfa8493204ba5ae288a245ca7616) Importer(Primary)  -> (artifact id: '7e3b23a829825b57d6f43e10181c0f8f') in 0.006189 seconds
Start importing Packages/com.unity.cloud.gltfast/Runtime/Shader/Built-In/glTFPbrSpecularGlossiness.shader using Guid(f853aafa0bc764a138f572608a37a73c) Importer(Primary)  -> (artifact id: '84ce7f5e5f9dcae92d743dfc150499d7') in 0.031887 seconds
Start importing Packages/com.unity.cloud.gltfast/Runtime/Shader/Built-In/glTFPbrMetallicRoughness.shader using Guid(99fa998bbbed3408aafa652b466d261d) Importer(Primary)  -> (artifact id: '6ff89468b6dc42e16e442d8fe8425260') in 0.024310 seconds
Start importing Packages/com.unity.cloud.gltfast/Runtime/Shader/Export/glTFExportColor.shader using Guid(8b605e834d6d2408a9e781775006555e) Importer(Primary)  -> (artifact id: '3bd2ab9ffc4d6306a596dbc681187122') in 0.004860 seconds
Start importing Packages/com.unity.cloud.gltfast/Runtime/Shader/Export/glTFExportMaskMap.shader using Guid(4eb7e251dc88045e9b33e3f643084108) Importer(Primary)  -> (artifact id: 'f082e863dc4c877ccee631b2f1aaba55') in 0.004705 seconds
Start importing Assets/Materials/CompanionStageGround.mat using Guid(e26781cc00135fe4b9eb887f18c83086) Importer(Primary)  -> (artifact id: '6275d361ad52df7f1aeb69d9666ce737') in 0.002879 seconds
Start importing Packages/com.unity.cloud.gltfast/Runtime/Shader/Export/glTFExport.shadervariants using Guid(9911a98f6fe084c45a817a4af9e299fa) Importer(Primary)  -> (artifact id: '1e007e395a746de2ece7292e9933c8db') in 0.007291 seconds
Start importing Assets/Animations/XiaoheiCompanion.controller using Guid(fea2b344aa421fe4c8613051a9998a03) Importer(Primary)  -> (artifact id: 'a0e8fcf55d8cb759b7df7870c3bcfa0c') in 0.004654 seconds
Start importing Packages/com.unity.modules.subsystems/package.json using Guid(30b312a167534621b316172253b08723) Importer(Primary)  -> (artifact id: '81692127b8ff22acc2a6c9ccc9bdb85f') in 0.002893 seconds
Start importing Packages/com.unity.modules.jsonserialize/package.json using Guid(40bf3cec17fa0b49fe04443c8332d638) Importer(Primary)  -> (artifact id: 'a9dee51a6bbdc72499107816c9b1be4d') in 0.001923 seconds
Start importing Packages/com.unity.burst/package.json using Guid(60714b3a36613ab2918a1439869a826f) Importer(Primary)  -> (artifact id: 'da58e7b45157afd140b768769d6c4b35') in 0.001519 seconds
Start importing Packages/com.unity.modules.screencapture/package.json using Guid(80beef77cb19e713c7c2d481b65ed485) Importer(Primary)  -> (artifact id: '790a7116e9fd27d977c7ae1a0f654df1') in 0.001994 seconds
Start importing Packages/com.unity.modules.cloth/package.json using Guid(906c12bc9cd95d3963c6d58f62522c78) Importer(Primary)  -> (artifact id: 'bd43dba19ab3cbe5aac3d17ae5ad4e67') in 0.001803 seconds
Start importing Packages/com.unity.modules.unitywebrequesttexture/package.json using Guid(d0e3ad91972c66f5238f5b9b7d5ae58a) Importer(Primary)  -> (artifact id: '3d8b550a96aaafc29300b8e90ad85f2a') in 0.001985 seconds
Start importing Packages/com.unity.modules.ai/package.json using Guid(f0f13f2ab3d6d13cfc6e4656824bfca8) Importer(Primary)  -> (artifact id: 'fe1c8c09aa65649ec01da0c000370754') in 0.001638 seconds
Start importing Packages/com.unity.collections/Unity.Collections.LowLevel.ILSupport/README.txt using Guid(11246cfa909f81542b920bd109592bf5) Importer(Primary)  -> (artifact id: 'f778a09638a7fbf99c87bd6802298c4f') in 0.002520 seconds
Start importing Packages/com.unity.ext.nunit/package.json using Guid(8143d3a8390f2c64685e3bc272bd9e90) Importer(Primary)  -> (artifact id: 'e995a4d3aa6d83b0178fab9a59541e43') in 0.001564 seconds
Start importing Packages/com.unity.modules.assetbundle/package.json using Guid(e1ef8466c8fd01a549f10baa4d51fa17) Importer(Primary)  -> (artifact id: '978fe29286a96c6272f6e4e64f281c76') in 0.002147 seconds
Start importing Packages/com.unity.modules.imgui/package.json using Guid(42fe78c8fe682715a2cb531422e6ccb3) Importer(Primary)  -> (artifact id: 'fb77db3799ba2b4abb5f842152e7be6f') in 0.001804 seconds
Start importing Packages/com.unity.modules.tilemap/package.json using Guid(92a378669877c05c6071d0fed687bb95) Importer(Primary)  -> (artifact id: 'c21251a8a462b45b699fb6d7af3d4c7d') in 0.001972 seconds
Start importing Packages/com.unity.modules.terrainphysics/package.json using Guid(d3cbe921f7b3d9a3257e7c61a5761796) Importer(Primary)  -> (artifact id: '9549f5bb8ecd17e78bfdf488ff065707') in 0.002230 seconds
Start importing Packages/com.unity.mathematics/package.json using Guid(d34d0af25c21141a98c0cf3c0066444f) Importer(Primary)  -> (artifact id: '9cb1c7179d4a03ba18a21f8d6d396c7d') in 0.001548 seconds
Start importing Packages/com.unity.burst/ValidationExceptions.json using Guid(f383c015504b380698ba4a8681b1223e) Importer(Primary)  -> (artifact id: 'aa3f438671e839d71dc0035d4ebc0183') in 0.002777 seconds
Start importing Packages/com.unity.burst/CHANGELOG.md using Guid(544e4fbf839e39e1b693958db86e8cc8) Importer(Primary)  -> (artifact id: '43b30256b95326c2dc6f74cbd7306272') in 0.002450 seconds
Start importing Packages/com.unity.ext.nunit/CHANGELOG.md using Guid(f49bbe06ffa5ae24abe32abdab430c24) Importer(Primary)  -> (artifact id: '9f045b7794e3cb18b23852ff3137fb4c') in 0.001640 seconds
Start importing Packages/com.unity.modules.unitywebrequestassetbundle/package.json using Guid(05f7f519769978b79b31d063a7fc6fa1) Importer(Primary)  -> (artifact id: 'a2f99c1326fc69aabe7f93ba02b48bb8') in 0.001434 seconds
Start importing Packages/com.unity.modules.imageconversion/package.json using Guid(953fab16d15d5885b3600fcd6388b2ad) Importer(Primary)  -> (artifact id: 'b0a2ec27da9a46edc213d59f2cee0bc6') in 0.001493 seconds
Start importing Packages/com.unity.collections/CHANGELOG.md using Guid(a5d815866ec304e56b03ec5cfc5f8b0a) Importer(Primary)  -> (artifact id: 'bb4910045cecc5b137acc7f72e64520a') in 0.002457 seconds
Start importing Packages/com.unity.cloud.gltfast/README.md using Guid(e56ab7110179f4e6a8c5562d60b8e514) Importer(Primary)  -> (artifact id: '327afc2b418322e8897f16032ee7ff2c') in 0.002241 seconds
Start importing Packages/com.unity.modules.unityanalytics/package.json using Guid(26a4f29db434fd79025c91f6126382cc) Importer(Primary)  -> (artifact id: '09d23123ce027f066ddc41484d1b2365') in 0.001863 seconds
Start importing Packages/com.unity.mathematics/CHANGELOG.md using Guid(56de866d5032f461baa43decd9ce3bd8) Importer(Primary)  -> (artifact id: 'a65e60609ca09cc4506a5e9b94c847ca') in 0.001922 seconds
Start importing Packages/com.unity.collections/LICENSE.md using Guid(568f02fe7676e4d659782d6038df91de) Importer(Primary)  -> (artifact id: 'a00a7106cfd18e2688528d9f5feb8412') in 0.002243 seconds
Start importing Packages/com.unity.modules.video/package.json using Guid(96d14b71b907bb52333b2886e665aba6) Importer(Primary)  -> (artifact id: '88fb2709e1b3664a68ca1184ef285bff') in 0.001550 seconds
Start importing Packages/com.unity.cloud.gltfast/LICENSE.md using Guid(a6f1c11b2fcea4ea69d44fea7045741c) Importer(Primary)  -> (artifact id: 'ebbbe448c660161c7a2273f13912ccf3') in 0.002710 seconds
Start importing Packages/com.unity.test-framework/CHANGELOG.md using Guid(d691174143fd3774ba63d7c493633b99) Importer(Primary)  -> (artifact id: '3f9eba6b04622d1e6c898d78bd5ab18c') in 0.002521 seconds
Start importing Packages/com.unity.test-framework/package.json using Guid(d6a2e6e4803de7b43baacdc355fc144d) Importer(Primary)  -> (artifact id: '092a0cbfc2adf3e514491e39191c2d64') in 0.001712 seconds
Start importing Assets/Models/mao-xiaohei-rigged.glb using Guid(e6770b71634abfd48ba0cc3f17e08a78) Importer(Primary)  -> (artifact id: '4928f28a101f71bea4ccd81a3070fc5c') in 0.339936 seconds
Start importing Packages/com.unity.test-framework/CONTRIBUTING.md using Guid(57d2ac5c7d5786e499d4794973fe0d4e) Importer(Primary)  -> (artifact id: '60dcbf43e2d659a538cd2da6723222cf') in 0.001904 seconds
Start importing Packages/com.unity.modules.particlesystem/package.json using Guid(87d720faa37005c08600090e04d8c739) Importer(Primary)  -> (artifact id: '52338ec983ed3623aff078cbe8f65fa5') in 0.001801 seconds
Start importing Packages/com.unity.mathematics/LICENSE.md using Guid(a7f87992cd1d44040ae42b05e5fbdaa5) Importer(Primary)  -> (artifact id: '2587d2b13ee97940c829eef4f4cc55a9') in 0.001754 seconds
Start importing Packages/com.unity.modules.physics2d/package.json using Guid(f7a8357347c80dc69c08d0b1a05e2122) Importer(Primary)  -> (artifact id: '0818c4b2f030cb608bb871372aafa8c3') in 0.001655 seconds
Start importing Packages/com.unity.modules.vr/package.json using Guid(18a4fadfef534684d5af39ca8dc48fe9) Importer(Primary)  -> (artifact id: 'baf5cbaa550f77f3e1b6e9da85d258b3') in 0.001311 seconds
Start importing Packages/com.unity.burst/Third Party Notices.md using Guid(28c762070e0d3359b18a59f9402d5013) Importer(Primary)  -> (artifact id: '0fc5b32c3063df37d8b0a6536ea8fcd1') in 0.002806 seconds
Start importing Packages/com.unity.modules.wind/package.json using Guid(b83f06ac0c0696e9563230865ca72b81) Importer(Primary)  -> (artifact id: 'cde3f31c68774e5a7d72293280393f58') in 0.001760 seconds
Start importing Packages/com.unity.cloud.gltfast/CHANGELOG.md using Guid(1907d48165c914f65909bac3ebdeb857) Importer(Primary)  -> (artifact id: 'e7c898bd63b5d61cf5bc5c07d89bbbd1') in 0.002315 seconds
Start importing Packages/com.unity.modules.audio/package.json using Guid(e9df95f53f1c1d0c9199e235d6c42b50) Importer(Primary)  -> (artifact id: 'fe3649f7173be6f6030c006c2f22884e') in 0.001365 seconds
Start importing Packages/com.unity.cloud.gltfast/package.json using Guid(f9b381701ee454bcdb792099f6b4e4a4) Importer(Primary)  -> (artifact id: 'b463fc5e126e37e804d0438b4f1a0d23') in 0.001559 seconds
Start importing Packages/com.unity.ext.nunit/LICENSE.md using Guid(f91a00d2dca52b843b2d50ccf750737d) Importer(Primary)  -> (artifact id: '6f87d81995d43dd89c144062f18ed794') in 0.002119 seconds
Start importing Packages/com.unity.modules.physics/package.json using Guid(1a4266815e998967becf686f9c71f0a6) Importer(Primary)  -> (artifact id: '04401a361d4d0ed7739b21a2bf53a4ba') in 0.001630 seconds
Start importing Packages/com.unity.burst/LICENSE.md using Guid(3adebabc9c53348aab08029333dba930) Importer(Primary)  -> (artifact id: 'f686bd16c59a02072f708363d34fc6a5') in 0.002078 seconds
Start importing Packages/com.unity.modules.vehicles/package.json using Guid(6afb166a156df2d20433d981f4bb2832) Importer(Primary)  -> (artifact id: '357d780e05d73bea1e45146c6537df47') in 0.001531 seconds
Start importing Packages/com.unity.modules.unitywebrequestwww/package.json using Guid(fa27413e9edb06a6058d6c894eca0338) Importer(Primary)  -> (artifact id: 'b4f54e335648d6eeea77703f39bae7b8') in 0.001693 seconds
Start importing Packages/com.unity.modules.unitywebrequestaudio/package.json using Guid(4b518b37798c97b0f860962cbf615533) Importer(Primary)  -> (artifact id: 'f6303d57ed11fe0385593150a6567973') in 0.001252 seconds
Start importing Packages/com.unity.modules.xr/package.json using Guid(2c814623cb42764d304be0c5ddd03ceb) Importer(Primary)  -> (artifact id: '41c5b4e0f9864c58c04700ffa4a1912d') in 0.001458 seconds
Start importing Packages/com.unity.modules.director/package.json using Guid(ec02776fe29df900b897106d61977735) Importer(Primary)  -> (artifact id: '130fffd56dc9d28fb29ac2bd0d64bf35') in 0.001388 seconds
Start importing Packages/com.unity.ext.nunit/README.md using Guid(5da62a0c1c5218c4aa16b74546a7822d) Importer(Primary)  -> (artifact id: 'a0940c58357812e0033936904306feea') in 0.001471 seconds
Start importing Packages/com.unity.modules.terrain/package.json using Guid(6d56244f8c39a851975d3c0bd432c66f) Importer(Primary)  -> (artifact id: 'f6e2b135bdfdfa5f4758c407d08922c3') in 0.001450 seconds
Start importing Packages/com.unity.cloud.gltfast/ValidationExceptions.json using Guid(9d424dc8891c2489d965ab9e46bdbbe7) Importer(Primary)  -> (artifact id: '67066578f1daa681f75b0cc61dd413c4') in 0.001622 seconds
Start importing Packages/com.unity.collections/package.json using Guid(bd605698a338c4de88bb5b3c4632af68) Importer(Primary)  -> (artifact id: 'b011012b9f67a4579a6d0bfcbef96ae2') in 0.001617 seconds
Start importing Packages/com.unity.modules.androidjni/package.json using Guid(bd1af0a6633ee94ae21c7d1d702cdc12) Importer(Primary)  -> (artifact id: '1fa44556c8eba60ba1cf93a3fbed6344') in 0.001824 seconds
Start importing Packages/com.unity.test-framework/LICENSE.md using Guid(3ec7596410385054a9e0bc90377fbe63) Importer(Primary)  -> (artifact id: '60560e1ba8ec68c2eedbca408c5cf267') in 0.002244 seconds
Start importing Packages/com.unity.mathematics/ValidationExceptions.json using Guid(5ed727127196a4ecc90e24e2cd7af338) Importer(Primary)  -> (artifact id: 'd82c05d86d42637cb0103d074095c9ad') in 0.001737 seconds
Start importing Packages/com.unity.modules.animation/package.json using Guid(7ef8348b8ea834d7e1bc214b07f7fb87) Importer(Primary)  -> (artifact id: '1f8d1e3113f73f63e809c2151897a965') in 0.002009 seconds
Start importing Packages/com.unity.collections/ValidationExceptions.json using Guid(fee59c2b2318a7e4fa7a2c2af28d9553) Importer(Primary)  -> (artifact id: 'd555d8a3067d856cfc25c3cd215113b0') in 0.001920 seconds
Start importing Packages/com.unity.burst/Unity.Burst.Unsafe.xml using Guid(1f35a383fc36434aaf9e13a75fba3b24) Importer(Primary)  -> (artifact id: '12950eb2563f66d154860b0067e7e627') in 0.001705 seconds
Start importing Packages/com.unity.modules.unitywebrequest/package.json using Guid(3fdd83b151eb8d25c5e2f82fc39dcb04) Importer(Primary)  -> (artifact id: '78a0abb2c8a64156bcee2f53e1e1ec53') in 0.001499 seconds
Start importing Packages/com.unity.modules.uielements/package.json using Guid(4f0f9b9f3ed97ad2b9ba8f1a8e4666c2) Importer(Primary)  -> (artifact id: '9c94c5f46584c4787932b51a6378b688') in 0.001664 seconds
Start importing Packages/com.unity.collections/README.md using Guid(af5aad29a2c56fd449428c9041fc68bb) Importer(Primary)  -> (artifact id: '5f18572622ced23e92bd55bdd58331d8') in 0.001979 seconds
Start importing Packages/com.unity.modules.ui/package.json using Guid(bfd567a3d1631a761bca9e99fa53d86d) Importer(Primary)  -> (artifact id: '16e24159a00d51bceac53bcbc052329e') in 0.001705 seconds
Start importing Packages/com.unity.modules.infinity/package.json using Guid(ef87bdd219ac9421c4aae724f5ea6398) Importer(Primary)  -> (artifact id: '9830e0503b9fb99add16463a585cec28') in 0.001437 seconds
Start importing Packages/com.unity.cloud.gltfast/Runtime/Prefabs/glTF-StableFramerate.prefab using Guid(025e8a05d2e5841afa3cab01a58d2379) Importer(Primary)  -> (artifact id: '778ec6605d9f2b7145dc1de1bc96960b') in 0.002879 seconds
Start importing Packages/com.unity.cloud.gltfast/Runtime/Prefabs/glTF-FastestLoading.prefab using Guid(ed786e03151c44364bc646894a518c1b) Importer(Primary)  -> (artifact id: '067d134a33f3e1eb1b14f7ac7542e9f0') in 0.004874 seconds
Start importing Assets/Scenes/CompanionCat.unity using Guid(be9f24aee12eebd4f8a5c02130e9fbeb) Importer(Primary)  -> (artifact id: 'ec1ab393dd2575f3540032a3f2af6221') in 0.000484 seconds
Start importing Packages/com.unity.cloud.gltfast/Editor/UI/ReportItem-style.uss using Guid(f09b0781de4034af894fbb72266cf498) Importer(Primary)  -> (artifact id: 'fd1c133a8d6eefe362e68b8d77aaf949') in 0.044962 seconds
Start importing Packages/com.unity.cloud.gltfast/Editor/UI/Dependency-style.uss using Guid(8b07415b3b6e441cfa55e9187248229c) Importer(Primary)  -> (artifact id: '4d75425ad76548bae0d9d86fa647fa8f') in 0.003308 seconds
Start importing Packages/com.unity.cloud.gltfast/Editor/UI/GltfImporter-style.uss using Guid(3f6f1f186c9e446d880d267adc629f1b) Importer(Primary)  -> (artifact id: 'b0ade0e54a1ec61de1540f54a0007404') in 0.004393 seconds
Start importing Packages/com.unity.cloud.gltfast/Editor/UI/ReportItem.uxml using Guid(727aa1886d86e4b3faa4ca8f263a6ee4) Importer(Primary)  -> (artifact id: '06753a229a9ab1aad2b77af3df7c2d41') in 0.021205 seconds
Start importing Packages/com.unity.cloud.gltfast/Editor/UI/MaterialsVariantsComponentInspector.uxml using Guid(d61d79f8a5b6648529e9ae112313759d) Importer(Primary)  -> (artifact id: 'd65530fa914edfbe7e56e9c69c5396b9') in 0.004723 seconds
Start importing Packages/com.unity.cloud.gltfast/Editor/UI/GltfImporter.uxml using Guid(d72633e56500240858af54bf878c907d) Importer(Primary)  -> (artifact id: '232087a99d7003db582cb367425d2d79') in 0.014444 seconds
Start importing Packages/com.unity.cloud.gltfast/Editor/UI/Dependency.uxml using Guid(4df82ef208e584428bdb29715790cd6f) Importer(Primary)  -> (artifact id: 'bcaffd4b34edeafacaf73ed5216aa2c8') in 0.003761 seconds
Launched and connected shader compiler TuanjieShaderCompiler.exe after 0.04 seconds
Launched and connected shader compiler TuanjieShaderCompiler.exe after 0.05 seconds
Launched and connected shader compiler TuanjieShaderCompiler.exe after 0.05 seconds
Launched and connected shader compiler TuanjieShaderCompiler.exe after 0.04 seconds
Launched and connected shader compiler TuanjieShaderCompiler.exe after 0.04 seconds
Launched and connected shader compiler TuanjieShaderCompiler.exe after 0.04 seconds
Launched and connected shader compiler TuanjieShaderCompiler.exe after 0.04 seconds
Launched and connected shader compiler TuanjieShaderCompiler.exe after 0.04 seconds
Launched and connected shader compiler TuanjieShaderCompiler.exe after 0.05 seconds
Launched and connected shader compiler TuanjieShaderCompiler.exe after 0.04 seconds
Launched and connected shader compiler TuanjieShaderCompiler.exe after 0.05 seconds
Launched and connected shader compiler TuanjieShaderCompiler.exe after 0.05 seconds
Launched and connected shader compiler TuanjieShaderCompiler.exe after 0.05 seconds
Launched and connected shader compiler TuanjieShaderCompiler.exe after 0.05 seconds
Launched and connected shader compiler TuanjieShaderCompiler.exe after 0.05 seconds
Launched and connected shader compiler TuanjieShaderCompiler.exe after 0.05 seconds
Launched and connected shader compiler TuanjieShaderCompiler.exe after 0.05 seconds
Launched and connected shader compiler TuanjieShaderCompiler.exe after 0.06 seconds
Launched and connected shader compiler TuanjieShaderCompiler.exe after 0.05 seconds
Launched and connected shader compiler TuanjieShaderCompiler.exe after 0.05 seconds
Launched and connected shader compiler TuanjieShaderCompiler.exe after 0.05 seconds
Launched and connected shader compiler TuanjieShaderCompiler.exe after 0.05 seconds
Launched and connected shader compiler TuanjieShaderCompiler.exe after 0.05 seconds
Launched and connected shader compiler TuanjieShaderCompiler.exe after 0.05 seconds
Launched and connected shader compiler TuanjieShaderCompiler.exe after 0.04 seconds
Launched and connected shader compiler TuanjieShaderCompiler.exe after 0.05 seconds
Launched and connected shader compiler TuanjieShaderCompiler.exe after 0.04 seconds
Launched and connected shader compiler TuanjieShaderCompiler.exe after 0.05 seconds
Launched and connected shader compiler TuanjieShaderCompiler.exe after 0.05 seconds
Launched and connected shader compiler TuanjieShaderCompiler.exe after 0.05 seconds
Launched and connected shader compiler TuanjieShaderCompiler.exe after 0.05 seconds
Loading style catalogs (6)
	StyleSheets/Extensions/base/common.uss
	UIPackageResources/StyleSheets/Default/Variables/Public/common.uss
	StyleSheets/Northstar/common.uss
	StyleSheets/Extensions/fonts/inter.uss
	StyleSheets/Extensions/base/dark.uss
	UIPackageResources/StyleSheets/Default/Northstar/Palette/dark.uss
Refreshing native plugins compatible for Editor in 1.10 ms, found 0 plugins.
Preloading 0 native plugins for Editor in 0.00 ms.
Asset Pipeline Refresh (id=7c5ac99499c931f4daacf08fe717ec64): Total: 17.494 seconds - Initiated by InitialRefreshV2(ForceSynchronousImport)
	Summary:
		Imports: total=1283 (actual=1283, local cache=0, cache server=0)
		Asset DB Process Time: managed=43 ms, native=3601 ms
		Asset DB Callback time: managed=219 ms, native=1819 ms
		Scripting: domain reloads=1, domain reload time=2034 ms, compile time=9766 ms, other=9 ms
		Project Asset Count: scripts=1154, non-scripts=129
		Asset File Changes: new=0, changed=0, moved=0, deleted=1
		Scan Filter Count: 0
		OnDemandAssets Count:0
	InvokeBeforeRefreshCallbacks: 0.336ms
	ApplyChangesToAssetFolders: 0.087ms
	Scan: 28.946ms
	OnSourceAssetsModified: 1.967ms
	UnregisterDeletedAssets: 0.004ms
	GetAllGuidsForCategorization: 0.322ms
	CategorizeAssets: 12.497ms
	ImportOutOfDateAssets: 5209.935ms (-8065.945ms without children)
		ImportManagerImport: 3508.428ms (276.147ms without children)
			ImportInProcess: 3229.119ms
			UpdateCategorizedAssets: 3.163ms
		CompileScripts: 9766.119ms
		ReloadNativeAssets: 0.001ms
		UnloadImportedAssets: 0.346ms
		ReloadImportedAssets: 0.138ms
		EnsureUptoDateAssetsAreRegisteredWithGuidPM: 0.285ms
		InitializingProgressBar: 0.005ms
		PostProcessAllAssetNotificationsAddChangedAssets: 0.001ms
		OnDemandSchedulerStart: 0.555ms
	PostProcessAllAssets: 2045.271ms
	Hotreload: 3.377ms
	GatherAllCurrentPrimaryArtifactRevisions: 0.035ms
	UnloadStreamsBegin: 0.429ms
	PersistCurrentRevisions: 1.130ms
	UnloadStreamsEnd: 0.020ms
	GenerateScriptTypeHashes: 0.202ms
	Untracked: 10189.545ms
Application.AssetDatabase Initial Refresh End
Scanning for USB devices : 6.463ms
Initializing Tuanjie extensions:
Start importing Library/Resources using Guid(80318f80db864c847ae40f9ccd7059c8) Importer(Primary)  -> (artifact id: '13b31e68fe13761e160edc47af9a51dc') in 0.000414 seconds
Refreshing native plugins compatible for Editor in 1.08 ms, found 0 plugins.
Preloading 0 native plugins for Editor in 0.00 ms.
Asset Pipeline Refresh (id=4d598a039e6d2eb4480595ad19e2830b): Total: 0.016 seconds - Initiated by StopAssetImportingV2(NoUpdateAssetOptions)
[Licensing::Client] Successfully send message: {"AuthorizationCheck":"Enen7D5Sm1qB5A==","messageType":"ProductNameRequest","Value":"com.Maomaomao.Companion-Cat"} at 1779634379
[Licensing::Client] Successfully receive message: {"responseCode":200,"messageType":"ProductNameResponse"} at 1779634379
[Licensing::Client] Error: ProductNameResponse could not be deserialized
[MODES] ModeService[none].Initialize
[MODES] ModeService[none].LoadModes
[MODES] Loading mode Default (0) for mode-current-id-Companion Cat
Unloading 3 Unused Serialized files (Serialized files now loaded: 0)
Unloading 51 unused Assets / (480.2 KB). Loaded Objects now: 1493.
Memory consumption went from 153.6 MB to 153.1 MB.
Total: 4.298500 ms (FindLiveObjects: 0.110500 ms CreateObjectMapping: 0.032700 ms MarkObjects: 3.763000 ms  DeleteObjects: 0.390100 ms)

Starting Unity Android Gradle export to: G:\maomaomao\unity-export
UnityEngine.StackTraceUtility:ExtractStackTrace ()
UnityEngine.DebugLogHandler:LogFormat (UnityEngine.LogType,UnityEngine.Object,string,object[])
UnityEngine.Logger:Log (UnityEngine.LogType,object)
UnityEngine.Debug:Log (object)
Maomaomao.CompanionCat.EditorTools.CompanionCatAndroidExporter:ExportAndroidGradleProject () (at Assets/Editor/CompanionCatAndroidExporter.cs:43)

(Filename: Assets/Editor/CompanionCatAndroidExporter.cs Line: 43)

InvalidOperationException: The build cannot be appended.
  at UnityEditor.BuildPipeline.BuildPlayer (System.String[] scenes, System.String locationPathName, System.String assetBundleManifestPath, UnityEditor.BuildTargetGroup buildTargetGroup, UnityEditor.BuildTarget target, System.Int32 subtarget, UnityEditor.BuildOptions options, System.String[] extraScriptingDefines) [0x00098] in <914864d3852c48f5b40c98281ba772f3>:0 
  at UnityEditor.BuildPipeline.BuildPlayer (UnityEditor.BuildPlayerOptions buildPlayerOptions) [0x0017d] in <914864d3852c48f5b40c98281ba772f3>:0 
  at Maomaomao.CompanionCat.EditorTools.CompanionCatAndroidExporter.ExportAndroidGradleProject () [0x000b5] in G:\maomaomao\unity\companion-cat\Assets\Editor\CompanionCatAndroidExporter.cs:44 

(Filename: Assets/Editor/CompanionCatAndroidExporter.cs Line: 44)

executeMethod method Maomaomao.CompanionCat.EditorTools.CompanionCatAndroidExporter.ExportAndroidGradleProject threw exception.
Exiting without the bug reporter. Application will terminate with return code 1