[Licensing::Module] Trying to connect to existing licensing client channel...
[Licensing::IpcConnector] Connection attempt to the License Client on channel: "LicenseClient-Dev.LI" failed because channel doesn't exist; code: "0x80000002"
[Licensing::Module] GetFullLicensingClientPath:	 D:\unity Hub\Tuanjie Hub\TuanjieLicensingClient_V1\Tuanjie.Licensing.Client.exe
[Licensing::Module] Successfully launched the LicensingClient (PId: 40968)
[Licensing::IpcConnector] Successfully connected to the License Client on channel: "LicenseClient-Dev.LI" at "2026-05-19T10:56:55.8597914Z"
[Licensing::Client] Error: Code 0 while verifying Licensing Client signature (process Id: 40968, path: "D:/unity Hub/Tuanjie Hub/TuanjieLicensingClient_V1/Tuanjie.Licensing.Client.exe")
[Licensing::Module] Error: LicensingClient has failed validation; ignoring
[Licensing::Client] Successfully send message: {"AuthorizationCheck":"Ewh0rC6qCe516Q==","messageType":"HandshakeRequest","protocolVersion":"1.12","userAgent":"TuanjieEditor/2022.3.62t7 (Windows; U; Windows NT 10.0; zh)","externalCorrelationId":"1650995423451585888"} at 1779188215
[Licensing::Client] Successfully receive message: {"protocolVersion":"1.12","sessionId":"58f76653b7b44c41a5828c07b1c314e8","context":{"DeviceName":"DEV-LI","DeviceModel":"82WM (LENOVO)","PhysicalMemoryMB":"32448","SystemLanguageISO":"zh","ProcessorCount":"32","ProcessorType":"AMD Ryzen 9 7945HX with Radeon Graphics        ","OperatingSystem":"Windows 10  (10.0.26200) 64bit","OperatingSystemNumeric":"1000","Legacy.MachineBinding1":"00330-80000-00000-AA963","Legacy.MachineBinding2":"C5FDB_08_404071_E6.9","Legacy.MachineBinding4":"QkgwMDdHTTk=","Legacy.MachineBinding5":"00:ff:62:7d:43:93","EnvironmentUser":"Dev.LI","EnvironmentDomain":"DEV-LI","EnvironmentHostname":"DEV-LI"},"assemblyProductVersion":"1.14.0+2f8d255","machineId":"bonVfytvD87nvYY7zQjTorUyMJ8=","correlationId":"948e76998d85ce14b22ce16d261bc8a5","responseCode":200,"responseStatus":"Handshake successful","messageType":"HandshakeResponse"} at 1779188215
[Licensing::Client] Handshaking with LicensingClient:
  Version:                 1.14.0+2f8d255
  Session Id:              58f76653b7b44c41a5828c07b1c314e8
  Correlation Id:          948e76998d85ce14b22ce16d261bc8a5
  External correlation Id: 1650995423451585888
  Machine Id:              bonVfytvD87nvYY7zQjTorUyMJ8=
[Licensing::Module] Successfully connected to LicensingClient on channel: "LicenseClient-Dev.LI" (connect: 1.22s, validation: 0.06s, handshake: 0.07s)
[Licensing::IpcConnector] Successfully connected to the License Notification on channel: "LicenseClient-Dev.LI-notifications" at "2026-05-19T10:56:55.9954955Z"
[Licensing::Module] Connected to LicensingClient (PId: 40968, launch time: 0.00, total connection time: 1.35s)
[Licensing::Module] Error: Access token is unavailable; failed to update
[Licensing::Client] Successfully send message: {"AuthorizationCheck":"1DigkvxWAmuCJw==","messageType":"UpdateLicenseRequest","AccessToken":"","OrgId":"","ProjectId":"","forceUpdateLicense":true} at 1779188215
[Licensing::Client] Successfully receive message: {"responseCode":200,"responseStatus":"Licenses updated.","messageType":"UpdateLicenseResponse","authorizationCheck":"1DigkvxWAmuCJz3+S1GERTgI0kiq"} at 1779188216
[Licensing::Client] Attempt to check time stamp (startTime: 1779188215, endTime: 1779188216)
[Licensing::Client] Successfully updated license
Built from 'tuanjie/1.8/staging' branch; Version is '2022.3.62t7 (139712ad4655) revision 1283858'; Using compiler version '192829333'; Build Type 'Release'
OS: 'Windows 11  (10.0.26200) 64bit Professional' Language: 'zh' Physical Memory: 32448 MB
[Licensing::Client] Successfully send message: {"AuthorizationCheck":"Yq49OFFWSle1hA==","messageType":"EntitlementDetailsRequest","entitlementIds":["com.unity.editor.legacy.pro","com.unity.editor.headless"],"packageEntitlementIds":[],"includeCustomData":false} at 1779188216
[Licensing::Client] Successfully receive message: {"entitlementGroups":[{"entitlementGroupId":"F4-6FHY-5BZF-BSUA-7WFB-3YQF","entitlementGroupIdHash":"6f799ff5df1ccc813733ac3e82bd392958bed8ce","productName":"Unity Personal","productType":"TuanjieEditor","licenseType":"ULF","expiration":1779451017000,"matchedEntitlements":[{"entitlementId":"com.unity.editor.headless","isPackage":false,"count":1}]}],"responseCode":200,"responseStatus":"Found 1 entitlement groups and 0 free entitlements matching requested entitlement ids","messageType":"EntitlementDetailsResponse","authorizationCheck":"Yq49OFFWSle1hG/BmX4+uRHAd+KH"} at 1779188216
[Licensing::Client] Attempt to check time stamp (startTime: 1779188216, endTime: 1779188216)
[Licensing::Client] Successfully resolved entitlement details
[Licensing::Module] Serial number assigned to: "F4-6FHY-5BZF-BSUA-7WFB-XXXX"
BatchMode: 1, IsHumanControllingUs: 0, StartBugReporterOnCrash: 0, Is64bit: 1, IsPro: 0
[Licensing::Client] Successfully send message: {"AuthorizationCheck":"Yq49OFFWSle1hA==","messageType":"EntitlementDetailsRequest","entitlementIds":["com.unity.editor.headless","com.unity.editor.ui"],"packageEntitlementIds":[],"includeCustomData":false} at 1779188216
[Licensing::Client] Successfully receive message: {"entitlementGroups":[{"entitlementGroupId":"F4-6FHY-5BZF-BSUA-7WFB-3YQF","entitlementGroupIdHash":"6f799ff5df1ccc813733ac3e82bd392958bed8ce","productName":"Unity Personal","productType":"TuanjieEditor","licenseType":"ULF","expiration":1779451017000,"matchedEntitlements":[{"entitlementId":"com.unity.editor.ui","isPackage":false,"count":1},{"entitlementId":"com.unity.editor.headless","isPackage":false,"count":1}]}],"responseCode":200,"responseStatus":"Found 1 entitlement groups and 0 free entitlements matching requested entitlement ids","messageType":"EntitlementDetailsResponse","authorizationCheck":"Yq49OFFWSle1hG/BmX4+uRHAd+KH"} at 1779188216
[Licensing::Client] Attempt to check time stamp (startTime: 1779188216, endTime: 1779188216)
[Licensing::Client] Successfully resolved entitlement details

COMMAND LINE ARGUMENTS:
D:\unity\Editor\Tuanjie.exe
-batchmode
-quit
-nographics
-projectPath
G:\maomaomao\unity\companion-cat
-executeMethod
Maomaomao.CompanionCat.EditorTools.CompanionCatProjectBuilder.BuildAll
-logFile
G:\maomaomao\ulw\tuanjie-build-companion-project.log
Successfully changed project path to: G:\maomaomao\unity\companion-cat
G:/maomaomao/unity/companion-cat
[Memory] Configuration Parameters - Can be set up in boot.config
    "memorysetup-bucket-allocator-granularity=16"
    "memorysetup-bucket-allocator-bucket-count=8"
    "memorysetup-bucket-allocator-block-size=33554432"
    "memorysetup-bucket-allocator-block-count=8"
    "memorysetup-main-allocator-block-size=16777216"
    "memorysetup-thread-allocator-block-size=16777216"
    "memorysetup-gfx-main-allocator-block-size=16777216"
    "memorysetup-gfx-thread-allocator-block-size=16777216"
    "memorysetup-cache-allocator-block-size=4194304"
    "memorysetup-typetree-allocator-block-size=2097152"
    "memorysetup-profiler-bucket-allocator-granularity=16"
    "memorysetup-profiler-bucket-allocator-bucket-count=8"
    "memorysetup-profiler-bucket-allocator-block-size=33554432"
    "memorysetup-profiler-bucket-allocator-block-count=8"
    "memorysetup-profiler-allocator-block-size=16777216"
    "memorysetup-profiler-editor-allocator-block-size=1048576"
    "memorysetup-temp-allocator-size-main=16777216"
    "memorysetup-job-temp-allocator-block-size=2097152"
    "memorysetup-job-temp-allocator-block-size-background=1048576"
    "memorysetup-job-temp-allocator-reduction-small-platforms=262144"
    "memorysetup-allocator-temp-initial-block-size-main=262144"
    "memorysetup-allocator-temp-initial-block-size-worker=262144"
    "memorysetup-temp-allocator-size-background-worker=32768"
    "memorysetup-temp-allocator-size-job-worker=262144"
    "memorysetup-temp-allocator-size-preload-manager=33554432"
    "memorysetup-temp-allocator-size-nav-mesh-worker=65536"
    "memorysetup-temp-allocator-size-audio-worker=65536"
    "memorysetup-temp-allocator-size-cloud-worker=32768"
    "memorysetup-temp-allocator-size-gi-baking-worker=262144"
    "memorysetup-temp-allocator-size-gfx=262144"
Player connection [28876]  Target information:

Player connection [28876]  * "[IP] 10.60.155.129 [Port] 55504 [Flags] 2 [Guid] 1219033383 [EditorId] 1219033383 [Version] 1048832 [Id] WindowsEditor(7,Dev-Li) [Debug] 1 [PackageName] WindowsEditor [ProjectName] Editor" 

Player connection [28876] Host joined multi-casting on [225.0.0.222:54997]...
Player connection [28876] Host joined alternative multi-casting on [225.0.0.222:34997]...
Input System module state changed to: Initialized.
AS: AutoStreaming module initializing.
[LiveLink] LiveLink library is loaded successfully. Initializing...
Begin write certificate to file.
Write certificate complete, return 1.
InitScreenManager.StartServer, cert is C:/Users/Dev.LI/AppData/Roaming/Tuanjie/40244-rest-certificate.pem
Start HTTP server port 38000, HTTPS server port 38443.
[Package Manager] UpmClient::Connect -- Connected to IPC stream "Upm-40244" after 0.2 seconds.
[Licensing::Client] Successfully send message: {"AuthorizationCheck":"Yq49OFFWSle1hQ==","messageType":"EntitlementDetailsRequest","entitlementIds":["com.unity.editor.last.activation.date","com.unity.editor.headless"],"packageEntitlementIds":[],"includeCustomData":false} at 1779188217
[Licensing::Client] Successfully receive message: {"entitlementGroups":[{"entitlementGroupId":"F4-6FHY-5BZF-BSUA-7WFB-3YQF","entitlementGroupIdHash":"6f799ff5df1ccc813733ac3e82bd392958bed8ce","productName":"Unity Personal","productType":"TuanjieEditor","licenseType":"ULF","expiration":1779451017000,"matchedEntitlements":[{"entitlementId":"com.unity.editor.headless","isPackage":false,"count":1},{"entitlementId":"com.unity.editor.last.activation.date","isPackage":false,"count":1}]}],"responseCode":200,"responseStatus":"Found 1 entitlement groups and 0 free entitlements matching requested entitlement ids","messageType":"EntitlementDetailsResponse","authorizationCheck":"Yq49OFFWSle1hW/BmX4+uU7oMs7T"} at 1779188217
[Licensing::Client] Attempt to check time stamp (startTime: 1779188217, endTime: 1779188217)
[Licensing::Client] Successfully resolved entitlement details
[Licensing::Client] Successfully send message: {"AuthorizationCheck":"Yq49OFFWSle1hQ==","messageType":"EntitlementDetailsRequest","entitlementIds":["com.unity.editor.disable-splash-screen","com.unity.editor.headless"],"packageEntitlementIds":[],"includeCustomData":false} at 1779188217
[Licensing::Client] Successfully receive message: {"entitlementGroups":[{"entitlementGroupId":"F4-6FHY-5BZF-BSUA-7WFB-3YQF","entitlementGroupIdHash":"6f799ff5df1ccc813733ac3e82bd392958bed8ce","productName":"Unity Personal","productType":"TuanjieEditor","licenseType":"ULF","expiration":1779451017000,"matchedEntitlements":[{"entitlementId":"com.unity.editor.headless","isPackage":false,"count":1}]}],"responseCode":200,"responseStatus":"Found 1 entitlement groups and 0 free entitlements matching requested entitlement ids","messageType":"EntitlementDetailsResponse","authorizationCheck":"Yq49OFFWSle1hW/BmX4+uU7oMs7T"} at 1779188217
[Licensing::Client] Attempt to check time stamp (startTime: 1779188217, endTime: 1779188217)
[Licensing::Client] Successfully resolved entitlement details
[Licensing::Client] Successfully send message: {"AuthorizationCheck":"Yq49OFFWSle1hQ==","messageType":"EntitlementDetailsRequest","entitlementIds":["com.unity.editor.allow-mix-usage","com.unity.editor.headless"],"packageEntitlementIds":[],"includeCustomData":false} at 1779188217
[Licensing::Client] Successfully receive message: {"entitlementGroups":[{"entitlementGroupId":"F4-6FHY-5BZF-BSUA-7WFB-3YQF","entitlementGroupIdHash":"6f799ff5df1ccc813733ac3e82bd392958bed8ce","productName":"Unity Personal","productType":"TuanjieEditor","licenseType":"ULF","expiration":1779451017000,"matchedEntitlements":[{"entitlementId":"com.unity.editor.headless","isPackage":false,"count":1}]}],"responseCode":200,"responseStatus":"Found 1 entitlement groups and 0 free entitlements matching requested entitlement ids","messageType":"EntitlementDetailsResponse","authorizationCheck":"Yq49OFFWSle1hW/BmX4+uU7oMs7T"} at 1779188217
[Licensing::Client] Attempt to check time stamp (startTime: 1779188217, endTime: 1779188217)
[Licensing::Client] Successfully resolved entitlement details
[Package Manager] Restoring resolved packages state from cache
[Licensing::Client] Successfully send message: {"AuthorizationCheck":"Yq49OFFWSle1hQ==","messageType":"EntitlementDetailsRequest","entitlementIds":[],"packageEntitlementIds":["com.unity.modules.ai","com.unity.modules.androidjni","com.unity.modules.animation","com.unity.modules.assetbundle","com.unity.modules.audio","com.unity.modules.cloth","com.unity.modules.director","com.unity.modules.imageconversion","com.unity.modules.imgui","com.unity.modules.infinity","com.unity.modules.jsonserialize","com.unity.modules.particlesystem","com.unity.modules.physics","com.unity.modules.physics2d","com.unity.modules.screencapture","com.unity.modules.terrain","com.unity.modules.terrainphysics","com.unity.modules.tilemap","com.unity.modules.ui","com.unity.modules.uielements","com.unity.modules.unityanalytics","com.unity.modules.unitywebrequest","com.unity.modules.unitywebrequestassetbundle","com.unity.modules.unitywebrequestaudio","com.unity.modules.unitywebrequesttexture","com.unity.modules.unitywebrequestwww","com.unity.modules.vehicles","com.unity.modules.video","com.unity.modules.vr","com.unity.modules.wind","com.unity.modules.xr","com.unity.modules.subsystems"],"includeCustomData":false} at 1779188217
[Licensing::Client] Successfully receive message: {"freeEntitlementIds":["com.unity.modules.ai","com.unity.modules.androidjni","com.unity.modules.animation","com.unity.modules.assetbundle","com.unity.modules.audio","com.unity.modules.cloth","com.unity.modules.director","com.unity.modules.imageconversion","com.unity.modules.imgui","com.unity.modules.infinity","com.unity.modules.jsonserialize","com.unity.modules.particlesystem","com.unity.modules.physics","com.unity.modules.physics2d","com.unity.modules.screencapture","com.unity.modules.terrain","com.unity.modules.terrainphysics","com.unity.modules.tilemap","com.unity.modules.ui","com.unity.modules.uielements","com.unity.modules.unityanalytics","com.unity.modules.unitywebrequest","com.unity.modules.unitywebrequestassetbundle","com.unity.modules.unitywebrequestaudio","com.unity.modules.unitywebrequesttexture","com.unity.modules.unitywebrequestwww","com.unity.modules.vehicles","com.unity.modules.video","com.unity.modules.vr","com.unity.modules.wind","com.unity.modules.xr","com.unity.modules.subsystems"],"responseCode":200,"responseStatus":"Found 0 entitlement groups and 32 free entitlements matching requested entitlement ids","messageType":"EntitlementDetailsResponse","authorizationCheck":"Yq49OFFWSle1hW/BmX4+uU7oMs7T"} at 1779188217
[Licensing::Client] Attempt to check time stamp (startTime: 1779188217, endTime: 1779188217)
[Licensing::Client] Successfully resolved entitlement details
[Package Manager] Registered 32 packages:
  Built-in packages:
    com.unity.modules.ai@1.0.0 (location: G:\maomaomao\unity\companion-cat\Library\PackageCache\com.unity.modules.ai@1.0.0)
    com.unity.modules.androidjni@1.0.0 (location: G:\maomaomao\unity\companion-cat\Library\PackageCache\com.unity.modules.androidjni@1.0.0)
    com.unity.modules.animation@1.0.0 (location: G:\maomaomao\unity\companion-cat\Library\PackageCache\com.unity.modules.animation@1.0.0)
    com.unity.modules.assetbundle@1.0.0 (location: G:\maomaomao\unity\companion-cat\Library\PackageCache\com.unity.modules.assetbundle@1.0.0)
    com.unity.modules.audio@1.0.0 (location: G:\maomaomao\unity\companion-cat\Library\PackageCache\com.unity.modules.audio@1.0.0)
    com.unity.modules.cloth@1.0.0 (location: G:\maomaomao\unity\companion-cat\Library\PackageCache\com.unity.modules.cloth@1.0.0)
    com.unity.modules.director@1.0.0 (location: G:\maomaomao\unity\companion-cat\Library\PackageCache\com.unity.modules.director@1.0.0)
    com.unity.modules.imageconversion@1.0.0 (location: G:\maomaomao\unity\companion-cat\Library\PackageCache\com.unity.modules.imageconversion@1.0.0)
    com.unity.modules.imgui@1.0.0 (location: G:\maomaomao\unity\companion-cat\Library\PackageCache\com.unity.modules.imgui@1.0.0)
    com.unity.modules.infinity@1.0.0 (location: G:\maomaomao\unity\companion-cat\Library\PackageCache\com.unity.modules.infinity@1.0.0)
    com.unity.modules.jsonserialize@1.0.0 (location: G:\maomaomao\unity\companion-cat\Library\PackageCache\com.unity.modules.jsonserialize@1.0.0)
    com.unity.modules.particlesystem@1.0.0 (location: G:\maomaomao\unity\companion-cat\Library\PackageCache\com.unity.modules.particlesystem@1.0.0)
    com.unity.modules.physics@1.0.0 (location: G:\maomaomao\unity\companion-cat\Library\PackageCache\com.unity.modules.physics@1.0.0)
    com.unity.modules.physics2d@1.0.0 (location: G:\maomaomao\unity\companion-cat\Library\PackageCache\com.unity.modules.physics2d@1.0.0)
    com.unity.modules.screencapture@1.0.0 (location: G:\maomaomao\unity\companion-cat\Library\PackageCache\com.unity.modules.screencapture@1.0.0)
    com.unity.modules.terrain@1.0.0 (location: G:\maomaomao\unity\companion-cat\Library\PackageCache\com.unity.modules.terrain@1.0.0)
    com.unity.modules.terrainphysics@1.0.0 (location: G:\maomaomao\unity\companion-cat\Library\PackageCache\com.unity.modules.terrainphysics@1.0.0)
    com.unity.modules.tilemap@1.0.0 (location: G:\maomaomao\unity\companion-cat\Library\PackageCache\com.unity.modules.tilemap@1.0.0)
    com.unity.modules.ui@1.0.0 (location: G:\maomaomao\unity\companion-cat\Library\PackageCache\com.unity.modules.ui@1.0.0)
    com.unity.modules.uielements@1.0.0 (location: G:\maomaomao\unity\companion-cat\Library\PackageCache\com.unity.modules.uielements@1.0.0)
    com.unity.modules.unityanalytics@1.0.0 (location: G:\maomaomao\unity\companion-cat\Library\PackageCache\com.unity.modules.unityanalytics@1.0.0)
    com.unity.modules.unitywebrequest@1.0.0 (location: G:\maomaomao\unity\companion-cat\Library\PackageCache\com.unity.modules.unitywebrequest@1.0.0)
    com.unity.modules.unitywebrequestassetbundle@1.0.0 (location: G:\maomaomao\unity\companion-cat\Library\PackageCache\com.unity.modules.unitywebrequestassetbundle@1.0.0)
    com.unity.modules.unitywebrequestaudio@1.0.0 (location: G:\maomaomao\unity\companion-cat\Library\PackageCache\com.unity.modules.unitywebrequestaudio@1.0.0)
    com.unity.modules.unitywebrequesttexture@1.0.0 (location: G:\maomaomao\unity\companion-cat\Library\PackageCache\com.unity.modules.unitywebrequesttexture@1.0.0)
    com.unity.modules.unitywebrequestwww@1.0.0 (location: G:\maomaomao\unity\companion-cat\Library\PackageCache\com.unity.modules.unitywebrequestwww@1.0.0)
    com.unity.modules.vehicles@1.0.0 (location: G:\maomaomao\unity\companion-cat\Library\PackageCache\com.unity.modules.vehicles@1.0.0)
    com.unity.modules.video@1.0.0 (location: G:\maomaomao\unity\companion-cat\Library\PackageCache\com.unity.modules.video@1.0.0)
    com.unity.modules.vr@1.0.0 (location: G:\maomaomao\unity\companion-cat\Library\PackageCache\com.unity.modules.vr@1.0.0)
    com.unity.modules.wind@1.0.0 (location: G:\maomaomao\unity\companion-cat\Library\PackageCache\com.unity.modules.wind@1.0.0)
    com.unity.modules.xr@1.0.0 (location: G:\maomaomao\unity\companion-cat\Library\PackageCache\com.unity.modules.xr@1.0.0)
    com.unity.modules.subsystems@1.0.0 (location: G:\maomaomao\unity\companion-cat\Library\PackageCache\com.unity.modules.subsystems@1.0.0)
[Subsystems] No new subsystems found in resolved package list.
Package Manager log level set to [2]
[Package Manager] Done registering packages in 0.22 seconds
[Package Manager] Done resolving packages in 5.45 seconds
[Licensing::Client] Successfully send message: {"AuthorizationCheck":"Yq49OFFWSle2gQ==","messageType":"EntitlementDetailsRequest","entitlementIds":[],"packageEntitlementIds":["com.unity.cloud.gltfast","com.unity.modules.ai","com.unity.modules.androidjni","com.unity.modules.animation","com.unity.modules.assetbundle","com.unity.modules.audio","com.unity.modules.cloth","com.unity.modules.director","com.unity.modules.imageconversion","com.unity.modules.imgui","com.unity.modules.infinity","com.unity.modules.jsonserialize","com.unity.modules.particlesystem","com.unity.modules.physics","com.unity.modules.physics2d","com.unity.modules.screencapture","com.unity.modules.terrain","com.unity.modules.terrainphysics","com.unity.modules.tilemap","com.unity.modules.ui","com.unity.modules.uielements","com.unity.modules.unityanalytics","com.unity.modules.unitywebrequest","com.unity.modules.unitywebrequestassetbundle","com.unity.modules.unitywebrequestaudio","com.unity.modules.unitywebrequesttexture","com.unity.modules.unitywebrequestwww","com.unity.modules.vehicles","com.unity.modules.video","com.unity.modules.vr","com.unity.modules.wind","com.unity.modules.xr","com.unity.modules.subsystems","com.unity.burst","com.unity.collections","com.unity.mathematics","com.unity.test-framework","com.unity.ext.nunit"],"includeCustomData":false} at 1779188223
[Licensing::Client] Successfully receive message: {"freeEntitlementIds":["com.unity.cloud.gltfast","com.unity.modules.ai","com.unity.modules.androidjni","com.unity.modules.animation","com.unity.modules.assetbundle","com.unity.modules.audio","com.unity.modules.cloth","com.unity.modules.director","com.unity.modules.imageconversion","com.unity.modules.imgui","com.unity.modules.infinity","com.unity.modules.jsonserialize","com.unity.modules.particlesystem","com.unity.modules.physics","com.unity.modules.physics2d","com.unity.modules.screencapture","com.unity.modules.terrain","com.unity.modules.terrainphysics","com.unity.modules.tilemap","com.unity.modules.ui","com.unity.modules.uielements","com.unity.modules.unityanalytics","com.unity.modules.unitywebrequest","com.unity.modules.unitywebrequestassetbundle","com.unity.modules.unitywebrequestaudio","com.unity.modules.unitywebrequesttexture","com.unity.modules.unitywebrequestwww","com.unity.modules.vehicles","com.unity.modules.video","com.unity.modules.vr","com.unity.modules.wind","com.unity.modules.xr","com.unity.modules.subsystems","com.unity.burst","com.unity.collections","com.unity.mathematics","com.unity.test-framework","com.unity.ext.nunit"],"responseCode":200,"responseStatus":"Found 0 entitlement groups and 38 free entitlements matching requested entitlement ids","messageType":"EntitlementDetailsResponse","authorizationCheck":"Yq49OFFWSle2gW/BmX4+ucBTXE8c"} at 1779188223
[Licensing::Client] Attempt to check time stamp (startTime: 1779188223, endTime: 1779188223)
[Licensing::Client] Successfully resolved entitlement details
[Package Manager] Lock file was modified
[Package Manager] Registered 38 packages:
  Packages from [https://packages.tuanjie.cn]:
    com.unity.cloud.gltfast@6.17.0 (location: G:\maomaomao\unity\companion-cat\Library\PackageCache\com.unity.cloud.gltfast@6.17.0)
    com.unity.burst@1.8.26 (location: G:\maomaomao\unity\companion-cat\Library\PackageCache\com.unity.burst@1.8.26)
    com.unity.collections@1.2.4 (location: G:\maomaomao\unity\companion-cat\Library\PackageCache\com.unity.collections@1.2.4)
    com.unity.mathematics@1.2.6 (location: G:\maomaomao\unity\companion-cat\Library\PackageCache\com.unity.mathematics@1.2.6)
    com.unity.test-framework@1.1.33 (location: G:\maomaomao\unity\companion-cat\Library\PackageCache\com.unity.test-framework@1.1.33)
    com.unity.ext.nunit@1.0.6 (location: G:\maomaomao\unity\companion-cat\Library\PackageCache\com.unity.ext.nunit@1.0.6)
  Built-in packages:
    com.unity.modules.ai@1.0.0 (location: G:\maomaomao\unity\companion-cat\Library\PackageCache\com.unity.modules.ai@1.0.0)
    com.unity.modules.androidjni@1.0.0 (location: G:\maomaomao\unity\companion-cat\Library\PackageCache\com.unity.modules.androidjni@1.0.0)
    com.unity.modules.animation@1.0.0 (location: G:\maomaomao\unity\companion-cat\Library\PackageCache\com.unity.modules.animation@1.0.0)
    com.unity.modules.assetbundle@1.0.0 (location: G:\maomaomao\unity\companion-cat\Library\PackageCache\com.unity.modules.assetbundle@1.0.0)
    com.unity.modules.audio@1.0.0 (location: G:\maomaomao\unity\companion-cat\Library\PackageCache\com.unity.modules.audio@1.0.0)
    com.unity.modules.cloth@1.0.0 (location: G:\maomaomao\unity\companion-cat\Library\PackageCache\com.unity.modules.cloth@1.0.0)
    com.unity.modules.director@1.0.0 (location: G:\maomaomao\unity\companion-cat\Library\PackageCache\com.unity.modules.director@1.0.0)
    com.unity.modules.imageconversion@1.0.0 (location: G:\maomaomao\unity\companion-cat\Library\PackageCache\com.unity.modules.imageconversion@1.0.0)
    com.unity.modules.imgui@1.0.0 (location: G:\maomaomao\unity\companion-cat\Library\PackageCache\com.unity.modules.imgui@1.0.0)
    com.unity.modules.infinity@1.0.0 (location: G:\maomaomao\unity\companion-cat\Library\PackageCache\com.unity.modules.infinity@1.0.0)
    com.unity.modules.jsonserialize@1.0.0 (location: G:\maomaomao\unity\companion-cat\Library\PackageCache\com.unity.modules.jsonserialize@1.0.0)
    com.unity.modules.particlesystem@1.0.0 (location: G:\maomaomao\unity\companion-cat\Library\PackageCache\com.unity.modules.particlesystem@1.0.0)
    com.unity.modules.physics@1.0.0 (location: G:\maomaomao\unity\companion-cat\Library\PackageCache\com.unity.modules.physics@1.0.0)
    com.unity.modules.physics2d@1.0.0 (location: G:\maomaomao\unity\companion-cat\Library\PackageCache\com.unity.modules.physics2d@1.0.0)
    com.unity.modules.screencapture@1.0.0 (location: G:\maomaomao\unity\companion-cat\Library\PackageCache\com.unity.modules.screencapture@1.0.0)
    com.unity.modules.terrain@1.0.0 (location: G:\maomaomao\unity\companion-cat\Library\PackageCache\com.unity.modules.terrain@1.0.0)
    com.unity.modules.terrainphysics@1.0.0 (location: G:\maomaomao\unity\companion-cat\Library\PackageCache\com.unity.modules.terrainphysics@1.0.0)
    com.unity.modules.tilemap@1.0.0 (location: G:\maomaomao\unity\companion-cat\Library\PackageCache\com.unity.modules.tilemap@1.0.0)
    com.unity.modules.ui@1.0.0 (location: G:\maomaomao\unity\companion-cat\Library\PackageCache\com.unity.modules.ui@1.0.0)
    com.unity.modules.uielements@1.0.0 (location: G:\maomaomao\unity\companion-cat\Library\PackageCache\com.unity.modules.uielements@1.0.0)
    com.unity.modules.unityanalytics@1.0.0 (location: G:\maomaomao\unity\companion-cat\Library\PackageCache\com.unity.modules.unityanalytics@1.0.0)
    com.unity.modules.unitywebrequest@1.0.0 (location: G:\maomaomao\unity\companion-cat\Library\PackageCache\com.unity.modules.unitywebrequest@1.0.0)
    com.unity.modules.unitywebrequestassetbundle@1.0.0 (location: G:\maomaomao\unity\companion-cat\Library\PackageCache\com.unity.modules.unitywebrequestassetbundle@1.0.0)
    com.unity.modules.unitywebrequestaudio@1.0.0 (location: G:\maomaomao\unity\companion-cat\Library\PackageCache\com.unity.modules.unitywebrequestaudio@1.0.0)
    com.unity.modules.unitywebrequesttexture@1.0.0 (location: G:\maomaomao\unity\companion-cat\Library\PackageCache\com.unity.modules.unitywebrequesttexture@1.0.0)
    com.unity.modules.unitywebrequestwww@1.0.0 (location: G:\maomaomao\unity\companion-cat\Library\PackageCache\com.unity.modules.unitywebrequestwww@1.0.0)
    com.unity.modules.vehicles@1.0.0 (location: G:\maomaomao\unity\companion-cat\Library\PackageCache\com.unity.modules.vehicles@1.0.0)
    com.unity.modules.video@1.0.0 (location: G:\maomaomao\unity\companion-cat\Library\PackageCache\com.unity.modules.video@1.0.0)
    com.unity.modules.vr@1.0.0 (location: G:\maomaomao\unity\companion-cat\Library\PackageCache\com.unity.modules.vr@1.0.0)
    com.unity.modules.wind@1.0.0 (location: G:\maomaomao\unity\companion-cat\Library\PackageCache\com.unity.modules.wind@1.0.0)
    com.unity.modules.xr@1.0.0 (location: G:\maomaomao\unity\companion-cat\Library\PackageCache\com.unity.modules.xr@1.0.0)
    com.unity.modules.subsystems@1.0.0 (location: G:\maomaomao\unity\companion-cat\Library\PackageCache\com.unity.modules.subsystems@1.0.0)
[Subsystems] No new subsystems found in resolved package list.
[Package Manager] Done registering packages in 0.00 seconds
Refreshing native plugins compatible for Editor in 0.00 ms, found 0 plugins.
Preloading 0 native plugins for Editor in 0.00 ms.
Initialize engine version: 2022.3.62t7 (139712ad4655)
[Subsystems] Discovering subsystems at path D:/unity/Editor/Data/Resources/UnitySubsystems
[Subsystems] Discovering subsystems at path G:/maomaomao/unity/companion-cat/Assets
Forcing GfxDevice: Null
GfxDevice: creating device client; threaded=0; jobified=0
NullGfxDevice:
    Version:  NULL 1.0 [1.0]
    Renderer: Null Device
    Vendor:   Unity Technologies
[Licensing::Client] Successfully send message: {"AuthorizationCheck":"Yq49OFFWSle2gQ==","messageType":"EntitlementDetailsRequest","entitlementIds":["com.unity.editor.cluster","com.unity.editor.headless"],"packageEntitlementIds":[],"includeCustomData":false} at 1779188223
[Licensing::Client] Successfully receive message: {"entitlementGroups":[{"entitlementGroupId":"F4-6FHY-5BZF-BSUA-7WFB-3YQF","entitlementGroupIdHash":"6f799ff5df1ccc813733ac3e82bd392958bed8ce","productName":"Unity Personal","productType":"TuanjieEditor","licenseType":"ULF","expiration":1779451017000,"matchedEntitlements":[{"entitlementId":"com.unity.editor.headless","isPackage":false,"count":1}]}],"responseCode":200,"responseStatus":"Found 1 entitlement groups and 0 free entitlements matching requested entitlement ids","messageType":"EntitlementDetailsResponse","authorizationCheck":"Yq49OFFWSle2gW/BmX4+ucBTXE8c"} at 1779188223
[Licensing::Client] Attempt to check time stamp (startTime: 1779188223, endTime: 1779188223)
[Licensing::Client] Successfully resolved entitlement details
Initialize mono
Mono path[0] = 'D:/unity/Editor/Data/Managed'
Mono path[1] = 'D:/unity/Editor/Data/MonoBleedingEdge/lib/mono/unityjit-win32'
Mono config path = 'D:/unity/Editor/Data/MonoBleedingEdge/etc'
Using monoOptions --debugger-agent=transport=dt_socket,embedding=1,server=y,suspend=n,address=0.0.0.0:56244
Using cacheserver namespaces - metadata:defaultmetadata, artifacts:defaultartifacts
Using cacheserver namespaces - metadata:defaultmetadata, artifacts:defaultartifacts
ImportWorker Server TCP listen port: 0
Begin MonoManager ReloadAssembly
Registering precompiled tuanjie dll's ...
Register platform support module: D:/unity/Editor/Data/PlaybackEngines/WindowsStandaloneSupport/UnityEditor.WindowsStandalone.Extensions.dll
Registered in 0.002698 seconds.
- Loaded All Assemblies, in  0.275 seconds
Native extension for WindowsStandalone target not found
Mono: successfully reloaded assembly
- Finished resetting the current domain, in  0.182 seconds
Domain Reload Profiling: 457ms
	BeginReloadAssembly (92ms)
		ExecutionOrderSort (0ms)
		DisableScriptedObjects (0ms)
		BackupInstance (0ms)
		ReleaseScriptingObjects (0ms)
		CreateAndSetChildDomain (1ms)
	RebuildCommonClasses (29ms)
	RebuildNativeTypeToScriptingClass (9ms)
	initialDomainReloadingComplete (35ms)
	LoadAllAssembliesAndSetupDomain (110ms)
		LoadAssemblies (92ms)
		RebuildTransferFunctionScriptingTraits (0ms)
		AnalyzeDomain (108ms)
			TypeCache.Refresh (107ms)
				TypeCache.ScanAssembly (95ms)
			ScanForSourceGeneratedMonoScriptInfo (0ms)
			ResolveRequiredComponents (0ms)
	FinalizeReload (182ms)
		ReleaseScriptCaches (0ms)
		RebuildScriptCaches (0ms)
		SetupLoadedEditorAssemblies (146ms)
			LogAssemblyErrors (0ms)
			InitializePlatformSupportModulesInManaged (6ms)
			SetLoadedEditorAssemblies (5ms)
			RefreshPlugins (0ms)
			BeforeProcessingInitializeOnLoad (1ms)
			ProcessInitializeOnLoadAttributes (117ms)
			ProcessInitializeOnLoadMethodAttributes (16ms)
			AfterProcessingInitializeOnLoad (0ms)
			EditorAssembliesLoaded (0ms)
		ExecutionOrderSort2 (0ms)
		AwakeInstancesAfterBackupRestoration (0ms)
[Licensing::Client] Successfully send message: {"AuthorizationCheck":"Yq49OFFWSle2gQ==","messageType":"EntitlementDetailsRequest","entitlementIds":["com.unity.editor.legacy.pro","com.unity.editor.watermarks.disable","com.unity.editor.watermarks.prototyping","com.unity.editor.watermarks.edu","com.unity.editor.watermarks.trial","com.unity.editor.time-limited-license","com.unity.editor.cluster","com.unity.editor.unity.compliant","com.unity.editor.watermarks.forcedisable","com.unity.editor.open-harmony.analytics.disabled","com.unity.editor.mini-game.analytics.disabled","com.unity.editor.unity.expiration.2d","com.unity.editor.unity.expiration.7d","com.unity.editor.playableads.watermark","com.unity.editor.android.analytics.enable","com.unity.editor.ios.analytics.enable","com.unity.editor.headless"],"packageEntitlementIds":[],"includeCustomData":false} at 1779188223
[Licensing::Client] Successfully receive message: {"entitlementGroups":[{"entitlementGroupId":"F4-6FHY-5BZF-BSUA-7WFB-3YQF","entitlementGroupIdHash":"6f799ff5df1ccc813733ac3e82bd392958bed8ce","productName":"Unity Personal","productType":"TuanjieEditor","licenseType":"ULF","expiration":1779451017000,"matchedEntitlements":[{"entitlementId":"com.unity.editor.headless","isPackage":false,"count":1},{"entitlementId":"com.unity.editor.unity.expiration.2d","isPackage":false,"count":1},{"entitlementId":"com.unity.editor.watermarks.forcedisable","isPackage":false,"count":1},{"entitlementId":"com.unity.editor.unity.compliant","isPackage":false,"count":1},{"entitlementId":"com.unity.editor.mini-game.analytics.disabled","isPackage":false,"count":1},{"entitlementId":"com.unity.editor.time-limited-license","isPackage":false,"count":1}]}],"responseCode":200,"responseStatus":"Found 1 entitlement groups and 0 free entitlements matching requested entitlement ids","messageType":"EntitlementDetailsResponse","authorizationCheck":"Yq49OFFWSle2gW/BmX4+ucBTXE8c"} at 1779188223
[Licensing::Client] Attempt to check time stamp (startTime: 1779188223, endTime: 1779188223)
[Licensing::Client] Successfully resolved entitlement details
Application.AssetDatabase Initial Refresh Start
[Licensing::Client] Successfully send message: {"AuthorizationCheck":"Yq49OFFWSle2gQ==","messageType":"EntitlementDetailsRequest","entitlementIds":["com.unity.editor.guid.encryption","com.unity.editor.headless"],"packageEntitlementIds":[],"includeCustomData":false} at 1779188223
[Licensing::Client] Successfully receive message: {"entitlementGroups":[{"entitlementGroupId":"F4-6FHY-5BZF-BSUA-7WFB-3YQF","entitlementGroupIdHash":"6f799ff5df1ccc813733ac3e82bd392958bed8ce","productName":"Unity Personal","productType":"TuanjieEditor","licenseType":"ULF","expiration":1779451017000,"matchedEntitlements":[{"entitlementId":"com.unity.editor.guid.encryption","isPackage":false,"count":1},{"entitlementId":"com.unity.editor.headless","isPackage":false,"count":1}]}],"responseCode":200,"responseStatus":"Found 1 entitlement groups and 0 free entitlements matching requested entitlement ids","messageType":"EntitlementDetailsResponse","authorizationCheck":"Yq49OFFWSle2gW/BmX4+ucBTXE8c"} at 1779188223
[Licensing::Client] Attempt to check time stamp (startTime: 1779188223, endTime: 1779188223)
[Licensing::Client] Successfully resolved entitlement details
[API Updater] Processing imported assemblies took 46 ms (0/0 assembly(ies)).
Assembly Updater Post Process Assets time: 0.048601s
[ScriptCompilation] Requested script compilation because: Assembly Definition File(s) changed
[ScriptCompilation] Requested script compilation because: Assetdatabase observed changes in script compilation related files
Starting: D:\unity\Editor\Data\bee_backend.exe --dont-print-to-structured-log --ipc --defer-dag-verification --dagfile="Library/Bee/1900b0aE.dag" --continue-on-failure --profile="Library/Bee/backend1.traceevents" ScriptAssemblies
WorkingDir: G:/maomaomao/unity/companion-cat
DisplayProgressbar: Compiling Scripts
ExitCode: 4 Duration: 0s61ms
Starting: D:\unity\Editor\Data\Tools\netcorerun\netcorerun.exe "D:\unity\Editor\Data\Tools\BuildPipeline\ScriptCompilationBuildProgram.exe" "Library/Bee/1900b0aE.dag.json" "Library/Bee/1900b0aE-inputdata.json" "Library\Bee\buildprogram0.traceevents"
Rebuilding DAG because FileSignature timestamp changed: Library/Bee/1900b0aE-inputdata.json
*** Tundra requires additional run (0.03 seconds), 0 items updated, 1 evaluated
WorkingDir: G:/maomaomao/unity/companion-cat
ExitCode: 0 Duration: 0s298ms
Starting: D:\unity\Editor\Data\bee_backend.exe --dont-print-to-structured-log --ipc --defer-dag-verification --dagfile="Library/Bee/1900b0aE.dag" --continue-on-failure --dagfilejson="Library\Bee\1900b0aE.dag.json" --profile="Library/Bee/backend2.traceevents" ScriptAssemblies
WorkingDir: G:/maomaomao/unity/companion-cat
ExitCode: 0 Duration: 6s929ms
Finished compiling graph: 289 nodes, 2805 flattened edges (2459 ToBuild, 36 ToUse), maximum node priority 144
[  1/286    0s] WriteText Library/Bee/artifacts/1900b0aE.dag/Unity.Burst.rsp2
[  2/286    0s] WriteText Library/Bee/artifacts/1900b0aE.dag/Unity.Burst.UnityAdditionalFile.txt
[  3/286    0s] MovedFromExtractor Library/Bee/artifacts/mvdfrm/UnityEditor.UIElementsSamplesModule.dll_2669D33D9BC34406.mvfrm
[  4/286    0s] MovedFromExtractor Library/Bee/artifacts/mvdfrm/UnityEngine.ClusterRendererModule.dll_DE2BD3CCE9CB94BA.mvfrm
[  5/286    0s] MovedFromExtractor Library/Bee/artifacts/mvdfrm/UnityEngine.ARModule.dll_8D999747F6569838.mvfrm
[  6/286    0s] MovedFromExtractor Library/Bee/artifacts/mvdfrm/UnityEditor.PresetsUIModule.dll_071281D2E6F91F60.mvfrm
[  7/286    0s] MovedFromExtractor Library/Bee/artifacts/mvdfrm/UnityEngine.ClothModule.dll_4C8C02A43F4F7397.mvfrm
[  8/286    0s] MovedFromExtractor Library/Bee/artifacts/mvdfrm/UnityEngine.AssetBundleModule.dll_836E640F9B50AD4F.mvfrm
[  9/286    0s] MovedFromExtractor Library/Bee/artifacts/mvdfrm/UnityEditor.SceneTemplateModule.dll_A253001576AB947E.mvfrm
[ 10/286    0s] MovedFromExtractor Library/Bee/artifacts/mvdfrm/UnityEngine.ContentLoadModule.dll_1C84BD5069D3553C.mvfrm
[ 11/286    0s] MovedFromExtractor Library/Bee/artifacts/mvdfrm/UnityEditor.TextCoreTextEngineModule.dll_B9094633C7A950B7.mvfrm
[ 12/286    0s] MovedFromExtractor Library/Bee/artifacts/mvdfrm/UnityEngine.AccessibilityModule.dll_D4F86BAC7721BC1B.mvfrm
[ 13/286    0s] MovedFromExtractor Library/Bee/artifacts/mvdfrm/UnityEngine.AudioModule.dll_E5A3A5A9653294B3.mvfrm
[ 14/286    0s] MovedFromExtractor Library/Bee/artifacts/mvdfrm/UnityEngine.AndroidJNIModule.dll_1181182559DDB6AD.mvfrm
[ 15/286    0s] MovedFromExtractor Library/Bee/artifacts/mvdfrm/UnityEditor.UnityConnectModule.dll_F9196C212EFA98B1.mvfrm
[ 16/286    0s] MovedFromExtractor Library/Bee/artifacts/mvdfrm/UnityEditor.TextCoreFontEngineModule.dll_71210FC238259799.mvfrm
[ 17/286    0s] MovedFromExtractor Library/Bee/artifacts/mvdfrm/UnityEditor.SceneViewModule.dll_8A5C2BF8D9C39469.mvfrm
[ 18/286    0s] MovedFromExtractor Library/Bee/artifacts/mvdfrm/UnityEngine.GridModule.dll_DB3006E215BCAD9D.mvfrm
[ 19/286    0s] MovedFromExtractor Library/Bee/artifacts/mvdfrm/UnityEngine.HotReloadModule.dll_9B7A831F9A30B783.mvfrm
[ 20/286    0s] MovedFromExtractor Library/Bee/artifacts/mvdfrm/UnityEditor.UIElementsModule.dll_93382F5210BE47D7.mvfrm
[ 21/286    0s] MovedFromExtractor Library/Bee/artifacts/mvdfrm/UnityEngine.GIModule.dll_6C631B5234E82189.mvfrm
[ 22/286    0s] MovedFromExtractor Library/Bee/artifacts/mvdfrm/UnityEngine.dll_65537BB60BECC10F.mvfrm
[ 23/286    0s] MovedFromExtractor Library/Bee/artifacts/mvdfrm/UnityEngine.GameCenterModule.dll_3BCE6240201EA79E.mvfrm
[ 24/286    0s] MovedFromExtractor Library/Bee/artifacts/mvdfrm/UnityEngine.ClusterInputModule.dll_78B5E136E0826B77.mvfrm
[ 25/286    0s] MovedFromExtractor Library/Bee/artifacts/mvdfrm/UnityEngine.DSPGraphModule.dll_087520CAB834F064.mvfrm
[ 26/286    0s] MovedFromExtractor Library/Bee/artifacts/mvdfrm/UnityEngine.DirectorModule.dll_0323BF6145D41F43.mvfrm
[ 27/286    0s] MovedFromExtractor Library/Bee/artifacts/mvdfrm/UnityEngine.ImageConversionModule.dll_4A1DD17D6BF04CAE.mvfrm
[ 28/286    0s] MovedFromExtractor Library/Bee/artifacts/mvdfrm/UnityEngine.CrashReportingModule.dll_5E509E0EBABEEEFE.mvfrm
[ 29/286    0s] MovedFromExtractor Library/Bee/artifacts/mvdfrm/UnityEngine.AIModule.dll_D426D2449939396F.mvfrm
[ 30/286    0s] MovedFromExtractor Library/Bee/artifacts/mvdfrm/UnityEngine.IMGUIModule.dll_1E0345102B642894.mvfrm
[ 31/286    0s] MovedFromExtractor Library/Bee/artifacts/mvdfrm/UnityEngine.AnimationModule.dll_1A31C519BEFD9C01.mvfrm
[ 32/286    0s] MovedFromExtractor Library/Bee/artifacts/mvdfrm/UnityEditor.QuickSearchModule.dll_3F85311E38E9F85D.mvfrm
[ 33/286    0s] MovedFromExtractor Library/Bee/artifacts/mvdfrm/UnityEditor.UIBuilderModule.dll_A034F60D5759408F.mvfrm
[ 34/286    0s] MovedFromExtractor Library/Bee/artifacts/mvdfrm/UnityEngine.CoreModule.dll_FDBEEAF3FD6817A6.mvfrm
[ 35/286    0s] MovedFromExtractor Library/Bee/artifacts/mvdfrm/UnityEngine.JSONSerializeModule.dll_350FF4E8765D1CA5.mvfrm
[ 36/286    0s] MovedFromExtractor Library/Bee/artifacts/mvdfrm/UnityEngine.InputModule.dll_4C196D59DB6AB957.mvfrm
[ 37/286    0s] MovedFromExtractor Library/Bee/artifacts/mvdfrm/UnityEngine.ProfilerModule.dll_3569F897DF2DA650.mvfrm
[ 38/286    0s] MovedFromExtractor Library/Bee/artifacts/mvdfrm/UnityEngine.ParticleSystemModule.dll_B162E75B28D07A8C.mvfrm
[ 39/286    0s] MovedFromExtractor Library/Bee/artifacts/mvdfrm/UnityEngine.InfinityModule.dll_4291EE8C917E486F.mvfrm
[ 40/286    0s] MovedFromExtractor Library/Bee/artifacts/mvdfrm/UnityEngine.InputLegacyModule.dll_14B37F2E33426340.mvfrm
[ 41/286    0s] MovedFromExtractor Library/Bee/artifacts/mvdfrm/UnityEngine.Physics2DModule.dll_66D7B50A5FFA9396.mvfrm
[ 42/286    0s] MovedFromExtractor Library/Bee/artifacts/mvdfrm/UnityEngine.OpenHarmonyJSModule.dll_FB36130BE487C5A2.mvfrm
[ 43/286    0s] MovedFromExtractor Library/Bee/artifacts/mvdfrm/UnityEngine.LocalizationModule.dll_B702AB8977FE5E70.mvfrm
[ 44/286    0s] MovedFromExtractor Library/Bee/artifacts/mvdfrm/UnityEngine.RuntimeInitializeOnLoadManagerInitializerModule.dll_E01E03DC6240305F.mvfrm
[ 45/286    0s] MovedFromExtractor Library/Bee/artifacts/mvdfrm/UnityEngine.PerformanceReportingModule.dll_9370A1345CD4D265.mvfrm
[ 46/286    0s] MovedFromExtractor Library/Bee/artifacts/mvdfrm/UnityEngine.SpriteShapeModule.dll_9CCF916A50F2E559.mvfrm
[ 47/286    0s] MovedFromExtractor Library/Bee/artifacts/mvdfrm/UnityEngine.PhysicsModule.dll_5FB60D1D57C523E4.mvfrm
[ 48/286    0s] MovedFromExtractor Library/Bee/artifacts/mvdfrm/UnityEngine.SpriteMaskModule.dll_24FAD4D0418E3D18.mvfrm
[ 49/286    0s] MovedFromExtractor Library/Bee/artifacts/mvdfrm/UnityEngine.PropertiesModule.dll_6909A17E930A0BDA.mvfrm
[ 50/286    0s] MovedFromExtractor Library/Bee/artifacts/mvdfrm/UnityEngine.ScreenCaptureModule.dll_4EF7A26D8AC94907.mvfrm
[ 51/286    0s] MovedFromExtractor Library/Bee/artifacts/mvdfrm/UnityEngine.SubsystemsModule.dll_8FA83B320FD6252B.mvfrm
[ 52/286    0s] MovedFromExtractor Library/Bee/artifacts/mvdfrm/UnityEngine.StreamingModule.dll_CEC6B26A0E85533F.mvfrm
[ 53/286    0s] MovedFromExtractor Library/Bee/artifacts/mvdfrm/UnityEngine.SubstanceModule.dll_AB71C6B359D8514D.mvfrm
[ 54/286    0s] MovedFromExtractor Library/Bee/artifacts/mvdfrm/UnityEngine.TextCoreTextEngineModule.dll_3768C186DAA70F82.mvfrm
[ 55/286    0s] MovedFromExtractor Library/Bee/artifacts/mvdfrm/UnityEngine.TerrainPhysicsModule.dll_B1DD902E42137519.mvfrm
[ 56/286    0s] MovedFromExtractor Library/Bee/artifacts/mvdfrm/UnityEngine.TextRenderingModule.dll_783714784200C8FC.mvfrm
[ 57/286    0s] MovedFromExtractor Library/Bee/artifacts/mvdfrm/UnityEngine.TextCoreFontEngineModule.dll_EF808B154B235664.mvfrm
[ 58/286    0s] MovedFromExtractor Library/Bee/artifacts/mvdfrm/UnityEngine.TLSModule.dll_96264B454A8DDBB8.mvfrm
[ 59/286    0s] WriteText Library/Bee/artifacts/1900b0aE.dag/Unity.Mathematics.rsp2
[ 60/286    0s] MovedFromExtractor Library/Bee/artifacts/mvdfrm/UnityEngine.TerrainModule.dll_79FC888C2D836CD2.mvfrm
[ 61/286    0s] MovedFromExtractor Library/Bee/artifacts/mvdfrm/UnityEngine.TilemapModule.dll_18F8F00D45404DDB.mvfrm
[ 62/286    0s] WriteText Library/Bee/artifacts/1900b0aE.dag/Unity.Mathematics.UnityAdditionalFile.txt
[ 63/286    0s] MovedFromExtractor Library/Bee/artifacts/mvdfrm/UnityEngine.SharedInternalsModule.dll_CE2F1052E31E47FE.mvfrm
[ 64/286    0s] WriteText Library/Bee/artifacts/1900b0aE.dag/Unity.Burst.dll.mvfrm.rsp
[ 65/286    0s] WriteText Library/Bee/artifacts/1900b0aE.dag/Unity.Burst.rsp
[ 66/286    0s] WriteText Library/Bee/artifacts/1900b0aE.dag/Unity.Mathematics.dll.mvfrm.rsp
[ 67/286    0s] WriteText Library/Bee/artifacts/1900b0aE.dag/Unity.Mathematics.rsp
[ 68/286    0s] WriteText Library/Bee/artifacts/1900b0aE.dag/UnityEngine.TestRunner.rsp2
[ 69/286    0s] WriteText Library/Bee/artifacts/1900b0aE.dag/UnityEngine.TestRunner.UnityAdditionalFile.txt
[ 70/286    0s] WriteText Library/Bee/artifacts/1900b0aE.dag/Unity.Collections.rsp2
[ 71/286    0s] WriteText Library/Bee/artifacts/1900b0aE.dag/Unity.Collections.UnityAdditionalFile.txt
[ 72/286    0s] WriteText Library/Bee/artifacts/1900b0aE.dag/UnityEngine.TestRunner.dll.mvfrm.rsp
[ 73/286    0s] WriteText Library/Bee/artifacts/1900b0aE.dag/UnityEngine.TestRunner.rsp
[ 74/286    0s] WriteText Library/Bee/artifacts/1900b0aE.dag/Unity.Collections.dll.mvfrm.rsp
[ 75/286    0s] WriteText Library/Bee/artifacts/1900b0aE.dag/Unity.Collections.rsp
[ 76/286    0s] WriteText Library/Bee/artifacts/1900b0aE.dag/UnityEditor.TestRunner.rsp2
[ 77/286    0s] WriteText Library/Bee/artifacts/1900b0aE.dag/UnityEditor.TestRunner.UnityAdditionalFile.txt
[ 78/286    0s] MovedFromExtractor Library/Bee/artifacts/mvdfrm/UnityEngine.UnityAnalyticsCommonModule.dll_2EAF5E7876BD70C3.mvfrm
[ 79/286    0s] MovedFromExtractor Library/Bee/artifacts/mvdfrm/UnityEngine.UIModule.dll_CF9A7071F5803F1B.mvfrm
[ 80/286    0s] MovedFromExtractor Library/Bee/artifacts/mvdfrm/UnityEngine.UnityAnalyticsModule.dll_D1025824D4F7CC88.mvfrm
[ 81/286    0s] MovedFromExtractor Library/Bee/artifacts/mvdfrm/UnityEngine.UnityConnectModule.dll_E678F0302982995C.mvfrm
[ 82/286    0s] MovedFromExtractor Library/Bee/artifacts/mvdfrm/UnityEngine.UIElementsModule.dll_93E69C9A13026122.mvfrm
[ 83/286    0s] MovedFromExtractor Library/Bee/artifacts/mvdfrm/UnityEngine.UnityTestProtocolModule.dll_E22C892FF5BE995C.mvfrm
[ 84/286    0s] MovedFromExtractor Library/Bee/artifacts/mvdfrm/UnityEngine.UnityWebRequestAssetBundleModule.dll_D587D36F596C1559.mvfrm
[ 85/286    0s] WriteText Library/Bee/artifacts/1900b0aE.dag/Unity.Burst.CodeGen.rsp2
[ 86/286    0s] WriteText Library/Bee/artifacts/1900b0aE.dag/Unity.Burst.CodeGen.UnityAdditionalFile.txt
[ 87/286    0s] WriteText Library/Bee/artifacts/1900b0aE.dag/glTFast.UnityAdditionalFile.txt
[ 88/286    0s] WriteText Library/Bee/artifacts/1900b0aE.dag/glTFast.rsp2
[ 89/286    0s] WriteText Library/Bee/artifacts/1900b0aE.dag/UnityEditor.TestRunner.dll.mvfrm.rsp
[ 90/286    0s] WriteText Library/Bee/artifacts/1900b0aE.dag/UnityEditor.TestRunner.rsp
[ 91/286    0s] MovedFromExtractor Library/Bee/artifacts/mvdfrm/UnityEngine.UnityCurlModule.dll_4D4E664B2F118DEE.mvfrm
[ 92/286    0s] MovedFromExtractor Library/Bee/artifacts/mvdfrm/UnityEngine.UnityWebRequestAudioModule.dll_0B6CF512E33F9CFD.mvfrm
[ 93/286    0s] MovedFromExtractor Library/Bee/artifacts/mvdfrm/UnityEngine.VehiclesModule.dll_7AE6B8E0BFFDEEDE.mvfrm
[ 94/286    0s] MovedFromExtractor Library/Bee/artifacts/mvdfrm/UnityEngine.UnityWebRequestModule.dll_5BBCD92776E4E72D.mvfrm
[ 95/286    0s] MovedFromExtractor Library/Bee/artifacts/mvdfrm/UnityEditor.dll_32AF34DDAD79342A.mvfrm
[ 96/286    0s] WriteText Library/Bee/artifacts/1900b0aE.dag/Unity.Burst.CodeGen.dll.mvfrm.rsp
[ 97/286    0s] WriteText Library/Bee/artifacts/1900b0aE.dag/glTFast.dll.mvfrm.rsp
[ 98/286    0s] MovedFromExtractor Library/Bee/artifacts/mvdfrm/UnityEngine.UnityWebRequestTextureModule.dll_CE4767F73FFB6472.mvfrm
[ 99/286    0s] WriteText Library/Bee/artifacts/1900b0aE.dag/glTFast.rsp
[100/286    0s] WriteText Library/Bee/artifacts/1900b0aE.dag/Unity.Burst.CodeGen.rsp
[101/286    0s] WriteText Library/Bee/artifacts/1900b0aE.dag/glTFast.Export.rsp2
[102/286    0s] WriteText Library/Bee/artifacts/1900b0aE.dag/glTFast.Export.UnityAdditionalFile.txt
[103/286    0s] WriteText Library/Bee/artifacts/1900b0aE.dag/Unity.Burst.Editor.UnityAdditionalFile.txt
[104/286    0s] WriteText Library/Bee/artifacts/1900b0aE.dag/Unity.Mathematics.Editor.rsp2
[105/286    0s] WriteText Library/Bee/artifacts/1900b0aE.dag/Unity.Mathematics.Editor.UnityAdditionalFile.txt
[106/286    0s] WriteText Library/Bee/artifacts/1900b0aE.dag/Unity.Burst.Editor.rsp2
[107/286    0s] WriteText Library/Bee/artifacts/1900b0aE.dag/glTFast.Export.dll.mvfrm.rsp
[108/286    0s] MovedFromExtractor Library/Bee/artifacts/mvdfrm/UnityEngine.UnityWebRequestWWWModule.dll_022B06E2CA66CBEE.mvfrm
[109/286    0s] WriteText Library/Bee/artifacts/1900b0aE.dag/Unity.Mathematics.Editor.dll.mvfrm.rsp
[110/286    0s] WriteText Library/Bee/artifacts/1900b0aE.dag/Unity.Burst.Editor.dll.mvfrm.rsp
[111/286    0s] MovedFromExtractor Library/Bee/artifacts/mvdfrm/UnityEngine.VFXModule.dll_1704E3B420FB4525.mvfrm
[112/286    0s] WriteText Library/Bee/artifacts/1900b0aE.dag/glTFast.Export.rsp
[113/286    0s] WriteText Library/Bee/artifacts/1900b0aE.dag/Unity.Burst.Editor.rsp
[114/286    0s] WriteText Library/Bee/artifacts/1900b0aE.dag/Unity.Mathematics.Editor.rsp
[115/286    0s] WriteResponseFile Library/Bee/artifacts/rsp/4747638433968585886.rsp
[116/286    0s] WriteText Library/Bee/artifacts/1900b0aE.dag/glTFast.Editor.UnityAdditionalFile.txt
[117/286    0s] WriteText Library/Bee/artifacts/1900b0aE.dag/glTFast.Editor.rsp2
[118/286    0s] MovedFromExtractor Library/Bee/artifacts/mvdfrm/UnityEngine.VideoModule.dll_0AAD2A1427C4B058.mvfrm
[119/286    0s] MovedFromExtractor Library/Bee/artifacts/mvdfrm/UnityEngine.XRModule.dll_552B59FC207511F1.mvfrm
[120/286    0s] WriteText Library/Bee/artifacts/1900b0aE.dag/glTFast.dots.rsp2
[121/286    0s] MovedFromExtractor Library/Bee/artifacts/mvdfrm/UnityEditor.DiagnosticsModule.dll_B475B010E012FC04.mvfrm
[122/286    0s] MovedFromExtractor Library/Bee/artifacts/mvdfrm/UnityEngine.VirtualTexturingModule.dll_D2F71C4C56A12EC4.mvfrm
[123/286    0s] WriteText Library/Bee/artifacts/1900b0aE.dag/glTFast.dots.UnityAdditionalFile.txt
[124/286    0s] WriteText Library/Bee/artifacts/1900b0aE.dag/glTFast.dots.dll.mvfrm.rsp
[125/286    0s] WriteText Library/Bee/artifacts/1900b0aE.dag/glTFast.Editor.dll.mvfrm.rsp
[126/286    0s] MovedFromExtractor Library/Bee/artifacts/mvdfrm/UnityEngine.VRModule.dll_226C96F7973AC493.mvfrm
[127/286    0s] MovedFromExtractor Library/Bee/artifacts/mvdfrm/UnityEngine.UmbraModule.dll_607851C1F2594026.mvfrm
[128/286    0s] MovedFromExtractor Library/Bee/artifacts/mvdfrm/UnityEngine.WindModule.dll_740DC61C8E9E960F.mvfrm
[129/286    0s] WriteText Library/Bee/artifacts/1900b0aE.dag/glTFast.Newtonsoft.rsp2
[130/286    0s] WriteText Library/Bee/artifacts/1900b0aE.dag/glTFast.Editor.rsp
[131/286    0s] WriteText Library/Bee/artifacts/1900b0aE.dag/glTFast.Newtonsoft.UnityAdditionalFile.txt
[132/286    0s] WriteText Library/Bee/artifacts/1900b0aE.dag/glTFast.dots.rsp
[133/286    0s] WriteText Library/Bee/artifacts/1900b0aE.dag/glTFast.Newtonsoft.dll.mvfrm.rsp
[134/286    0s] WriteText Library/Bee/artifacts/1900b0aE.dag/Assembly-CSharp.rsp2
[135/286    0s] WriteText Library/Bee/artifacts/1900b0aE.dag/Assembly-CSharp.UnityAdditionalFile.txt
[136/286    0s] WriteText Library/Bee/artifacts/1900b0aE.dag/Assembly-CSharp.dll.mvfrm.rsp
[137/286    0s] MovedFromExtractor Library/Bee/artifacts/mvdfrm/UnityEditor.GraphViewModule.dll_4BAC48F0E4A0C75B.mvfrm
[138/286    0s] WriteText Library/Bee/artifacts/1900b0aE.dag/glTFast.Newtonsoft.rsp
[139/286    0s] WriteText Library/Bee/artifacts/1900b0aE.dag/Assembly-CSharp.rsp
[140/286    0s] WriteText Library/Bee/artifacts/1900b0aE.dag/glTFast.Documentation.Examples.dll.mvfrm.rsp
[141/286    0s] WriteText Library/Bee/artifacts/1900b0aE.dag/glTFast.Documentation.Examples.rsp2
[142/286    0s] MovedFromExtractor Library/Bee/artifacts/mvdfrm/UnityEditor.WindowsStandalone.Extensions.dll_94131486EC7FAFD5.mvfrm
[143/286    0s] WriteText Library/Bee/artifacts/1900b0aE.dag/glTFast.Documentation.Examples.UnityAdditionalFile.txt
[144/286    0s] WriteText Library/Bee/artifacts/1900b0aE.dag/Assembly-CSharp-Editor.dll.mvfrm.rsp
[145/286    0s] WriteText Library/Bee/artifacts/1900b0aE.dag/Unity.Collections.BurstCompatibilityGen.dll.mvfrm.rsp
[146/286    0s] MovedFromExtractor Library/Bee/artifacts/mvdfrm/UnityEditor.EditorToolbarModule.dll_7EB38F5777BEEA46.mvfrm
[147/286    0s] WriteText Library/Bee/artifacts/1900b0aE.dag/Unity.Collections.BurstCompatibilityGen.UnityAdditionalFile.txt
[148/286    0s] WriteText Library/Bee/artifacts/1900b0aE.dag/Unity.Collections.DocCodeSamples.dll.mvfrm.rsp
[149/286    0s] WriteResponseFile Library/Bee/artifacts/rsp/9630950048426576611.rsp
[150/286    0s] WriteText Library/Bee/artifacts/1900b0aE.dag/Unity.Collections.BurstCompatibilityGen.rsp2
[151/286    0s] WriteText Library/Bee/artifacts/1900b0aE.dag/glTFast.Documentation.Examples.rsp
[152/286    0s] WriteResponseFile Library/Bee/artifacts/rsp/16800515999216397072.rsp
[153/286    0s] WriteText Library/Bee/artifacts/1900b0aE.dag/Assembly-CSharp-Editor.UnityAdditionalFile.txt
[154/286    0s] WriteText Library/Bee/artifacts/1900b0aE.dag/Assembly-CSharp-Editor.rsp2
[155/286    0s] MovedFromExtractor Library/Bee/artifacts/mvdfrm/Unity.Burst.Unsafe.dll_CFEC40ED84F007E6.mvfrm
[156/286    0s] WriteResponseFile Library/Bee/artifacts/rsp/5916180605834378387.rsp
[157/286    0s] WriteText Library/Bee/artifacts/1900b0aE.dag/Unity.Collections.DocCodeSamples.rsp2
[158/286    0s] WriteResponseFile Library/Bee/artifacts/rsp/2157608619508796868.rsp
[159/286    0s] MovedFromExtractor Library/Bee/artifacts/mvdfrm/UnityEditor.HMISimulatorModule.dll_E2FA8213E46DD2DC.mvfrm
[160/286    0s] WriteResponseFile Library/Bee/artifacts/rsp/17923285327036797829.rsp
[161/286    0s] WriteText Library/Bee/artifacts/1900b0aE.dag/Unity.Collections.DocCodeSamples.UnityAdditionalFile.txt
[162/286    0s] WriteText Library/Bee/artifacts/1900b0aE.dag/Unity.Collections.DocCodeSamples.rsp
[163/286    0s] MovedFromExtractor Library/Bee/artifacts/mvdfrm/UnityEditor.DeviceSimulatorModule.dll_D87F115B7A108736.mvfrm
[164/286    0s] WriteText Library/Bee/artifacts/1900b0aE.dag/Assembly-CSharp-Editor.rsp
[165/286    0s] WriteText Library/Bee/artifacts/1900b0aE.dag/Unity.Collections.BurstCompatibilityGen.rsp
[166/286    0s] MovedFromExtractor Library/Bee/artifacts/mvdfrm/UnityEngine.OcclusionCullingModule.dll_F3DC73E44D8C386A.mvfrm
[167/286    0s] WriteResponseFile Library/Bee/artifacts/rsp/1418726328684876121.rsp
[168/286    0s] WriteResponseFile Library/Bee/artifacts/rsp/3676569134375922281.rsp
[169/286    0s] WriteResponseFile Library/Bee/artifacts/rsp/10131660672807692368.rsp
[170/286    0s] WriteResponseFile Library/Bee/artifacts/rsp/10678863128556690338.rsp
[171/286    0s] WriteResponseFile Library/Bee/artifacts/rsp/4824701561327399296.rsp
[172/286    0s] MovedFromExtractor Library/Bee/artifacts/mvdfrm/Unity.Collections.LowLevel.ILSupport.dll_2E40CE80E145E521.mvfrm
[173/286    0s] WriteResponseFile Library/Bee/artifacts/rsp/12248871281822510316.rsp
[174/286    0s] WriteResponseFile Library/Bee/artifacts/rsp/2781082588993088484.rsp
[175/286    0s] WriteResponseFile Library/Bee/artifacts/rsp/17766336155681823506.rsp
[176/286    0s] WriteResponseFile Library/Bee/artifacts/rsp/14814235663552238418.rsp
[177/286    0s] WriteResponseFile Library/Bee/artifacts/rsp/3818794330681902346.rsp
[178/286    0s] MovedFromExtractor Library/Bee/artifacts/mvdfrm/UnityEngine.AutoStreamingModule.dll_F166256449B04EF0.mvfrm
[179/286    0s] MovedFromExtractor Library/Bee/artifacts/mvdfrm/UnityEngine.AndroidAppViewModule.dll_B5CCB1B844A5323E.mvfrm
[180/286    0s] MovedFromExtractor Library/Bee/artifacts/mvdfrm/UnityEditor.Graphs.dll_B5311AC5B2D2FBAD.mvfrm
[181/286    0s] MovedFromExtractor Library/Bee/artifacts/mvdfrm/UnityEngine.NVIDIAModule.dll_1AD5E17DAEB55CD2.mvfrm
[182/286    0s] MovedFromExtractor Library/Bee/artifacts/mvdfrm/UnityEngine.InstantAssetModule.dll_3968DA1255DF6F16.mvfrm
[183/286    0s] MovedFromExtractor Library/Bee/artifacts/mvdfrm/UnityEngine.TextureManagerModule.dll_DCCEF5EF4333E1B9.mvfrm
[184/286    0s] MovedFromExtractor Library/Bee/artifacts/mvdfrm/UnityEditor.CoreModule.dll_DA9E17A15562AC7B.mvfrm
[185/286    0s] MovedFromExtractor Library/Bee/artifacts/mvdfrm/UnityEngine.TuanjieGIModule.dll_FD01D676C5E4C387.mvfrm
[186/286    0s] MovedFromExtractor Library/Bee/artifacts/mvdfrm/Unity.Burst.Cecil.dll_ADA84001351AAE9D.mvfrm
[187/286    0s] MovedFromExtractor Library/Bee/artifacts/mvdfrm/Unity.Burst.Cecil.Pdb.dll_5383F6A24365329D.mvfrm
[188/286    0s] MovedFromExtractor Library/Bee/artifacts/mvdfrm/Unity.Burst.Cecil.Mdb.dll_3C317E32C4B0311A.mvfrm
[189/286    0s] MovedFromExtractor Library/Bee/artifacts/mvdfrm/Unity.Burst.Cecil.Rocks.dll_E703683FF385D85D.mvfrm
[190/286    0s] MovedFromExtractor Library/Bee/artifacts/mvdfrm/Unity.CompilationPipeline.Common.dll_794812F1678127C9.mvfrm
[191/286    0s] MovedFromExtractorCombine Library/Bee/artifacts/1900b0aE.dag/Unity.Burst.dll.mvfrm
[192/286    0s] MovedFromExtractorCombine Library/Bee/artifacts/1900b0aE.dag/glTFast.Newtonsoft.dll.mvfrm
[193/286    0s] MovedFromExtractorCombine Library/Bee/artifacts/1900b0aE.dag/Unity.Mathematics.dll.mvfrm
[194/286    0s] MovedFromExtractorCombine Library/Bee/artifacts/1900b0aE.dag/UnityEngine.TestRunner.dll.mvfrm
[194/286    0s] Csc Library/Bee/artifacts/1900b0aE.dag/UnityEngine.TestRunner.dll (+2 others) [CacheHit 4a03f5c635484bb9417196322893bc85]
[195/286    0s] Csc Library/Bee/artifacts/1900b0aE.dag/UnityEngine.TestRunner.dll (+2 others)
[197/286    0s] CopyFiles Library/ScriptAssemblies/UnityEngine.TestRunner.dll
[198/286    0s] CopyFiles Library/ScriptAssemblies/UnityEngine.TestRunner.pdb
[199/286    0s] MovedFromExtractor Library/Bee/artifacts/mvdfrm/UnityEngine.TestRunner.ref.dll_E55D0F7C63F01D9E.mvfrm
[200/286    0s] MovedFromExtractorCombine Library/Bee/artifacts/1900b0aE.dag/UnityEditor.TestRunner.dll.mvfrm
[199/286    0s] Csc Library/Bee/artifacts/1900b0aE.dag/UnityEditor.TestRunner.dll (+2 others) [CacheHit 3c1232d40da38d0a04a151d77b8ffcbe]
[201/286    0s] Csc Library/Bee/artifacts/1900b0aE.dag/UnityEditor.TestRunner.dll (+2 others)
[203/286    0s] CopyFiles Library/ScriptAssemblies/UnityEditor.TestRunner.pdb
[204/286    0s] CopyFiles Library/ScriptAssemblies/UnityEditor.TestRunner.dll
[205/286    0s] MovedFromExtractor Library/Bee/artifacts/mvdfrm/UnityEditor.TestRunner.ref.dll_193EC4CE382CBFB3.mvfrm
[206/286    2s] Csc Library/Bee/artifacts/1900b0aE.dag/Unity.Burst.dll (+2 others)
[           0s] Csc Library/Bee/artifacts/1900b0aE.dag/Unity.Burst.dll (+2 others) [CacheWrite ]
[207/286    0s] MovedFromExtractor Library/Bee/artifacts/mvdfrm/Unity.Burst.ref.dll_F30DFA20C0DD1968.mvfrm
[208/286    0s] MovedFromExtractorCombine Library/Bee/artifacts/1900b0aE.dag/Unity.Burst.CodeGen.dll.mvfrm
[209/286    0s] MovedFromExtractorCombine Library/Bee/artifacts/1900b0aE.dag/Unity.Burst.Editor.dll.mvfrm
[207/286    0s] Csc Library/Bee/artifacts/1900b0aE.dag/Unity.Burst.CodeGen.dll (+2 others) [CacheHit cad8d65c9cdf86b758951f47ca57ce29]
[210/286    0s] Csc Library/Bee/artifacts/1900b0aE.dag/Unity.Burst.CodeGen.dll (+2 others)
[212/286    0s] CopyFiles Library/ScriptAssemblies/Unity.Burst.CodeGen.pdb
[213/286    0s] CopyFiles Library/ScriptAssemblies/Unity.Burst.CodeGen.dll
[214/286    0s] ILPP-Configuration Library/ilpp-configuration.nevergeneratedoutput
[215/286    2s] Csc Library/Bee/artifacts/1900b0aE.dag/Unity.Mathematics.dll (+2 others)
[           0s] Csc Library/Bee/artifacts/1900b0aE.dag/Unity.Mathematics.dll (+2 others) [CacheWrite ]
[216/286    0s] MovedFromExtractor Library/Bee/artifacts/mvdfrm/Unity.Mathematics.ref.dll_E8EFDB1B8D5C174E.mvfrm
[217/286    0s] ILPostProcess Library/Bee/artifacts/1900b0aE.dag/post-processed/Unity.Mathematics.dll (+pdb)
Processing assembly Library/Bee/artifacts/1900b0aE.dag/Unity.Mathematics.dll, with 137 defines and 210 references

processors: zzzUnity.Burst.CodeGen.BurstILPostProcessor

running zzzUnity.Burst.CodeGen.BurstILPostProcessor
[218/286    0s] CopyFiles Library/ScriptAssemblies/Unity.Mathematics.pdb
[219/286    0s] CopyFiles Library/ScriptAssemblies/Unity.Mathematics.dll
[220/286    0s] MovedFromExtractorCombine Library/Bee/artifacts/1900b0aE.dag/glTFast.Documentation.Examples.dll.mvfrm
[221/286    0s] MovedFromExtractorCombine Library/Bee/artifacts/1900b0aE.dag/Unity.Collections.dll.mvfrm
[222/286    0s] MovedFromExtractorCombine Library/Bee/artifacts/1900b0aE.dag/glTFast.Export.dll.mvfrm
[223/286    0s] MovedFromExtractorCombine Library/Bee/artifacts/1900b0aE.dag/Unity.Mathematics.Editor.dll.mvfrm
[224/286    0s] MovedFromExtractorCombine Library/Bee/artifacts/1900b0aE.dag/glTFast.Editor.dll.mvfrm
[225/286    0s] Csc Library/Bee/artifacts/1900b0aE.dag/Unity.Mathematics.Editor.dll (+2 others)
[           0s] Csc Library/Bee/artifacts/1900b0aE.dag/Unity.Mathematics.Editor.dll (+2 others) [CacheWrite ]
[226/286    0s] ILPostProcess Library/Bee/artifacts/1900b0aE.dag/post-processed/Unity.Burst.dll (+pdb)
Processing assembly Library/Bee/artifacts/1900b0aE.dag/Unity.Burst.dll, with 137 defines and 210 references

processors: zzzUnity.Burst.CodeGen.BurstILPostProcessor

running zzzUnity.Burst.CodeGen.BurstILPostProcessor
[227/286    0s] CopyFiles Library/ScriptAssemblies/Unity.Burst.dll
[228/286    0s] CopyFiles Library/ScriptAssemblies/Unity.Burst.pdb
[229/286    0s] ILPostProcess Library/Bee/artifacts/1900b0aE.dag/post-processed/Unity.Mathematics.Editor.dll (+pdb)
Processing assembly Library/Bee/artifacts/1900b0aE.dag/Unity.Mathematics.Editor.dll, with 135 defines and 225 references

processors: zzzUnity.Burst.CodeGen.BurstILPostProcessor

running zzzUnity.Burst.CodeGen.BurstILPostProcessor
[230/286    0s] CopyFiles Library/ScriptAssemblies/Unity.Mathematics.Editor.pdb
[231/286    0s] CopyFiles Library/ScriptAssemblies/Unity.Mathematics.Editor.dll
[232/286    0s] MovedFromExtractor Library/Bee/artifacts/mvdfrm/Unity.Mathematics.Editor.ref.dll_9A20CFD48BC11F43.mvfrm
[233/286    0s] Csc Library/Bee/artifacts/1900b0aE.dag/Unity.Collections.dll (+2 others)
[           0s] Csc Library/Bee/artifacts/1900b0aE.dag/Unity.Collections.dll (+2 others) [CacheWrite ]
[234/286    0s] MovedFromExtractor Library/Bee/artifacts/mvdfrm/Unity.Collections.ref.dll_656D7410E7809ECD.mvfrm
[235/286    0s] ILPostProcess Library/Bee/artifacts/1900b0aE.dag/post-processed/Unity.Collections.dll (+pdb)
Processing assembly Library/Bee/artifacts/1900b0aE.dag/Unity.Collections.dll, with 137 defines and 212 references

processors: zzzUnity.Burst.CodeGen.BurstILPostProcessor

running zzzUnity.Burst.CodeGen.BurstILPostProcessor
[236/286    0s] CopyFiles Library/ScriptAssemblies/Unity.Collections.pdb
[237/286    0s] CopyFiles Library/ScriptAssemblies/Unity.Collections.dll
[238/286    0s] MovedFromExtractorCombine Library/Bee/artifacts/1900b0aE.dag/glTFast.dots.dll.mvfrm
[239/286    0s] MovedFromExtractorCombine Library/Bee/artifacts/1900b0aE.dag/glTFast.dll.mvfrm
[240/286    0s] MovedFromExtractorCombine Library/Bee/artifacts/1900b0aE.dag/Unity.Collections.DocCodeSamples.dll.mvfrm
[241/286    0s] MovedFromExtractorCombine Library/Bee/artifacts/1900b0aE.dag/Unity.Collections.BurstCompatibilityGen.dll.mvfrm
[242/286    0s] Csc Library/Bee/artifacts/1900b0aE.dag/Unity.Collections.DocCodeSamples.dll (+2 others)
[243/286    1s] Csc Library/Bee/artifacts/1900b0aE.dag/Unity.Burst.Editor.dll (+2 others)
[           0s] Csc Library/Bee/artifacts/1900b0aE.dag/Unity.Collections.DocCodeSamples.dll (+2 others) [CacheWrite ]
[           0s] Csc Library/Bee/artifacts/1900b0aE.dag/Unity.Burst.Editor.dll (+2 others) [CacheWrite ]
[244/286    0s] ILPostProcess Library/Bee/artifacts/1900b0aE.dag/post-processed/Unity.Collections.DocCodeSamples.dll (+pdb)
Processing assembly Library/Bee/artifacts/1900b0aE.dag/Unity.Collections.DocCodeSamples.dll, with 135 defines and 225 references

processors: zzzUnity.Burst.CodeGen.BurstILPostProcessor

running zzzUnity.Burst.CodeGen.BurstILPostProcessor
[245/286    0s] CopyFiles Library/ScriptAssemblies/Unity.Collections.DocCodeSamples.dll
[246/286    0s] CopyFiles Library/ScriptAssemblies/Unity.Collections.DocCodeSamples.pdb
[247/286    0s] Csc Library/Bee/artifacts/1900b0aE.dag/Unity.Collections.BurstCompatibilityGen.dll (+2 others)
[248/286    0s] ILPostProcess Library/Bee/artifacts/1900b0aE.dag/post-processed/Unity.Burst.Editor.dll (+pdb)
Processing assembly Library/Bee/artifacts/1900b0aE.dag/Unity.Burst.Editor.dll, with 135 defines and 225 references

processors: zzzUnity.Burst.CodeGen.BurstILPostProcessor

running zzzUnity.Burst.CodeGen.BurstILPostProcessor
[249/286    0s] CopyFiles Library/ScriptAssemblies/Unity.Burst.Editor.pdb
[250/286    0s] CopyFiles Library/ScriptAssemblies/Unity.Burst.Editor.dll
[251/286    0s] MovedFromExtractor Library/Bee/artifacts/mvdfrm/Unity.Burst.Editor.ref.dll_E2F92DAB6C167CC9.mvfrm
[           0s] Csc Library/Bee/artifacts/1900b0aE.dag/Unity.Collections.BurstCompatibilityGen.dll (+2 others) [CacheWrite ]
[252/286    0s] MovedFromExtractorCombine Library/Bee/artifacts/1900b0aE.dag/Assembly-CSharp-Editor.dll.mvfrm
[253/286    0s] MovedFromExtractorCombine Library/Bee/artifacts/1900b0aE.dag/Assembly-CSharp.dll.mvfrm
[254/286    0s] ILPostProcess Library/Bee/artifacts/1900b0aE.dag/post-processed/Unity.Collections.BurstCompatibilityGen.dll (+pdb)
Processing assembly Library/Bee/artifacts/1900b0aE.dag/Unity.Collections.BurstCompatibilityGen.dll, with 135 defines and 226 references

processors: zzzUnity.Burst.CodeGen.BurstILPostProcessor

running zzzUnity.Burst.CodeGen.BurstILPostProcessor
[255/286    0s] CopyFiles Library/ScriptAssemblies/Unity.Collections.BurstCompatibilityGen.pdb
[256/286    0s] CopyFiles Library/ScriptAssemblies/Unity.Collections.BurstCompatibilityGen.dll
[257/286    0s] Csc Library/Bee/artifacts/1900b0aE.dag/glTFast.dll (+2 others)
[           0s] Csc Library/Bee/artifacts/1900b0aE.dag/glTFast.dll (+2 others) [CacheWrite ]
[258/286    0s] Csc Library/Bee/artifacts/1900b0aE.dag/glTFast.dots.dll (+2 others)
[259/286    0s] Csc Library/Bee/artifacts/1900b0aE.dag/glTFast.Newtonsoft.dll (+2 others)
[260/286    0s] ILPostProcess Library/Bee/artifacts/1900b0aE.dag/post-processed/glTFast.dll (+pdb)
Processing assembly Library/Bee/artifacts/1900b0aE.dag/glTFast.dll, with 141 defines and 213 references

processors: zzzUnity.Burst.CodeGen.BurstILPostProcessor

running zzzUnity.Burst.CodeGen.BurstILPostProcessor
[           0s] Csc Library/Bee/artifacts/1900b0aE.dag/glTFast.dots.dll (+2 others) [CacheWrite ]
[261/286    0s] CopyFiles Library/ScriptAssemblies/glTFast.pdb
[           0s] Csc Library/Bee/artifacts/1900b0aE.dag/glTFast.Newtonsoft.dll (+2 others) [CacheWrite ]
[262/286    0s] CopyFiles Library/ScriptAssemblies/glTFast.dll
[263/286    0s] Csc Library/Bee/artifacts/1900b0aE.dag/glTFast.Export.dll (+2 others)
[264/286    0s] ILPostProcess Library/Bee/artifacts/1900b0aE.dag/post-processed/glTFast.Newtonsoft.dll (+pdb)
Processing assembly Library/Bee/artifacts/1900b0aE.dag/glTFast.Newtonsoft.dll, with 138 defines and 211 references

processors: zzzUnity.Burst.CodeGen.BurstILPostProcessor

running zzzUnity.Burst.CodeGen.BurstILPostProcessor
[265/286    0s] ILPostProcess Library/Bee/artifacts/1900b0aE.dag/post-processed/glTFast.dots.dll (+pdb)
Processing assembly Library/Bee/artifacts/1900b0aE.dag/glTFast.dots.dll, with 138 defines and 214 references

processors: zzzUnity.Burst.CodeGen.BurstILPostProcessor

running zzzUnity.Burst.CodeGen.BurstILPostProcessor
[266/286    0s] CopyFiles Library/ScriptAssemblies/glTFast.Newtonsoft.dll
[267/286    0s] CopyFiles Library/ScriptAssemblies/glTFast.Newtonsoft.pdb
[268/286    0s] CopyFiles Library/ScriptAssemblies/glTFast.dots.dll
[269/286    0s] CopyFiles Library/ScriptAssemblies/glTFast.dots.pdb
[           0s] Csc Library/Bee/artifacts/1900b0aE.dag/glTFast.Export.dll (+2 others) [CacheWrite ]
[270/286    0s] ILPostProcess Library/Bee/artifacts/1900b0aE.dag/post-processed/glTFast.Export.dll (+pdb)
Processing assembly Library/Bee/artifacts/1900b0aE.dag/glTFast.Export.dll, with 138 defines and 213 references

processors: zzzUnity.Burst.CodeGen.BurstILPostProcessor

running zzzUnity.Burst.CodeGen.BurstILPostProcessor
[271/286    0s] CopyFiles Library/ScriptAssemblies/glTFast.Export.pdb
[272/286    0s] CopyFiles Library/ScriptAssemblies/glTFast.Export.dll
[273/286    0s] Csc Library/Bee/artifacts/1900b0aE.dag/glTFast.Documentation.Examples.dll (+2 others)
[274/286    0s] Csc Library/Bee/artifacts/1900b0aE.dag/glTFast.Editor.dll (+2 others)
[           0s] Csc Library/Bee/artifacts/1900b0aE.dag/glTFast.Documentation.Examples.dll (+2 others) [CacheWrite ]
[           0s] Csc Library/Bee/artifacts/1900b0aE.dag/glTFast.Editor.dll (+2 others) [CacheWrite ]
[275/286    0s] ILPostProcess Library/Bee/artifacts/1900b0aE.dag/post-processed/glTFast.Editor.dll (+pdb)
Processing assembly Library/Bee/artifacts/1900b0aE.dag/glTFast.Editor.dll, with 136 defines and 227 references

processors: zzzUnity.Burst.CodeGen.BurstILPostProcessor

running zzzUnity.Burst.CodeGen.BurstILPostProcessor
[276/286    0s] CopyFiles Library/ScriptAssemblies/glTFast.Editor.dll
[277/286    0s] CopyFiles Library/ScriptAssemblies/glTFast.Editor.pdb
[278/286    0s] ILPostProcess Library/Bee/artifacts/1900b0aE.dag/post-processed/glTFast.Documentation.Examples.dll (+pdb)
Processing assembly Library/Bee/artifacts/1900b0aE.dag/glTFast.Documentation.Examples.dll, with 139 defines and 215 references

processors: zzzUnity.Burst.CodeGen.BurstILPostProcessor

running zzzUnity.Burst.CodeGen.BurstILPostProcessor
[279/286    0s] CopyFiles Library/ScriptAssemblies/glTFast.Documentation.Examples.dll
[280/286    0s] CopyFiles Library/ScriptAssemblies/glTFast.Documentation.Examples.pdb
[281/286    0s] Csc Library/Bee/artifacts/1900b0aE.dag/Assembly-CSharp.dll (+2 others)
[282/286    0s] ILPostProcess Library/Bee/artifacts/1900b0aE.dag/post-processed/Assembly-CSharp.dll (+pdb)
Processing assembly Library/Bee/artifacts/1900b0aE.dag/Assembly-CSharp.dll, with 137 defines and 216 references

processors: zzzUnity.Burst.CodeGen.BurstILPostProcessor

running zzzUnity.Burst.CodeGen.BurstILPostProcessor
[283/286    0s] CopyFiles Library/ScriptAssemblies/Assembly-CSharp.dll
[284/286    0s] CopyFiles Library/ScriptAssemblies/Assembly-CSharp.pdb
[285/286    0s] Csc Library/Bee/artifacts/1900b0aE.dag/Assembly-CSharp-Editor.dll (+2 others)
[286/286    0s] ILPostProcess Library/Bee/artifacts/1900b0aE.dag/post-processed/Assembly-CSharp-Editor.dll (+pdb)
Processing assembly Library/Bee/artifacts/1900b0aE.dag/Assembly-CSharp-Editor.dll, with 135 defines and 233 references

processors: zzzUnity.Burst.CodeGen.BurstILPostProcessor

running zzzUnity.Burst.CodeGen.BurstILPostProcessor
[287/286    0s] CopyFiles Library/ScriptAssemblies/Assembly-CSharp-Editor.dll
[288/286    0s] CopyFiles Library/ScriptAssemblies/Assembly-CSharp-Editor.pdb
*** Tundra build success (6.91 seconds), 282 items updated, 286 evaluated
AssetDatabase: script compilation time: 7.696971s
Begin MonoManager ReloadAssembly
- Loaded All Assemblies, in  0.309 seconds
Refreshing native plugins compatible for Editor in 0.16 ms, found 0 plugins.
Refreshing native plugins compatible for Editor in 0.24 ms, found 0 plugins.
Preloading 0 native plugins for Editor in 0.00 ms.
Start importing Assets/Editor using Guid(105438b3ecfc0e6468c9b7bbd7fc4154) Importer(Primary)  -> (artifact id: '66bdc72d71b5f86bbbaeec6b4278bd08') in 0.005434 seconds
Start importing Assets/Animations using Guid(302edea6cc4b8864b89da15a8f713950) Importer(Primary)  -> (artifact id: '568ae47ab3b6f4a03158057405dd38ca') in 0.000963 seconds
Start importing Packages/com.unity.test-framework using Guid(6023f2b823fc19b4e4a90875281ff117) Importer(Primary)  -> (artifact id: '207d221316692506ee822b8098ae7b5f') in 0.000373 seconds
Start importing Assets/Scenes using Guid(92536d67255de3747b64850022eff334) Importer(Primary)  -> (artifact id: 'd8db1f16355ad98137cf325eff5ba7e4') in 0.001104 seconds
Start importing Assets/Materials using Guid(6319e524d08975a4cb5d134b9999e576) Importer(Primary)  -> (artifact id: 'fa5cbc91a4414c239a2624ce5851510d') in 0.000963 seconds
Start importing Packages/com.unity.collections using Guid(8357b100fdd3b0f8d2384ff3f2880152) Importer(Primary)  -> (artifact id: '9a5b5ac1daab9b49f05aeff872be66fc') in 0.000252 seconds
Start importing Packages/com.unity.ext.nunit using Guid(25a477c2f24db8778a4179421a32cc21) Importer(Primary)  -> (artifact id: '9feda0794317d826c87c29ea2f5a7aa5') in 0.000258 seconds
Start importing Packages/com.unity.burst using Guid(65d1b64226033bcd2de5b4e51938fb75) Importer(Primary)  -> (artifact id: 'bf87038256db6475cddfdedb92f2bba4') in 0.000225 seconds
Start importing Packages/com.unity.cloud.gltfast using Guid(76f61356caa955d8ed69dd29e552867e) Importer(Primary)  -> (artifact id: '0abedf367c874a7af6e769589316e000') in 0.000238 seconds
Start importing Assets/Scripts using Guid(97c791f7caf247449b64822de9e88c30) Importer(Primary)  -> (artifact id: '9e658ec3c825b5728f545eaa0f43d927') in 0.001089 seconds
Start importing Packages/com.unity.mathematics using Guid(795e97ad99e2f6ffd2060ae1983b6f25) Importer(Primary)  -> (artifact id: '06cf445bc51b25108ac0ce1bed742523') in 0.000231 seconds
Start importing Assets/Models using Guid(4dfe590ecf95be64ba7548aed29f1988) Importer(Primary)  -> (artifact id: '2c7c974254f1a234e05c6af80edafb63') in 0.001206 seconds
Start importing Packages/com.unity.burst/Unity.Burst.CodeGen using Guid(0025085fa936303aa05b328e44651f9c) Importer(Primary)  -> (artifact id: 'e1a5b4a4a81d878847b1afca56e55529') in 0.000279 seconds
Start importing Packages/com.unity.collections/Unity.Collections.BurstCompatibilityGen using Guid(00a9bcd29d03e5043aad0c9a7e6185f3) Importer(Primary)  -> (artifact id: 'd3805c25ff42db4a14c57605447726cd') in 0.000294 seconds
Start importing Packages/com.unity.cloud.gltfast/DocExamples using Guid(80a9660688f788a4b90e36414fcb5fb6) Importer(Primary)  -> (artifact id: '502f29ca977762f691e9f42840a412b9') in 0.000263 seconds
Start importing Packages/com.unity.cloud.gltfast/Runtime using Guid(a12e525d176854b6a85429f453dc0082) Importer(Primary)  -> (artifact id: '630de6007cd68805f98bf1fa643dd576') in 0.000256 seconds
Start importing Packages/com.unity.burst/Runtime using Guid(e1700f0d2aa03c568eaedb3efe6720f0) Importer(Primary)  -> (artifact id: '0ebc3d49cfcb0fb4a278c64dc1eb4c8a') in 0.000289 seconds
Start importing Packages/com.unity.collections/Unity.Collections.LowLevel.ILSupport using Guid(6353acf8df7d746d98d65f640d39ea47) Importer(Primary)  -> (artifact id: '2313d81878779493e8cf1077de0306bc') in 0.000262 seconds
Start importing Packages/com.unity.ext.nunit/net35 using Guid(a36d8b72880a8004f96ac54ce4598ff9) Importer(Primary)  -> (artifact id: 'db54413ea7847481ad85f35c1483428d') in 0.000267 seconds
Start importing Packages/com.unity.mathematics/Unity.Mathematics using Guid(b3be5912975a74cc0b42e9039d91daf1) Importer(Primary)  -> (artifact id: 'ce865fa03a7ff73be07dce23769f72cc') in 0.000280 seconds
Start importing Packages/com.unity.mathematics/Tests using Guid(e3503cbca3a6645cb8298d5cecf03cec) Importer(Primary)  -> (artifact id: '23b3c008c703a2a16f7f71d6d62f4e7c') in 0.000267 seconds
Start importing Packages/com.unity.test-framework/UnityEngine.TestRunner using Guid(950890083f4907541a6ed06d70959e49) Importer(Primary)  -> (artifact id: '60da4a421428634cfe6c042594b1d86c') in 0.000270 seconds
Start importing Packages/com.unity.test-framework/UnityEditor.TestRunner using Guid(95cdf27b47eb82747ba9e51f41e72a35) Importer(Primary)  -> (artifact id: '2f5aee9d3bc56e95327cab8db5ecab46') in 0.000290 seconds
Start importing Packages/com.unity.collections/Unity.Collections using Guid(b5713c21e3bf34803880e60596ab7e69) Importer(Primary)  -> (artifact id: 'e1c8c7d357ccba69c5705a6bc9b8069f') in 0.000259 seconds
Start importing Packages/com.unity.burst/Editor using Guid(a6ca3ceb44ad3b13ad15d2de0caf14d0) Importer(Primary)  -> (artifact id: 'b942f0328b9f793d59e2a0e643807215') in 0.000246 seconds
Start importing Packages/com.unity.cloud.gltfast/Plugins using Guid(a7a1fc1b5178b48c4abaaf7a38eb9d7d) Importer(Primary)  -> (artifact id: '3c0eb2dec5c8dd0abe138aa59ada6adf') in 0.000255 seconds
Start importing Packages/com.unity.cloud.gltfast/Editor using Guid(69598450d552f5f44b191743ba3fae43) Importer(Primary)  -> (artifact id: '496ccc10734c95ffaa0fd11ac62d0bdb') in 0.000253 seconds
Start importing Packages/com.unity.collections/Unity.Collections.Tests.Playmode using Guid(1bc474d6c48563e48bf377774df23cb1) Importer(Primary)  -> (artifact id: 'd73e9bb4a31e69c5de555345e19de01a') in 0.000264 seconds
Start importing Packages/com.unity.collections/Unity.Collections.Tests using Guid(5c67b9b0b7cb745ff9944601a5b65149) Importer(Primary)  -> (artifact id: '4b4ca79199f2a0def643f9c80a24b301') in 0.000282 seconds
Start importing Packages/com.unity.collections/DocCodeSamples.Tests using Guid(ed2c1c145cb193d4d8987d3886bc12b4) Importer(Primary)  -> (artifact id: '2878c3e08f36ba92581071d4de7a513e') in 0.000248 seconds
Start importing Packages/com.unity.mathematics/Unity.Mathematics.Editor using Guid(ed3cf288b647446a1a4040049eb363d7) Importer(Primary)  -> (artifact id: 'f1561f8907401879eaf415dd84b94e21') in 0.000268 seconds
Start importing Packages/com.unity.cloud.gltfast/Runtime/Scripts using Guid(40f50162465af48b6b44b4a1ba5b6eae) Importer(Primary)  -> (artifact id: '24c3a51e4bde435a5cfcf8f89c3412ab') in 0.000258 seconds
Start importing Packages/com.unity.mathematics/Unity.Mathematics/Geometry using Guid(8179f9b7bb3904f5ba86140bea0a128b) Importer(Primary)  -> (artifact id: '69ed149fd00093e249bfe46126f597b3') in 0.000264 seconds
Start importing Packages/com.unity.ext.nunit/net35/unity-custom using Guid(2347243c7aa3e224f9282dc94e6fc3b2) Importer(Primary)  -> (artifact id: '050000ff965a84699823122914038d77') in 0.000270 seconds
Start importing Packages/com.unity.test-framework/UnityEditor.TestRunner/UnityTestProtocol using Guid(936c6340f3468444ebb1785b4c311126) Importer(Primary)  -> (artifact id: '5fc3d5d04c77949d7f96acfdd92d1823') in 0.000277 seconds
Start importing Packages/com.unity.mathematics/Unity.Mathematics/Properties using Guid(d3e017d9ad3f00a4c9e234b0236911b7) Importer(Primary)  -> (artifact id: '8fe5d88f954638ed2f18fff9ac770efb') in 0.000275 seconds
Start importing Packages/com.unity.mathematics/Tests/Properties using Guid(749a3b666b115be46b00490e7232fb1b) Importer(Primary)  -> (artifact id: '5f9f93933c49b813b1ae0413b9357649') in 0.000296 seconds
Start importing Packages/com.unity.test-framework/UnityEditor.TestRunner/CommandLineTest using Guid(b477d1f29b65a674e9d5cdab4eb72b01) Importer(Primary)  -> (artifact id: '70148c41f5436aefd26cf6385e7e92a5') in 0.000275 seconds
Start importing Packages/com.unity.burst/Runtime/Editor using Guid(c433e85ffb033bc99961d95aba84d010) Importer(Primary)  -> (artifact id: 'fff0816bef07e3bd6d19887ff756be7e') in 0.000318 seconds
Start importing Packages/com.unity.test-framework/UnityEditor.TestRunner/TestSettings using Guid(95b719082a664ea45bb56759eed1f271) Importer(Primary)  -> (artifact id: '70710b596dda4421d4c3c9e118cbf706') in 0.000277 seconds
Start importing Packages/com.unity.cloud.gltfast/Editor/Scripts using Guid(a5c3b59db843444be9a563ee216701ce) Importer(Primary)  -> (artifact id: 'ca93d1f499423325ab9a17db814b9977') in 0.000286 seconds
Start importing Packages/com.unity.burst/Runtime/CompilerServices using Guid(d549366794d73f618193482d7f40ae75) Importer(Primary)  -> (artifact id: '6f97d21a2b444fd107e5461563c4a123') in 0.000282 seconds
Start importing Packages/com.unity.test-framework/UnityEditor.TestRunner/CommandLineParser using Guid(7602252bdb82b8d45ae3483c3a00d3e1) Importer(Primary)  -> (artifact id: '6821ee92d44b76f03bfaf4ab7fc04589') in 0.000262 seconds
Start importing Packages/com.unity.test-framework/UnityEditor.TestRunner/TestLaunchers using Guid(d64d92e4f04a13e4b99ea8d48e9e8ae9) Importer(Primary)  -> (artifact id: '96a6cdd391b5aff7a5db4972e24c8c48') in 0.000279 seconds
Start importing Packages/com.unity.test-framework/UnityEditor.TestRunner/TestRun using Guid(8721cb2237d4a564a94a51f56243bdac) Importer(Primary)  -> (artifact id: 'd4e6a4eea4e6fab99e08e1dc7f44113c') in 0.000294 seconds
Start importing Packages/com.unity.cloud.gltfast/Runtime/Shader using Guid(29a8f534b47794a6baf8eb02b5765f68) Importer(Primary)  -> (artifact id: 'e1808e62150f632d0d59e610e5ffb12f') in 0.000273 seconds
Start importing Packages/com.unity.test-framework/UnityEditor.TestRunner/TestRunner using Guid(49d4c2ab7ff0f4442af256bad7c9d57c) Importer(Primary)  -> (artifact id: 'd3d726b98c35f42e61d99251384f8513') in 0.000270 seconds
Start importing Packages/com.unity.cloud.gltfast/Runtime/Prefabs using Guid(a985c7880449d44ba95d87ea7f9b29aa) Importer(Primary)  -> (artifact id: '9b11e34a80e410ee9ce83dba2693ef75') in 0.000251 seconds
Start importing Packages/com.unity.test-framework/UnityEngine.TestRunner/Assertions using Guid(1ad55f5ad04d1d045a1f287409c650dd) Importer(Primary)  -> (artifact id: '920986822e86fcb28702efc9ca243111') in 0.000287 seconds
Start importing Packages/com.unity.test-framework/UnityEditor.TestRunner/Api using Guid(fa423365b1ce06a4dbdc6fb4a8597bfa) Importer(Primary)  -> (artifact id: '3386c4e758a4a669c9fe103fe0c9d941') in 0.000300 seconds
Start importing Packages/com.unity.cloud.gltfast/Editor/UI using Guid(5b6f220a7d34a4d23adfcf372466fa46) Importer(Primary)  -> (artifact id: '794a9c0db9414df1593055edb903b2a7') in 0.000266 seconds
Start importing Packages/com.unity.mathematics/Unity.Mathematics/Noise using Guid(abc6c021d7cd541b3956a3969c8c3ccb) Importer(Primary)  -> (artifact id: '6edca00f6e600c86733f872c332389a4') in 0.000267 seconds
Start importing Packages/com.unity.test-framework/UnityEngine.TestRunner/Utils using Guid(bb32bccaf32a6db448d1c0cc99c78688) Importer(Primary)  -> (artifact id: '6c99f75b4f42852f0aaa32568b6a1424') in 0.000262 seconds
Start importing Packages/com.unity.mathematics/Tests/Tests using Guid(bccfda2dc5ad3b84eb3a644147ea0010) Importer(Primary)  -> (artifact id: 'fcf13856d06d8886f7c74d8f081ba3c7') in 0.000308 seconds
Start importing Packages/com.unity.test-framework/UnityEngine.TestRunner/TestRunner using Guid(1ddb9e1c877ea80479d1eab4ddaa5d0d) Importer(Primary)  -> (artifact id: 'd57a1f9a95716be68b7e2622b764ac51') in 0.000276 seconds
Start importing Packages/com.unity.test-framework/UnityEngine.TestRunner/NUnitExtensions using Guid(3e8d6af343b383544ba5743d119f4062) Importer(Primary)  -> (artifact id: '395d246e2abf11b6b541359f9e143245') in 0.000279 seconds
Start importing Packages/com.unity.test-framework/UnityEditor.TestRunner/GUI using Guid(7e609b27ad2caa14c83dd9951b6c13c6) Importer(Primary)  -> (artifact id: 'd3970562c8bb09f210132f7be3ad2909') in 0.000271 seconds
Start importing Packages/com.unity.test-framework/UnityEditor.TestRunner/NUnitExtension using Guid(3f9202a39620f51418046c7754f215f0) Importer(Primary)  -> (artifact id: 'f3f1922532bc5ad889f06d0acfc2b1af') in 0.000283 seconds
Start importing Packages/com.unity.burst/Runtime/Intrinsics using Guid(6fbd9c5e397237e28650cb957742c782) Importer(Primary)  -> (artifact id: 'a3b9e3a6c67c8f9a3e3be57a6aedae8b') in 0.000796 seconds
Start importing Packages/com.unity.test-framework/UnityEngine.TestRunner/Utils/AssemblyProvider using Guid(51557afa652635743b264a309f0a5c60) Importer(Primary)  -> (artifact id: '52c95c425c60c77f663e771e369c8bdf') in 0.000290 seconds
Start importing Packages/com.unity.test-framework/UnityEngine.TestRunner/TestRunner/Callbacks using Guid(61e236e8570a95e4eb754fb291e102e0) Importer(Primary)  -> (artifact id: 'c6201147e9316bec74cd0cc3cda36773') in 0.000286 seconds
Start importing Packages/com.unity.test-framework/UnityEngine.TestRunner/TestRunner/RemoteHelpers using Guid(91c20d2c22b8b3a4cb6c816bd225591a) Importer(Primary)  -> (artifact id: 'd706e01e62ec3b57dc58323a71ead050') in 0.000311 seconds
Start importing Packages/com.unity.test-framework/UnityEngine.TestRunner/Assertions/LogScope using Guid(b1d8465ba1376b148bdab58965101f47) Importer(Primary)  -> (artifact id: '48a7a35f5a289ccfc216c0411bda5f34') in 0.000264 seconds
Start importing Packages/com.unity.cloud.gltfast/Runtime/Shader/SubGraphs using Guid(8298184a0bccb4775bffc0864a0e40a8) Importer(Primary)  -> (artifact id: 'db90d673500ee384ca4bf82833061759') in 0.000354 seconds
Start importing Packages/com.unity.test-framework/UnityEngine.TestRunner/NUnitExtensions/Filters using Guid(c3de99f9efc582a48995bc8e8c2df418) Importer(Primary)  -> (artifact id: '2491f63f12e048855ab1cafca58ad2b6') in 0.000580 seconds
Start importing Packages/com.unity.burst/Runtime/Intrinsics/x86 using Guid(3413d06997203e50844bbf4eca32fce8) Importer(Primary)  -> (artifact id: '5e5d8350cae335a9fe8b152ba000704e') in 0.000333 seconds
Start importing Packages/com.unity.cloud.gltfast/Runtime/Scripts/DOTS using Guid(84791d3fa602b44d28c49792c1d626cd) Importer(Primary)  -> (artifact id: '047cbf52a409a91ce96f42758707e408') in 0.000298 seconds
Start importing Packages/com.unity.cloud.gltfast/Runtime/Shader/Export using Guid(a42eab874e7f04e7db008b7792193e78) Importer(Primary)  -> (artifact id: '6b4931677f4dacd1e1ac230d89e6a426') in 0.000281 seconds
Start importing Packages/com.unity.cloud.gltfast/Runtime/Scripts/Loading using Guid(b4b84858ae70b4efcb454a8e02db5f28) Importer(Primary)  -> (artifact id: '77d2c7b56682dc78ae29787e45dcfe99') in 0.000266 seconds
Start importing Packages/com.unity.cloud.gltfast/Runtime/Scripts/Logging using Guid(c4450c85414074abca1fa3d2ba289bb1) Importer(Primary)  -> (artifact id: '1d8b19569a847f6435ffd31960bf9c2e') in 0.000265 seconds
Start importing Packages/com.unity.test-framework/UnityEngine.TestRunner/TestRunner/Messages using Guid(256a0ca37fa972840bce7fca446e75e7) Importer(Primary)  -> (artifact id: 'c24399784d0f9d35cf1d4eaf74e1db8e') in 0.000263 seconds
Start importing Packages/com.unity.test-framework/UnityEditor.TestRunner/GUI/Views using Guid(c5535d742ea2e4941850b421f9c70a1f) Importer(Primary)  -> (artifact id: 'cbe320180aa4ce7ac5011f334eb68cb9') in 0.000267 seconds
Start importing Packages/com.unity.cloud.gltfast/Runtime/Shader/HDRP using Guid(26cba0d4e8d34974e97734c1b901b70b) Importer(Primary)  -> (artifact id: '4dbba7cea6e525b09cce6cca3758e330') in 0.000252 seconds
Start importing Packages/com.unity.test-framework/UnityEditor.TestRunner/NUnitExtension/Attributes using Guid(96c503bf059df984c86eecf572370347) Importer(Primary)  -> (artifact id: '304bb574ed68c38f65d1248390a896fd') in 0.000262 seconds
Start importing Packages/com.unity.cloud.gltfast/Runtime/Scripts/MaterialsVariants using Guid(a6f04553a2954d04ba95dce85a65d297) Importer(Primary)  -> (artifact id: 'b5b036b383fcb4803d32aaa84cfdcc30') in 0.000394 seconds
Start importing Packages/com.unity.test-framework/UnityEditor.TestRunner/GUI/TestListBuilder using Guid(07ea0326ed848fb4489187cb58f96113) Importer(Primary)  -> (artifact id: 'd395fd11c6141a789643961c4c04e0ba') in 0.000263 seconds
Start importing Packages/com.unity.test-framework/UnityEngine.TestRunner/NUnitExtensions/Runner using Guid(37888acc09d9ee848bf9559f06645c45) Importer(Primary)  -> (artifact id: '44b7b00f87beb7289732a0032ffac32f') in 0.000267 seconds
Start importing Packages/com.unity.burst/Runtime/Intrinsics/Arm using Guid(2893f6d998ac3104919ec7e11aa597cd) Importer(Primary)  -> (artifact id: '8bba6917277911448a9be4c8600c3d32') in 0.000282 seconds
Start importing Packages/com.unity.cloud.gltfast/Runtime/Shader/Built-In using Guid(38456a2b57852485fa3a807fceca610d) Importer(Primary)  -> (artifact id: 'fbb1be9d8cd2261208a7c91209e4fbff') in 0.000249 seconds
Start importing Packages/com.unity.test-framework/UnityEditor.TestRunner/GUI/TestListTreeView using Guid(68cb547af0187634aad591a09c01cd5b) Importer(Primary)  -> (artifact id: 'f4521b39799f1b9d85123336c139a8b3') in 0.000331 seconds
Start importing Packages/com.unity.cloud.gltfast/Runtime/Scripts/Export using Guid(59ebae2cdae594e61a848659876e2444) Importer(Primary)  -> (artifact id: '8979215a488d5557fe7877d491d860f6') in 0.000261 seconds
Start importing Packages/com.unity.test-framework/UnityEditor.TestRunner/Api/Analytics using Guid(891bb6b9f5094c36b59c3788e21c8213) Importer(Primary)  -> (artifact id: '690175ea05d7e6008e4605067dac0f1b') in 0.000271 seconds
Start importing Packages/com.unity.test-framework/UnityEditor.TestRunner/TestRunner/Messages using Guid(d9682e749d3efc642af54d789d9090a6) Importer(Primary)  -> (artifact id: '2c9f4c0d91a6abaffa4ffb908d48fd25') in 0.000289 seconds
Start importing Packages/com.unity.cloud.gltfast/Runtime/Scripts/Material using Guid(e90df689fb7db4df9984e785e4481a88) Importer(Primary)  -> (artifact id: '7190e435bc1c8118c41e9353fceed844') in 0.000266 seconds
Start importing Packages/com.unity.cloud.gltfast/Runtime/Scripts/Newtonsoft using Guid(1adc79681d8ae4202a0aa51fa68113d1) Importer(Primary)  -> (artifact id: 'aad97706c782142fd1ca1f459db999bd') in 0.000252 seconds
Start importing Packages/com.unity.test-framework/UnityEngine.TestRunner/NUnitExtensions/Commands using Guid(6b72875690e0f7343911e06af3145bd5) Importer(Primary)  -> (artifact id: 'c8bafcf9e0909da524a2cf801c7e25f7') in 0.000521 seconds
Start importing Packages/com.unity.test-framework/UnityEditor.TestRunner/TestLaunchers/PlatformSetup using Guid(ebc4d20cc106cea49b1df1153f0b3b5e) Importer(Primary)  -> (artifact id: 'e8489cf8fbbd40b3a6783ec2f55c2727') in 0.000268 seconds
Start importing Packages/com.unity.test-framework/UnityEngine.TestRunner/NUnitExtensions/Attributes using Guid(0cb14878543cf3d4f8472b15f7ecf0e3) Importer(Primary)  -> (artifact id: 'f0d796840f31acadccda8d73b3c80124') in 0.000278 seconds
Start importing Packages/com.unity.cloud.gltfast/Runtime/Shader/Includes using Guid(0c9697c5d0dc34bae95ecb7420ad10d3) Importer(Primary)  -> (artifact id: '2049b9bd49adf3d5e668bef176027dc5') in 0.000330 seconds
Start importing Packages/com.unity.mathematics/Tests/Tests/Shared using Guid(1d6d62c94d82bf748b95682fa88ef3b9) Importer(Primary)  -> (artifact id: '13f13cc9bef8758c52cc1f4a9db7110b') in 0.000254 seconds
Start importing Packages/com.unity.cloud.gltfast/Runtime/Scripts/ImportAddons using Guid(5d682dcb33fec455d8c59dcbbc002c23) Importer(Primary)  -> (artifact id: 'c6a34318720a4ee00dddcb084c1077ae') in 0.000271 seconds
Start importing Packages/com.unity.test-framework/UnityEditor.TestRunner/TestRunner/Callbacks using Guid(5d7f0d6acfced954682a89e7002c04d9) Importer(Primary)  -> (artifact id: 'c8fc9d38a4016752611a9dffbd6f2a8f') in 0.000270 seconds
Start importing Packages/com.unity.test-framework/UnityEditor.TestRunner/TestRun/Tasks using Guid(6dba53789da15814387fa5b1445e81e0) Importer(Primary)  -> (artifact id: 'ae4c52cf8d6bfb4874638f7311f1e96d') in 0.000278 seconds
Start importing Packages/com.unity.cloud.gltfast/Runtime/Shader/URP using Guid(befa3dcd29675664fb21078dce008500) Importer(Primary)  -> (artifact id: '28e392386d7887fcff9c2ed7376b5362') in 0.000480 seconds
Start importing Packages/com.unity.test-framework/UnityEngine.TestRunner/Utils/MonoBehaviourTest using Guid(ce8da628f68c7594b8b9a597fa52db7b) Importer(Primary)  -> (artifact id: '43a1287f7f5a33f996dc6eaa108177f1') in 0.000391 seconds
Start importing Packages/com.unity.test-framework/UnityEditor.TestRunner/TestRunner/Utils using Guid(1f5bbb88ca730434483440cbc0278ef6) Importer(Primary)  -> (artifact id: '8e8890e2be100d7e3d76e36d505c07d3') in 0.000267 seconds
Start importing Packages/com.unity.cloud.gltfast/Runtime/Scripts/Schema using Guid(ffda2751a985d437aa9535cccba413a2) Importer(Primary)  -> (artifact id: '0aedd563be48a08a39107027cbd51aa7') in 0.000285 seconds
Start importing Packages/com.unity.cloud.gltfast/Runtime/Scripts/Newtonsoft/Schema using Guid(f8acfb6db3f3c492ab195e730ba16ed7) Importer(Primary)  -> (artifact id: '57a09c23886cad1db08413afae89f563') in 0.000259 seconds
Start importing Packages/com.unity.cloud.gltfast/Runtime/Scripts/Schema/FakeSchema using Guid(6e048fb1006e548b68d3d5b84d2e4669) Importer(Primary)  -> (artifact id: '2f38d3e45a7369923362929869fc12ca') in 0.000268 seconds
Start importing Packages/com.unity.cloud.gltfast/Runtime/Shader/Built-In/glTFIncludes using Guid(3f62a875b6e4a436bbefc57db5b46197) Importer(Primary)  -> (artifact id: '703d9898a634176a21d11d211f262e3d') in 0.000385 seconds
Start importing Packages/com.unity.burst/Unity.Burst.CodeGen/Unity.Burst.Cecil.Pdb.dll using Guid(61f68ecf9182840f7a8c8f0a7cbbbc47) Importer(Primary)  -> (artifact id: '950ce7f0d74bd66aaf7db2f464442fb2') in 0.006178 seconds
Start importing Packages/com.unity.collections/Unity.Collections.LowLevel.ILSupport/Unity.Collections.LowLevel.ILSupport.dll using Guid(c1cfdf44d5b6d1e9aa671a48032fee86) Importer(Primary)  -> (artifact id: 'a32cdd9aaa22404728de1cf4f00ba2c2') in 0.002160 seconds
Start importing Packages/com.unity.ext.nunit/net35/unity-custom/nunit.framework.dll using Guid(f1605f5534186904fa2c4c42acbfe01e) Importer(Primary)  -> (artifact id: '669716ff54a2ebe3e2e0541593aaed97') in 0.002729 seconds
Start importing Packages/com.unity.burst/Unity.Burst.CodeGen/Unity.Burst.Cecil.Mdb.dll using Guid(74f442ba825df4d0483995eadabb1fd4) Importer(Primary)  -> (artifact id: '5465ea7f99b18070b370bd05a39d5602') in 0.002381 seconds
Start importing Packages/com.unity.burst/Unity.Burst.CodeGen/Unity.Burst.Cecil.dll using Guid(c494744dbcf1c45e0b4d7431ab1a16d9) Importer(Primary)  -> (artifact id: '18a8f59c2e4ae3eb8da5eadd9bfb00f8') in 0.002166 seconds
Start importing Packages/com.unity.burst/Unity.Burst.Unsafe.dll using Guid(9ac5be0090514aa8b35011788efe5757) Importer(Primary)  -> (artifact id: '48e475cdf5b58b4540221be5cf09f21e') in 0.002087 seconds
Start importing Packages/com.unity.burst/Unity.Burst.CodeGen/Unity.Burst.Cecil.Rocks.dll using Guid(fc89006ebb6404ae7b55bf130d290f91) Importer(Primary)  -> (artifact id: '5300b86ee6c7fce3eea91f4a492a974c') in 0.001997 seconds
Start importing Packages/com.unity.cloud.gltfast/Plugins/UnityCloudGltfast.xcprivacy using Guid(be44ec34bf0bd465eafeb36d836c9015) Importer(Primary)  -> (artifact id: '1d82f049141b3caeebafb79602f9db92') in 0.001655 seconds
Start importing Packages/com.unity.mathematics/Tests/Unity.Mathematics.Tests.asmdef using Guid(904d80dccad704a3f95e42bd0ad5d960) Importer(Primary)  -> (artifact id: '4947a8bc9cfbadc864e0c159e99643f5') in 0.001177 seconds
Start importing Packages/com.unity.collections/Unity.Collections/Unity.Collections.asmdef using Guid(e0cd26848372d4e5c891c569017e11f1) Importer(Primary)  -> (artifact id: 'f532b08db9efb92858bde3fb008055a0') in 0.001257 seconds
Start importing Packages/com.unity.collections/DocCodeSamples.Tests/DocCodeSamples.Tests.asmdef using Guid(d1fecb7e41996c7468b18df518b721d9) Importer(Primary)  -> (artifact id: '6b4309fcdcea54c79c0e9c309de069d6') in 0.001322 seconds
Start importing Packages/com.unity.mathematics/Unity.Mathematics.Editor/Unity.Mathematics.Editor.asmdef using Guid(329b4ccd385744985bf3f83cfd77dfe7) Importer(Primary)  -> (artifact id: '1a03673f7c470fcdad5e8d5903bc9caf') in 0.001416 seconds
Start importing Packages/com.unity.cloud.gltfast/Runtime/Scripts/glTFast.asmdef using Guid(a42927d1d4a3b4cda9b076a7adecb9cc) Importer(Primary)  -> (artifact id: 'c911c9034698727bcfcf1502d70d33ad') in 0.001209 seconds
Start importing Packages/com.unity.cloud.gltfast/Runtime/Scripts/Newtonsoft/glTFast.Newtonsoft.asmdef using Guid(25ace1f7ded6f48c0a8abf5ef590456e) Importer(Primary)  -> (artifact id: '2a0c5b04d5cdd13f4d51534528e4eb12') in 0.002086 seconds
Start importing Packages/com.unity.burst/Runtime/Unity.Burst.asmdef using Guid(2665a8d13d1b3f18800f46e256720795) Importer(Primary)  -> (artifact id: '5ae7ba62e05b1e7a2abb0cdcf38e6907') in 0.001197 seconds
Start importing Packages/com.unity.cloud.gltfast/Editor/Scripts/glTFast.Editor.asmdef using Guid(76676817d91ba4f44b4aa7df71867256) Importer(Primary)  -> (artifact id: 'a88137cca79638c1bd74cb45750e5b53') in 0.001174 seconds
Start importing Packages/com.unity.cloud.gltfast/Runtime/Scripts/DOTS/glTFast.dots.asmdef using Guid(d688d3cbc2c1041f68fa250ae633471b) Importer(Primary)  -> (artifact id: 'fba815c1ce65b7e9444411757ece91c8') in 0.001300 seconds
Start importing Packages/com.unity.test-framework/UnityEngine.TestRunner/UnityEngine.TestRunner.asmdef using Guid(27619889b8ba8c24980f49ee34dbb44a) Importer(Primary)  -> (artifact id: '6aa218d42644c43f9c0285c93b8a2355') in 0.001231 seconds
Start importing Packages/com.unity.burst/Editor/Unity.Burst.Editor.asmdef using Guid(b75d3cd3037d383a8d1e2f9a26d73d8a) Importer(Primary)  -> (artifact id: '91739a8d8f9ecd03f2a599f64252478d') in 0.001169 seconds
Start importing Packages/com.unity.mathematics/Unity.Mathematics/Unity.Mathematics.asmdef using Guid(d8b63aba1907145bea998dd612889d6b) Importer(Primary)  -> (artifact id: '5bd947cc5c34312a83110da356d63eae') in 0.001599 seconds
Start importing Packages/com.unity.test-framework/UnityEditor.TestRunner/UnityEditor.TestRunner.asmdef using Guid(0acc523941302664db1f4e527237feb3) Importer(Primary)  -> (artifact id: '315a0a0ebca98b2b50815450dc4457b5') in 0.001213 seconds
Start importing Packages/com.unity.collections/Unity.Collections.Tests/Unity.Collections.Tests.asmdef using Guid(ebbea1c70c20149eea64c53647a70872) Importer(Primary)  -> (artifact id: 'c2682d4931ce71426cf17d0891981a4a') in 0.001391 seconds
Start importing Packages/com.unity.burst/Unity.Burst.CodeGen/Unity.Burst.CodeGen.asmdef using Guid(9c6dda6c7922c624cb7ea9a7f1c7d54a) Importer(Primary)  -> (artifact id: 'b80941d9c79db59450927be386a14a65') in 0.001208 seconds
Start importing Packages/com.unity.collections/Unity.Collections.Tests.Playmode/Unity.Collections.Tests.Playmode.asmdef using Guid(5e96082520aa86a458e400b89afe93a4) Importer(Primary)  -> (artifact id: 'a5fc1f5f9973ff0d907ca89f0ce1a253') in 0.001157 seconds
Start importing Packages/com.unity.cloud.gltfast/Runtime/Scripts/Export/glTFast.Export.asmdef using Guid(5e7ba8d6d26c84943b64dd07bd1c9510) Importer(Primary)  -> (artifact id: '75b59c6e0b9f142df915c9f981297be0') in 0.001480 seconds
Start importing Packages/com.unity.collections/Unity.Collections.BurstCompatibilityGen/Unity.Collections.BurstCompatibilityGen.asmdef using Guid(4f5c0c83dfd6a0743834baba2b4de79e) Importer(Primary)  -> (artifact id: '453af9aedebfa8f048d71feecb258131') in 0.001204 seconds
Start importing Packages/com.unity.cloud.gltfast/DocExamples/glTFast.Documentation.Examples.asmdef using Guid(8f5c1be42eb774f4e8372825ac2e4d50) Importer(Primary)  -> (artifact id: '03cd3391fb6b7a1a857076e6285895b5') in 0.001427 seconds
Start importing Packages/com.unity.cloud.gltfast/Runtime/Scripts/Newtonsoft/Schema/glTFast.Newtonsoft.Schema.asmref using Guid(90c6fa51ee8d2422ea41431cc8740008) Importer(Primary)  -> (artifact id: '73d9ef89ae90967f7c8c214bd2f13769') in 0.001247 seconds
Start importing Packages/com.unity.cloud.gltfast/Runtime/Scripts/Schema/glTFast.Schema.asmref using Guid(725183ec9f23d44038632c926fd92512) Importer(Primary)  -> (artifact id: '4df44e2d9ba2775e54d42a73a8b06b39') in 0.001191 seconds
Start importing Packages/com.unity.cloud.gltfast/Runtime/Scripts/Loading/glTFast.Loading.asmref using Guid(c59dc20df2b5b4252b971468cf766cec) Importer(Primary)  -> (artifact id: '5b7a0a68aca64f03f99bc12c979ac29e') in 0.001707 seconds
Start importing Packages/com.unity.burst/Runtime/Editor/Unity.Burst.ForEditor.asmref using Guid(268a64be2367b3248a24f317d458861a) Importer(Primary)  -> (artifact id: 'bd99ef293b118afcf9512d3361b5ed55') in 0.001390 seconds
Start importing Packages/com.unity.cloud.gltfast/Runtime/Scripts/Material/glTFast.Material.asmref using Guid(f695d81b6b47d4969b6343e0b1c11df9) Importer(Primary)  -> (artifact id: '66aefaaf0fc644d670a8204cc48ed7a4') in 0.001195 seconds
Start importing Packages/com.unity.cloud.gltfast/Runtime/Scripts/Schema/FakeSchema/glTFast.FakeSchema.asmref using Guid(d7dc650b4e7b345c69a42cb7f48d746d) Importer(Primary)  -> (artifact id: '543e5a7e73aeb6db57697b1f86a5b552') in 0.001539 seconds
Start importing Packages/com.unity.cloud.gltfast/Runtime/Scripts/ImportAddons/glTFast.ImportAddons.asmref using Guid(ec779b518e41d401aae8acfebf59cd40) Importer(Primary)  -> (artifact id: 'e004d2a59cca895faf9975f024310910') in 0.001093 seconds
Start importing Packages/com.unity.cloud.gltfast/Runtime/Scripts/Logging/glTFast.Logging.asmref using Guid(4ea1f6c601ae94da49ff11d464a2c0d6) Importer(Primary)  -> (artifact id: '8d1fed0c8f1b367383cfef79067d3a2c') in 0.001095 seconds
Start importing Packages/com.unity.burst/Runtime/Intrinsics/x86/Common.cs using Guid(000378914c63384c8062cbad18605802) Importer(Primary)  -> (artifact id: 'd12e61568563b2837a47f4dae550ff70') in 0.001239 seconds
Start importing Packages/com.unity.cloud.gltfast/Runtime/Scripts/Schema/FakeSchema/MeshPrimitive.cs using Guid(00472b2144fe64d769c3626c4cb7a7ec) Importer(Primary)  -> (artifact id: '409011ae663da841ad52e61ed6edcf31') in 0.001481 seconds
Start importing Packages/com.unity.mathematics/Tests/Tests/Shared/TestDouble4x4.gen.cs using Guid(1021c7218a1b3894ba0a61ae37e36a8c) Importer(Primary)  -> (artifact id: '5e577e91829e05f5273aaf5c360778d6') in 0.001074 seconds
Start importing Packages/com.unity.mathematics/Tests/Tests/Shared/TestUint2x2.gen.cs using Guid(103b5058df216b7488fb5bf96d18666e) Importer(Primary)  -> (artifact id: 'bc52853e9342ee09ff706b795026ea6c') in 0.001193 seconds
Start importing Packages/com.unity.test-framework/UnityEngine.TestRunner/TestRunner/PlaymodeTestsController.cs using Guid(102e512f651ee834f951a2516c1ea3b8) Importer(Primary)  -> (artifact id: 'ad266c2e53aed3daf8fa36a5397e42a7') in 0.001333 seconds
Start importing Packages/com.unity.test-framework/UnityEditor.TestRunner/UnityTestProtocol/TestRunnerApiMapper.cs using Guid(2011a59d3f76b3d4a85cb53f945fceee) Importer(Primary)  -> (artifact id: '8b98686ad09bb7ba42c06675ac20c710') in 0.001314 seconds
Start importing Packages/com.unity.test-framework/UnityEngine.TestRunner/TestRunner/Callbacks/RemoteTestResultSender.cs using Guid(20793418366caf14293b29c55df5e9ec) Importer(Primary)  -> (artifact id: 'e01f82312df959adab7b90f74f697129') in 0.001637 seconds
Start importing Packages/com.unity.test-framework/UnityEditor.TestRunner/TestRunner/Utils/EditorAssemblyWrapper.cs using Guid(20cdb37e6fea6d946bbb84d2c923db85) Importer(Primary)  -> (artifact id: '0aea8b4763a595a91a4912e01da408c5') in 0.001128 seconds
Start importing Packages/com.unity.test-framework/UnityEditor.TestRunner/GUI/IAssetsDatabaseHelper.cs using Guid(208e46d59ff6e304db0318377d20f5a1) Importer(Primary)  -> (artifact id: '715c7d2857c99b8205c9530f177675a0') in 0.001205 seconds
Start importing Packages/com.unity.cloud.gltfast/Runtime/Scripts/Export/IGltfWritable.cs using Guid(3023c5f428f814fa882cdf62151c871e) Importer(Primary)  -> (artifact id: 'af9039769cfbdb0201c14e782508a083') in 0.001107 seconds
Start importing Packages/com.unity.cloud.gltfast/Runtime/Scripts/Export/GltfBuiltInShaderMaterialExporter.cs using Guid(30e694814871f44c2b0ae4330e438a97) Importer(Primary)  -> (artifact id: '65640189b6716e5d808b885a5088b46f') in 0.001228 seconds
Start importing Packages/com.unity.mathematics/Unity.Mathematics.Editor/MatrixDrawer.cs using Guid(407410bec194a4cfe929933685bb80a7) Importer(Primary)  -> (artifact id: 'ff64b44b385f5d224d276f7d5a01c17d') in 0.001862 seconds
Start importing Packages/com.unity.test-framework/UnityEditor.TestRunner/TestRunner/Messages/ExitPlayMode.cs using Guid(408674d91d506a54aac9a7f07951c018) Importer(Primary)  -> (artifact id: 'b7e383f1c1de7819c1bd11c072080c89') in 0.001383 seconds
Start importing Packages/com.unity.collections/Unity.Collections.Tests/NativeHashSetTests.gen.cs using Guid(400ea57eaa639b547a8553b7678f167a) Importer(Primary)  -> (artifact id: '07405b5a2041b77962d99906bffb72ac') in 0.001141 seconds
Start importing Packages/com.unity.cloud.gltfast/Runtime/Scripts/Schema/Accessor.cs using Guid(506d97faec79b45fa8ac3bdcf14a6e9c) Importer(Primary)  -> (artifact id: 'd921c7ada593af0637c2dbdef4944b2e') in 0.001357 seconds
Start importing Packages/com.unity.cloud.gltfast/Runtime/Scripts/ImportAddons/ImportAddon.cs using Guid(60192bafea80147da90573965b25b57a) Importer(Primary)  -> (artifact id: 'f20cae5b74d0752221d5c146c4f674d0') in 0.001198 seconds
Start importing Packages/com.unity.cloud.gltfast/Runtime/Scripts/Newtonsoft/Schema/AccessorSparseIndices.cs using Guid(606b35948c24d483ebd384027ba72596) Importer(Primary)  -> (artifact id: 'a719ee617de9860e1acea1b9eb861503') in 0.001110 seconds
Start importing Packages/com.unity.test-framework/UnityEngine.TestRunner/NUnitExtensions/Attributes/UnityTearDownAttribute.cs using Guid(600f4b74746dbf944901257f81a8af6d) Importer(Primary)  -> (artifact id: 'a05e53cc7abe34693fa9d2de7f949a84') in 0.001212 seconds
Start importing Packages/com.unity.mathematics/Unity.Mathematics/float2x4.gen.cs using Guid(70c2d51ac2a824bdb88b239c4fa6122c) Importer(Primary)  -> (artifact id: 'cbb74af258f4f3926ff6601ad89a8201') in 0.001088 seconds
Start importing Packages/com.unity.test-framework/UnityEditor.TestRunner/TestRunner/Utils/ITestListCacheData.cs using Guid(7043e9a330ac2d84a80a965ada4589ad) Importer(Primary)  -> (artifact id: 'c9cb93cdcffc51364aadab6de654f60d') in 0.001231 seconds
Start importing Packages/com.unity.cloud.gltfast/Runtime/Scripts/VertexBufferGeneratorBase.cs using Guid(70f60c91be5174d3b947fac977de43ac) Importer(Primary)  -> (artifact id: '61d8290dd2f549a35b71b4b0b1090b67') in 0.001315 seconds
Start importing Packages/com.unity.cloud.gltfast/Runtime/Scripts/Schema/MaterialSpecular.cs using Guid(703b3e092576b4966bde5beebac9521b) Importer(Primary)  -> (artifact id: '8432401c832a11410f6aa61c64f0acc0') in 0.001053 seconds
Start importing Packages/com.unity.test-framework/UnityEditor.TestRunner/GUI/UITestRunnerFilter.cs using Guid(8069e1fc631e461ababf11f19a9c0df3) Importer(Primary)  -> (artifact id: '819ab48db4209c6842640b9fbb8436b4') in 0.001613 seconds
Start importing Packages/com.unity.test-framework/UnityEditor.TestRunner/Api/ITestAdaptorFactory.cs using Guid(803abab0f7e17044db56f8760186dbd1) Importer(Primary)  -> (artifact id: '11f2bab03c06a87b0b4a4f76daa59760') in 0.001076 seconds
Start importing Packages/com.unity.collections/Unity.Collections/xxHash3.AVX2.cs using Guid(80ca4f6f8df346a7b0719fe317b538ac) Importer(Primary)  -> (artifact id: '2333bdb2118f34d0c85d701dfb514f65') in 0.001265 seconds
Start importing Packages/com.unity.test-framework/UnityEditor.TestRunner/TestRun/TestJobData.cs using Guid(80ac8f5b2a7fa904dbc80111be88c8be) Importer(Primary)  -> (artifact id: 'b30072c80bd4235bd4ceae606a439db4') in 0.001171 seconds
Start importing Packages/com.unity.test-framework/UnityEditor.TestRunner/UnityTestProtocol/IUtpLogger.cs using Guid(9014630255533ed42915965b4065cde8) Importer(Primary)  -> (artifact id: '51521673e0bc12ba971aa5d4affc5f6c') in 0.001369 seconds
Start importing Packages/com.unity.mathematics/Unity.Mathematics/int4.gen.cs using Guid(9057960b12f46654798f69c411172f73) Importer(Primary)  -> (artifact id: '0881276d39878a3dc0a85fe8a6c749d5') in 0.001001 seconds
Start importing Packages/com.unity.test-framework/UnityEditor.TestRunner/UnityTestProtocol/UnityTestProtocolListener.cs using Guid(900aac3710bc14542a8d164e3f0ff820) Importer(Primary)  -> (artifact id: 'fc387c5f791e1ab684b45bc91f79b592') in 0.001403 seconds
Start importing Packages/com.unity.test-framework/UnityEditor.TestRunner/TestRunner/EnumeratorStepHelper.cs using Guid(901b761c5c1e22d4e8a3ba7d95bc1f5d) Importer(Primary)  -> (artifact id: '4bd404f5142688735f443e28f80c2a90') in 0.001657 seconds
Start importing Packages/com.unity.test-framework/UnityEngine.TestRunner/Utils/MonoBehaviourTest/IMonoBehaviourTest.cs using Guid(a002d3737b873954395b7cf862873ab8) Importer(Primary)  -> (artifact id: '9892d08965afc7a04a8094cf4aef8c3f') in 0.001067 seconds
Start importing Packages/com.unity.test-framework/UnityEngine.TestRunner/TestRunner/RuntimeTestRunnerFilter.cs using Guid(a025ba7ee40d0104db8d08b1d9eabb0d) Importer(Primary)  -> (artifact id: 'c7e4001d5bbf564169f9b22b5eb4657e') in 0.001056 seconds
Start importing Packages/com.unity.burst/Runtime/Intrinsics/Arm/NEON_AArch64.cs using Guid(a097ced0beed3e04abd3fa933657e0c3) Importer(Primary)  -> (artifact id: '1a565faed70816a9c64a6108c6129635') in 0.001653 seconds
Start importing Packages/com.unity.test-framework/UnityEditor.TestRunner/TestRun/Tasks/BuildTestTreeTask.cs using Guid(a0288e1c9324e824bab7e2044a72a434) Importer(Primary)  -> (artifact id: 'f031e388531dfbada6255e7ec4194521') in 0.001192 seconds
Start importing Packages/com.unity.cloud.gltfast/Runtime/Scripts/Newtonsoft/Schema/NodeExtensions.cs using Guid(a038ede9ef47744828e7f326d9a1dead) Importer(Primary)  -> (artifact id: '0c2a96b07ddf998ba9ff3a74641f964a') in 0.001321 seconds
Start importing Packages/com.unity.mathematics/Tests/Tests/Shared/TestBool2x3.gen.cs using Guid(a058a163908539c4d9aa34e925e16c84) Importer(Primary)  -> (artifact id: '931bd31e682d0225ccd52fdc46389c62') in 0.001292 seconds
Start importing Packages/com.unity.test-framework/UnityEditor.TestRunner/GUI/TestRunnerResult.cs using Guid(a04a45bbed9e1714f9902fc9443669b9) Importer(Primary)  -> (artifact id: '7a1e72711d7b2c0ec132cfc6747605f9') in 0.001982 seconds
Start importing Packages/com.unity.mathematics/Unity.Mathematics/Noise/noise4D.cs using Guid(b0d0317cc486b452580ad028220b03bf) Importer(Primary)  -> (artifact id: 'bf49ff09766255511d549721d8ddc454') in 0.001175 seconds
Start importing Packages/com.unity.mathematics/Tests/Tests/TestMath2.cs using Guid(b0783b280ba38504faba05db473c408b) Importer(Primary)  -> (artifact id: 'fa2e9e913b0481953f7d011365ea040c') in 0.001903 seconds
Start importing Packages/com.unity.collections/Unity.Collections/NativeNotBurstCompatible.cs using Guid(b029fb97ffda0ec4aaa9d76de93a0608) Importer(Primary)  -> (artifact id: '00bc56e8da8fa1bf68924c9868b6a3ba') in 0.001363 seconds
Start importing Packages/com.unity.cloud.gltfast/Runtime/Scripts/Schema/Scene.cs using Guid(b0bdde4ff07164139bff05c561321ac2) Importer(Primary)  -> (artifact id: '59ec3c07f1107c5b21bdba738620218b') in 0.001078 seconds
Start importing Packages/com.unity.burst/Runtime/BurstCompileAttribute.cs using Guid(c0bbf37c91f333828d3f05b922bc839d) Importer(Primary)  -> (artifact id: '270beae7e6d4a671232a84860fc6dad7') in 0.001992 seconds
Start importing Packages/com.unity.burst/Runtime/FunctionPointer.cs using Guid(d0f0ce9b0e7739228810ce3bc2330437) Importer(Primary)  -> (artifact id: '551ea40abc1c76303134c39bae2c3a4d') in 0.001159 seconds
Start importing Packages/com.unity.test-framework/UnityEditor.TestRunner/Api/TestResultAdaptor.cs using Guid(d061ada5d3169454daf54243390b5fdb) Importer(Primary)  -> (artifact id: 'e9ed35749fd26024aeabfcbe28ab9314') in 0.001343 seconds
Start importing Packages/com.unity.test-framework/UnityEditor.TestRunner/GUI/GuiHelper.cs using Guid(d0138170d24533e47b8e6c250c6d7fbc) Importer(Primary)  -> (artifact id: '09b7546bfe6f34a9a209e12cd643362c') in 0.001079 seconds
Start importing Packages/com.unity.test-framework/UnityEditor.TestRunner/Api/TestAdaptorFactory.cs using Guid(d0663d520c26b7c48a4135599e66acf8) Importer(Primary)  -> (artifact id: '0a6f810344278942e742e438d7ebe4f1') in 0.001185 seconds
Start importing Packages/com.unity.test-framework/UnityEngine.TestRunner/Assertions/AllocatingGCMemoryConstraint.cs using Guid(d09858396dd7adb4bbdb22ea0c8c3a37) Importer(Primary)  -> (artifact id: 'bc00ed7f9b773ba9a386850002e03cb1') in 0.001110 seconds
Start importing Packages/com.unity.cloud.gltfast/Runtime/Scripts/Export/NonReadableMeshData.cs using Guid(d069bccc929e4e9db8f89f1775102de8) Importer(Primary)  -> (artifact id: '494db342518d8d7cdb03f3ac9c2c0e36') in 0.001780 seconds
Start importing Packages/com.unity.cloud.gltfast/Runtime/Scripts/MeshSubset.cs using Guid(d00a3798162c4232899f1d0f53e6f366) Importer(Primary)  -> (artifact id: '28949e85eba1e03dd9b25320ad70e691') in 0.001324 seconds
Start importing Packages/com.unity.test-framework/UnityEditor.TestRunner/UnityTestProtocol/UtpDebuglogger.cs using Guid(d0abdd8cb6b29a24c8ee19626ef741b9) Importer(Primary)  -> (artifact id: '2e50b5b55c9317c72a1408c1bdcd7ae4') in 0.001060 seconds
Start importing Packages/com.unity.mathematics/Unity.Mathematics/double4x4.gen.cs using Guid(e000b5ccaea0345d8b4686220f3307ed) Importer(Primary)  -> (artifact id: '967c39ce82bc85ad98123b7dc4830d3b') in 0.001109 seconds
Start importing Packages/com.unity.cloud.gltfast/Runtime/Scripts/Newtonsoft/Schema/GltfAnimation.cs using Guid(e0f5548c8c67d4d43a43602cdad44bbe) Importer(Primary)  -> (artifact id: '18a2268fc0ae822dc8a2a031a54b0ff5') in 0.001512 seconds
Start importing Packages/com.unity.cloud.gltfast/Runtime/Scripts/ImageFormatDetection.cs using Guid(e07adbd466fd2475aa432ccd167a9919) Importer(Primary)  -> (artifact id: '10279bc0e84b8998ca0f4f6335ce0e77') in 0.001103 seconds
Start importing Packages/com.unity.test-framework/UnityEngine.TestRunner/NUnitExtensions/Commands/SetUpTearDownCommand.cs using Guid(e0db3f3921670cd4ca2e925737c3fba4) Importer(Primary)  -> (artifact id: 'b11539e895efc7b4ba1d369afc97d0d1') in 0.001221 seconds
Start importing Packages/com.unity.mathematics/Unity.Mathematics/Geometry/MinMaxAABB.cs using Guid(e0eb9224bcb474ac091e7d7f2780d61d) Importer(Primary)  -> (artifact id: '2cc1c5801f913a9535056e58efbb6f49') in 0.001265 seconds
Start importing Packages/com.unity.burst/Unity.Burst.CodeGen/CecilExtensions.cs using Guid(f0f1d1ee0d88384188ad6cdcffc5e9d8) Importer(Primary)  -> (artifact id: 'e08d0fcdb4dd83517a3a05cf1463ea44') in 0.001390 seconds
Start importing Packages/com.unity.cloud.gltfast/Runtime/Scripts/MaterialsVariants/MaterialsVariantsSlotInstances.cs using Guid(f06acd2926d54cfe8dd39f82cc6d403a) Importer(Primary)  -> (artifact id: '670da331d5d4e67064e0eb169262cb98') in 0.001228 seconds
Start importing Packages/com.unity.collections/Unity.Collections.Tests/UnsafeStreamTests.cs using Guid(f07b7acbd86c449cbe60089bd4f5a245) Importer(Primary)  -> (artifact id: '65ac4b5b0dc4ea69a9215422561ca149') in 0.001737 seconds
Start importing Packages/com.unity.burst/Runtime/Intrinsics/x86/Sse2.cs using Guid(f0de54c00de3304699fdf0bedf123944) Importer(Primary)  -> (artifact id: 'f7e5552bba673bd163bc5b73971453e6') in 0.001324 seconds
Start importing Packages/com.unity.test-framework/UnityEngine.TestRunner/NUnitExtensions/Filters/FullNameFilter.cs using Guid(f07fb40f4e944ebeb84eb8f8a6bb5b13) Importer(Primary)  -> (artifact id: 'b19eb0e9a871236fa2c286963a6acd72') in 0.001125 seconds
Start importing Packages/com.unity.cloud.gltfast/Runtime/Scripts/GltfGlobals.cs using Guid(0123911964fe5450198d7ea7a89cf710) Importer(Primary)  -> (artifact id: '2a68610b03f3bf0ef10fffa916164fdf') in 0.001225 seconds
Start importing Packages/com.unity.cloud.gltfast/Runtime/Scripts/short3.cs using Guid(1180b2b47703400c811e91f629dddfdf) Importer(Primary)  -> (artifact id: '7132943fdf917f9ff118e4c12758780e') in 0.001455 seconds
Start importing Packages/com.unity.cloud.gltfast/DocExamples/WebpTextureAddon.cs using Guid(11436a5eff90a40d0ade007fef446742) Importer(Primary)  -> (artifact id: '006af74db836c45c4300a96ffcd3a447') in 0.002083 seconds
Start importing Packages/com.unity.test-framework/UnityEngine.TestRunner/NUnitExtensions/Runner/CompositeWorkItem.cs using Guid(110d5035a36a6a34580fb65bb40cd78f) Importer(Primary)  -> (artifact id: 'b821f9ef546faa5df2ffbb9de96fe53b') in 0.001138 seconds
Start importing Packages/com.unity.cloud.gltfast/Runtime/Scripts/MaterialsVariants/IMaterialsVariantsSlotInstance.cs using Guid(119d662d0bf54ab2a3c2579b111ae03e) Importer(Primary)  -> (artifact id: '139d5b1a53bd09a64bf02bbd40218b1d') in 0.001073 seconds
Start importing Packages/com.unity.cloud.gltfast/Runtime/Scripts/IGltfBuffers.cs using Guid(2127d6f76b2ef49cfafdc56c2e461d00) Importer(Primary)  -> (artifact id: 'c061ffbca28991229d2fdb88a9d2c99d') in 0.001047 seconds
Start importing Packages/com.unity.mathematics/Unity.Mathematics/bool3x2.gen.cs using Guid(21b83123b388e4dcb80da9576a60ebd2) Importer(Primary)  -> (artifact id: '468c3232a5a4964dffa2f6ad8a1e9d4c') in 0.001185 seconds
Start importing Packages/com.unity.cloud.gltfast/DocExamples/AssemblyInfo.cs using Guid(21f888a80e8fb4054b3b6f9366cec295) Importer(Primary)  -> (artifact id: '462b942a8a4a58ed6aa109d4e05fbaad') in 0.001192 seconds
Start importing Packages/com.unity.mathematics/Unity.Mathematics/int3x3.gen.cs using Guid(217c0fb9c97594ff38dc97fdce4fc117) Importer(Primary)  -> (artifact id: 'fbd34ec7a6ff003b790acbacdf3e5af7') in 0.001181 seconds
Start importing Packages/com.unity.cloud.gltfast/Runtime/Scripts/ImageImport.cs using Guid(213d06a8844b84e43a4678ca03d2ab2c) Importer(Primary)  -> (artifact id: 'dec9c8a031d9576af5630400ff39ffb7') in 0.001040 seconds
Start importing Packages/com.unity.burst/Runtime/CompilerServices/Loop.cs using Guid(31e17c7531d63dcfa71f892d658bc44c) Importer(Primary)  -> (artifact id: '3ea6f557aee1c05b9a6e59e5a2a23aa1') in 0.001283 seconds
Start importing Packages/com.unity.cloud.gltfast/Runtime/Scripts/Export/MetaMaterialExportBuiltIn.cs using Guid(312797c5e915b49378d46e3b89b975a1) Importer(Primary)  -> (artifact id: 'a643c096dca47dfe431f7ab212c0430a') in 0.001182 seconds
Start importing Packages/com.unity.test-framework/UnityEngine.TestRunner/TestRunner/RemoteHelpers/PlayerConnectionMessageIds.cs using Guid(41d60936b62cc6d4ca7fe628b22b0e40) Importer(Primary)  -> (artifact id: 'cb506d045ee08986b7642550859008f8') in 0.001149 seconds
Start importing Packages/com.unity.cloud.gltfast/Runtime/Scripts/Logging/LogMessages.cs using Guid(4127c6088fc404bbfa293fd6116629df) Importer(Primary)  -> (artifact id: 'cbba4c8e263cafca0a1b2cef01fa3ff9') in 0.001125 seconds
Start importing Packages/com.unity.mathematics/Unity.Mathematics/double3x4.gen.cs using Guid(419ac95b4026548c39e12d2aa34922d6) Importer(Primary)  -> (artifact id: '36e8af26553fe5a7f60fa2f437bc5d20') in 0.001041 seconds
Start importing Packages/com.unity.collections/Unity.Collections/NativeArrayExtensions.cs using Guid(41cc650015014737ae58d20e77323080) Importer(Primary)  -> (artifact id: '19821db569dc9983c02c656e6ea1df88') in 0.001079 seconds
Start importing Packages/com.unity.cloud.gltfast/Runtime/Scripts/Export/GltfMaterialExporter.cs using Guid(41cd6c28a0b7473a8c4a8705f5c792f4) Importer(Primary)  -> (artifact id: '4268b78895fe19cdeffb1004b4dd13d9') in 0.001560 seconds
Start importing Packages/com.unity.cloud.gltfast/Runtime/Scripts/ReadOnlyDisposableData.cs using Guid(51b856365a70451faedc9b1c0d4a38a4) Importer(Primary)  -> (artifact id: '83862c5711b34d8ea52a5f638d5f60bf') in 0.001519 seconds
Start importing Packages/com.unity.cloud.gltfast/Runtime/Scripts/Schema/GltfAnimation.cs using Guid(512cfa0fbdd41466b9f5af5c69fbdbab) Importer(Primary)  -> (artifact id: 'c4a11939fcad7b951cd97bd390ff026b') in 0.001064 seconds
Start importing Packages/com.unity.mathematics/Unity.Mathematics/Properties/AssemblyInfo.cs using Guid(512db12834bb1f645a5c18af6c16e398) Importer(Primary)  -> (artifact id: 'a915134efd9930c2390790a19832669e') in 0.000931 seconds
Start importing Packages/com.unity.cloud.gltfast/Runtime/Scripts/UvTransform.cs using Guid(510ed86a32ba54bd686670620424afbc) Importer(Primary)  -> (artifact id: '11ffb6659302f0bb43a86eb2397b666b') in 0.001255 seconds
Start importing Packages/com.unity.test-framework/UnityEditor.TestRunner/TestRun/TestJobDataHolder.cs using Guid(612b00d793cac3c49808ab3ee5428f16) Importer(Primary)  -> (artifact id: 'c52dacfcb74bdba86fa80515e12778e2') in 0.001123 seconds
Start importing Packages/com.unity.mathematics/Unity.Mathematics/PropertyAttributes.cs using Guid(61cbbdd02bb00406b94029228cb3b73b) Importer(Primary)  -> (artifact id: '7ffe7fdb85c5fc3704c0548f5149d5f2') in 0.001141 seconds
Start importing Packages/com.unity.mathematics/Tests/Tests/Shared/TestDouble3.gen.cs using Guid(617e00812628df941a5b85ca46e4ca9d) Importer(Primary)  -> (artifact id: '70e2abba309debdbab89d956ec378b3e') in 0.001144 seconds
Start importing Packages/com.unity.cloud.gltfast/Runtime/Scripts/Schema/MaterialSheen.cs using Guid(71b4ca25993964299bfded0d03b462a0) Importer(Primary)  -> (artifact id: '0e8526a6ae0f751054dce26c367084e3') in 0.001143 seconds
Start importing Packages/com.unity.collections/Unity.Collections.Tests/UnsafeBitArrayTests.cs using Guid(71e8c199da900544d92b3155f4165bba) Importer(Primary)  -> (artifact id: 'd3ab9a6fe651993caf626c1dbdb37a37') in 0.001545 seconds
Start importing Packages/com.unity.cloud.gltfast/Editor/Scripts/GltfImporter.cs using Guid(715df9372183c47e389bb6e19fbc3b52) Importer(Primary)  -> (artifact id: '029c3f96de8d35d5438a144486434d70') in 0.001133 seconds
Start importing Packages/com.unity.collections/Unity.Collections/FixedStringUtils.cs using Guid(8172d9c91a2b64bca91bb78a3a3d4552) Importer(Primary)  -> (artifact id: '92c219a1a2c7ee80d58b1aca807e94f9') in 0.001445 seconds
Start importing Packages/com.unity.cloud.gltfast/Runtime/Scripts/SamplerKey.cs using Guid(81a4096ec93ed3346b0ab71bc8359274) Importer(Primary)  -> (artifact id: '28e24e3b6e2eb77cd139d653e42c00c1') in 0.001769 seconds
Start importing Packages/com.unity.mathematics/Unity.Mathematics/uint4x3.gen.cs using Guid(8178bb4bab5354260979dd1f191c22ca) Importer(Primary)  -> (artifact id: '9c4b87201e9555c37ae5c28d4fc177af') in 0.001655 seconds
Start importing Packages/com.unity.cloud.gltfast/Runtime/Scripts/Newtonsoft/Schema/CameraOrthographic.cs using Guid(817c437dba0a640a18827237fb05cade) Importer(Primary)  -> (artifact id: '9c5e0bc01729204c56176d88ed2db328') in 0.001232 seconds
Start importing Packages/com.unity.test-framework/UnityEngine.TestRunner/NUnitExtensions/Filters/AssemblyNameFilter.cs using Guid(91319408591cec1478efd3c62f9f418a) Importer(Primary)  -> (artifact id: '8b505c5a5fcc66d17226dae41e78fcb9') in 0.001345 seconds
Start importing Packages/com.unity.burst/Unity.Burst.CodeGen/AssemblyResolver.cs using Guid(a1b75159fe183205bba1d83e5e75a734) Importer(Primary)  -> (artifact id: 'cf125870f0d4eeea0d2f8f844ee5812b') in 0.001203 seconds
Start importing Packages/com.unity.collections/Unity.Collections/UnsafeBitArray.cs using Guid(a1b7be6af453f88438d32c371f28015c) Importer(Primary)  -> (artifact id: 'fa5606f622f15a8b284bb9b38fa3847d') in 0.001023 seconds
Start importing Packages/com.unity.test-framework/UnityEngine.TestRunner/TestRunner/RemoteHelpers/RemoteTestData.cs using Guid(b135ec222fdcd11468014c90d11d6821) Importer(Primary)  -> (artifact id: '7571e62aa4cecb832bdb6cae8043c9e9') in 0.001159 seconds
Start importing Packages/com.unity.cloud.gltfast/Runtime/Scripts/NativeMemoryManager.cs using Guid(b16b07f680734936ba669c09128d2ed7) Importer(Primary)  -> (artifact id: '89e7fe4781fffcc62611dd88c02f3d46') in 0.001085 seconds
Start importing Packages/com.unity.cloud.gltfast/Runtime/Scripts/Export/KhrLightsPunctual.cs using Guid(c1405713c9cd041e6be13032123a6b21) Importer(Primary)  -> (artifact id: 'cd4faa298e449b6dc1cdd22487508915') in 0.001068 seconds
Start importing Packages/com.unity.test-framework/UnityEditor.TestRunner/TestLaunchers/PlatformSetup/HMIAndroidPlatformSetup.cs using Guid(c1f5dc6517504b8ebef53634729359c6) Importer(Primary)  -> (artifact id: '22bac6f3ebd927e5fb4e7f146dcd6076') in 0.001162 seconds
Start importing Packages/com.unity.mathematics/Unity.Mathematics/uint3x3.gen.cs using Guid(c1262616ca00349c28426545d8525266) Importer(Primary)  -> (artifact id: 'bdbec89153e7774dce1441ed555adaf3') in 0.001893 seconds
Start importing Packages/com.unity.test-framework/UnityEditor.TestRunner/TestLaunchers/PlayerLauncherTestRunSettings.cs using Guid(c1cba6f3ed484514097080a3bb835958) Importer(Primary)  -> (artifact id: '29b4135a5da240332241a702959f2a0a') in 0.001810 seconds
Start importing Packages/com.unity.cloud.gltfast/Runtime/Scripts/Schema/Texture.cs using Guid(d1b02af694ac34162993448d1b88d7d2) Importer(Primary)  -> (artifact id: '020169cb0fb375a576d5e34cbe20dcae') in 0.001554 seconds
Start importing Packages/com.unity.test-framework/UnityEngine.TestRunner/TestRunner/ITestRunnerListener.cs using Guid(d1b534518943030499685344fd1d476d) Importer(Primary)  -> (artifact id: 'df08f096f6ac020b17b3f508571a9507') in 0.001175 seconds
Start importing Packages/com.unity.mathematics/Unity.Mathematics/matrix.gen.cs using Guid(d1064bad8f85342fd912d0d27f279601) Importer(Primary)  -> (artifact id: '84a08f0ff3fef9bb678d9821f65ed552') in 0.001036 seconds
Start importing Packages/com.unity.test-framework/UnityEngine.TestRunner/Utils/PrebuildSceneSetupAttribute.cs using Guid(d1b7ce919aa8864409412e809073cf96) Importer(Primary)  -> (artifact id: '6843d27c97a5edb2fe4555f7d9df92e9') in 0.001569 seconds
Start importing Packages/com.unity.collections/Unity.Collections/FixedStringInternalMethods.cs using Guid(d1db1dc6fae245e9af37d2ab33aac17a) Importer(Primary)  -> (artifact id: 'f151bde864e21e903683d4cdb5fc3c2a') in 0.001122 seconds
Start importing Packages/com.unity.cloud.gltfast/Runtime/Scripts/Export/GltfHdrpMaterialExporter.cs using Guid(e1c6d62fefdee4eb2a65d361a2516ee0) Importer(Primary)  -> (artifact id: 'f16b01622bb898c4340c248f445d02b8') in 0.001134 seconds
Start importing Packages/com.unity.burst/Editor/BurstDisassembler.Core.ARM64.cs using Guid(e1a9d3695935353ba81777d39e2f58b2) Importer(Primary)  -> (artifact id: '7202a44b0f0e24bf0e351ff1b85e3727') in 0.001044 seconds
Start importing Packages/com.unity.test-framework/UnityEditor.TestRunner/GUI/TestListBuilder/TestTreeViewBuilder.cs using Guid(e17c88b021c2a4c409b3f15b0d80ac62) Importer(Primary)  -> (artifact id: '8c2d85303b0f0c685114cad7acea2874') in 0.001052 seconds
Start importing Packages/com.unity.cloud.gltfast/Runtime/Scripts/Schema/GltfCamera.cs using Guid(f1c01d072916f45b491af5f6439c6d56) Importer(Primary)  -> (artifact id: '762734c79b9624df8534fb85bdb55678') in 0.001094 seconds
Start importing Packages/com.unity.test-framework/UnityEditor.TestRunner/TestRunner/Utils/TestListCacheData.cs using Guid(f1b6399349763114d9361bc6dfcd025b) Importer(Primary)  -> (artifact id: 'f90694688ca5342928d5d5c5005f3b7f') in 0.001072 seconds
Start importing Packages/com.unity.mathematics/Unity.Mathematics/double3x3.gen.cs using Guid(f1e8e688d7f354f92a78d4d78697150d) Importer(Primary)  -> (artifact id: '7db0840c7b18ee97889daf49a20e6d40') in 0.001216 seconds
Start importing Packages/com.unity.cloud.gltfast/Runtime/Scripts/GameObjectSceneInstance.cs using Guid(f12b141c17744ec9b5a3a214c9cb909b) Importer(Primary)  -> (artifact id: '46a5460f4de70da606c742e7b7a7c9b4') in 0.001130 seconds
Start importing Packages/com.unity.test-framework/UnityEditor.TestRunner/TestRunner/Utils/TestListProvider.cs using Guid(f15cbb987069826429540d0ea0937442) Importer(Primary)  -> (artifact id: '1b068d7b7496c34bd09b477833e793f6') in 0.001112 seconds
Start importing Packages/com.unity.cloud.gltfast/Runtime/Scripts/Newtonsoft/Schema/Mesh.cs using Guid(f10f6b8c3c89e407b80aba2958af9ef1) Importer(Primary)  -> (artifact id: '450ccc2b2c4c19bf1502f62eafec0a2b') in 0.001531 seconds
Start importing Packages/com.unity.burst/Editor/BurstStringSearch.cs using Guid(0224576c59f53daf9685a00fbebecb4f) Importer(Primary)  -> (artifact id: '6a3fb75353255744fe708d7de4262ec5') in 0.001054 seconds
Start importing Packages/com.unity.burst/Editor/BurstDisassembler.Core.LLVMIR.info.cs using Guid(12c2df7ecc513a518cf19ae97d4c7ede) Importer(Primary)  -> (artifact id: 'f72aed19e708be24e94edaae8ec2a834') in 0.001122 seconds
Start importing Packages/com.unity.test-framework/UnityEditor.TestRunner/NUnitExtension/TestRunnerStateSerializer.cs using Guid(124533853216377448d786fd7c725701) Importer(Primary)  -> (artifact id: 'e85f6b0d3ade20d37998fb680ee3e94c') in 0.001124 seconds
Start importing Packages/com.unity.collections/Unity.Collections/UnsafeHashSetExtensions.gen.cs using Guid(12ecb8b66ec0b384c8e19a7d1ff9f3fe) Importer(Primary)  -> (artifact id: '28054ea1114568da09f7c18b568fd075') in 0.001046 seconds
Start importing Packages/com.unity.cloud.gltfast/Runtime/Scripts/Schema/TextureTransform.cs using Guid(12cf83ecf915b47e1b8e3e779a054f96) Importer(Primary)  -> (artifact id: 'b5a47e78abd082fa5d30f64897067854') in 0.001181 seconds
Start importing Packages/com.unity.test-framework/UnityEngine.TestRunner/Utils/AssemblyProvider/IAssemblyLoadProxy.cs using Guid(12dfd4bdbb5c8e6419432fbc54ef25d9) Importer(Primary)  -> (artifact id: '8ad9c318e4ff75f599e969103cba9e90') in 0.001112 seconds
Start importing Packages/com.unity.cloud.gltfast/Runtime/Scripts/Schema/MaterialIor.cs using Guid(22b112ac537d34054a2057faa49ac80f) Importer(Primary)  -> (artifact id: 'a88d38156e485e26733a91e651850120') in 0.001413 seconds
Start importing Packages/com.unity.burst/Runtime/Intrinsics/Arm/NEON_AArch64_fp16.cs using Guid(3280a6148aa83ec3be2f6892fa4d8e2d) Importer(Primary)  -> (artifact id: 'a46851adb873ac29ac568b31878742fe') in 0.001313 seconds
Start importing Packages/com.unity.collections/Unity.Collections.Tests/NativeQueueTests.cs using Guid(324a8ab7f6c750745ba1e7e49de993e0) Importer(Primary)  -> (artifact id: '96fdda7aea0dd00eae1079ec0e64dc24') in 0.001603 seconds
Start importing Packages/com.unity.test-framework/UnityEngine.TestRunner/Utils/Vector4EqualityComparer.cs using Guid(32da81683c22faf458026716a2b821aa) Importer(Primary)  -> (artifact id: '88c243a3cb86409aeb1bdbcd62721f5d') in 0.001261 seconds
Start importing Packages/com.unity.test-framework/UnityEditor.TestRunner/UnityTestProtocol/Message.cs using Guid(321dc2c0720f8dd4f9396ecdc12b8746) Importer(Primary)  -> (artifact id: 'edbb61d3c7634384943f41922b4c9ba8') in 0.001265 seconds
Start importing Packages/com.unity.test-framework/UnityEditor.TestRunner/Api/ITestTreeRebuildCallbacks.cs using Guid(4230e406313f1db43a4b548e7a3ad2e2) Importer(Primary)  -> (artifact id: '011cdb343a0f1403d5648d37f95798c4') in 0.001293 seconds
Start importing Packages/com.unity.cloud.gltfast/Runtime/Scripts/ImageResult.cs using Guid(42b7f109da0748c18419f9e732d519e3) Importer(Primary)  -> (artifact id: '0943d72d6e1fd4cbe58bebbefad25f2b') in 0.001431 seconds
Start importing Packages/com.unity.cloud.gltfast/Runtime/Scripts/Newtonsoft/GltfImport.cs using Guid(4238c6febfb22491b9c4995a2564ec04) Importer(Primary)  -> (artifact id: 'b3d46c133b51f03bd4bd7334dee3c180') in 0.001555 seconds
Start importing Packages/com.unity.cloud.gltfast/Runtime/Scripts/Export/HighDefinitionMaterialExport.cs using Guid(423b8abb5d777440188ec5191c4812dd) Importer(Primary)  -> (artifact id: 'c7bb18674a717c8c5c2007b5882eb22d') in 0.001543 seconds
Start importing Packages/com.unity.burst/Runtime/CompilerServices/Constant.cs using Guid(425b1cb76be0397aae735d27918c5a76) Importer(Primary)  -> (artifact id: 'a61c7e0a4356650c1f103e72e6f2095b') in 0.001698 seconds
Start importing Packages/com.unity.test-framework/UnityEditor.TestRunner/UnityTestProtocol/TestFinishedMessage.cs using Guid(423fe2ef878fa1140a7e1f7f9e365815) Importer(Primary)  -> (artifact id: 'ba9342f5d46c6896f07039aabd4edb32') in 0.001436 seconds
Start importing Packages/com.unity.collections/Unity.Collections/UnsafeHashMap.cs using Guid(5225ac49dbd6eb941b91278b59ac4ac0) Importer(Primary)  -> (artifact id: '591409fb1abc642d3d05acf2abb80018') in 0.001167 seconds
Start importing Packages/com.unity.test-framework/UnityEditor.TestRunner/GUI/TestListTreeView/TestListTreeViewGUI.cs using Guid(52c907c81459f324497af504b84fd557) Importer(Primary)  -> (artifact id: '9fe2e40daac1a444518983bdae2c072d') in 0.001697 seconds
Start importing Packages/com.unity.collections/Unity.Collections.Tests/UTF8ArrayUnsafeUtilityTests.cs using Guid(52cbbdc3dcf848dd9efc09bfa529fa74) Importer(Primary)  -> (artifact id: '2d0a3d04911e45ded5767d4a9491c6bc') in 0.001330 seconds
Start importing Packages/com.unity.mathematics/Tests/Tests/Shared/TestMatrix.cs using Guid(6216aa8a60396374dbab4fbd185eac26) Importer(Primary)  -> (artifact id: '474b8e323b24c148733767d9afba5f67') in 0.002595 seconds
Start importing Packages/com.unity.cloud.gltfast/Runtime/Scripts/Loading/IDownloadProvider.cs using Guid(629849146ae544459bf648ecabd67f0f) Importer(Primary)  -> (artifact id: '64905f8c22f388ddc4a2ca6625db1bb5') in 0.001189 seconds
Start importing Packages/com.unity.cloud.gltfast/Runtime/Scripts/Schema/Node.cs using Guid(624c3569ad7e246b4949b499637dc04a) Importer(Primary)  -> (artifact id: 'ac8c4057fd0210d40f35a162c6f4aa38') in 0.001257 seconds
Start importing Packages/com.unity.cloud.gltfast/Runtime/Scripts/ComponentType.cs using Guid(620f293088e324dc0a75a1946b2d0fcc) Importer(Primary)  -> (artifact id: '558cc0a711fab62054f93ac8954dc7c2') in 0.001300 seconds
Start importing Packages/com.unity.test-framework/UnityEngine.TestRunner/Utils/PostBuildCleanupAttribute.cs using Guid(621fd19bcb071b64aa1d68f0271aa780) Importer(Primary)  -> (artifact id: 'b3f9addc61034560d6013a889d3accfb') in 0.001489 seconds
Start importing Packages/com.unity.mathematics/Unity.Mathematics/int4x3.gen.cs using Guid(625f7c407b9c1474bbfcb1c17db16571) Importer(Primary)  -> (artifact id: 'caa2d4537a9d04f6935834511dc55369') in 0.001311 seconds
Start importing Packages/com.unity.burst/Runtime/SafeStringArrayHelper.cs using Guid(7273d19b0a90368f9cf1cc0ebff15acf) Importer(Primary)  -> (artifact id: 'd7e134697f8c12ec59b940cbceace2da') in 0.001800 seconds
Start importing Packages/com.unity.cloud.gltfast/Runtime/Scripts/Schema/NormalTextureInfo.cs using Guid(72f35fa0e2c214807ab6c6946de57b0d) Importer(Primary)  -> (artifact id: 'ee37767eff39900f8f4378fa76f2c131') in 0.001623 seconds
Start importing Packages/com.unity.cloud.gltfast/Runtime/Scripts/Schema/FakeSchema/Mesh.cs using Guid(7205586242249423e99cafc83ac5e583) Importer(Primary)  -> (artifact id: '5c9c8ec2bdf796dcfc7fe66df9dfce35') in 0.001628 seconds
Start importing Packages/com.unity.burst/Runtime/BurstString.cs using Guid(72b6a43cfa793c05b1a76ea3f3ba6367) Importer(Primary)  -> (artifact id: '6a0912df921524f7303e368a02e298fe') in 0.001649 seconds
Start importing Packages/com.unity.mathematics/Unity.Mathematics/bool3x4.gen.cs using Guid(82510cd108c8a4a7ebe40f0cec12d18c) Importer(Primary)  -> (artifact id: 'dbd5470f6a712080ed9314cba371c2d4') in 0.001069 seconds
Start importing Packages/com.unity.cloud.gltfast/Editor/Scripts/BuiltInShaderGUI.cs using Guid(8262fb96f3f02c3418d53dfe137bd6c2) Importer(Primary)  -> (artifact id: 'e16ddf95c8d7db1865cf3496291ebb95') in 0.001419 seconds
Start importing Packages/com.unity.test-framework/UnityEditor.TestRunner/TestRunner/Callbacks/WindowResultUpdaterDataHolder.cs using Guid(82075836be5e0c64bbe84e1f9436682e) Importer(Primary)  -> (artifact id: 'a45dd88896ab901b551a2ae4cca81cb1') in 0.001367 seconds
Start importing Packages/com.unity.mathematics/Unity.Mathematics/int2x4.gen.cs using Guid(827909947b5c9455fa16a57c0b8c55f7) Importer(Primary)  -> (artifact id: '1a43409551cee84da027065519dac398') in 0.001115 seconds
Start importing Packages/com.unity.test-framework/UnityEngine.TestRunner/TestRunner/RemoteHelpers/RemoteTestResultDataFactory.cs using Guid(826b6becaef90fb458eedebe4c2f3664) Importer(Primary)  -> (artifact id: 'a6d0ad6656700e6f0acfa10b147ed8b8') in 0.001282 seconds
Start importing Packages/com.unity.cloud.gltfast/Runtime/Scripts/Newtonsoft/Schema/BufferViewExtensions.cs using Guid(82cb50c78728c4c638f5db3f1b143d14) Importer(Primary)  -> (artifact id: 'fbc06341a580b7232f52cb4c245f02ee') in 0.001449 seconds
Start importing Packages/com.unity.test-framework/UnityEditor.TestRunner/TestRunner/Messages/RecompileScripts.cs using Guid(9202fbba95ea8294cb5e718f028f21b0) Importer(Primary)  -> (artifact id: '02c6ef294d99371bbe1180a1425e7eaa') in 0.001195 seconds
Start importing Packages/com.unity.cloud.gltfast/Runtime/Scripts/Loading/ITextureDownload.cs using Guid(92567e9366c9455cb9598e07f200a467) Importer(Primary)  -> (artifact id: 'b7ce45ec064a2faa22b74272b9f95cfe') in 0.001229 seconds
Start importing Packages/com.unity.cloud.gltfast/Runtime/Scripts/UninterruptedDefaultDeferAgent.cs using Guid(a2d29a3938a4e4f9eb7a202f05698958) Importer(Primary)  -> (artifact id: 'de29dbb87c6b197bbd31c89b1b478317') in 0.001166 seconds
Start importing Packages/com.unity.mathematics/Tests/Tests/Shared/TestInt4x2.gen.cs using Guid(a22ace1f6a955624aa145878a9d31bd2) Importer(Primary)  -> (artifact id: 'c45710b36f5895ab9bf5620bce5337fe') in 0.000980 seconds
Start importing Packages/com.unity.cloud.gltfast/Runtime/Scripts/Newtonsoft/Schema/TextureInfo.cs using Guid(b2e698689d48d4e87bd2fa0acb79a8e8) Importer(Primary)  -> (artifact id: 'fbb7280efcb5879aeb3407d099b2aaee') in 0.001213 seconds
Start importing Packages/com.unity.collections/Unity.Collections.Tests/ConcurrentMaskTests.cs using Guid(b21a3382971974da1b398c348949244e) Importer(Primary)  -> (artifact id: '24be65eb8a8c5c694be9f2e047c3d227') in 0.001200 seconds
Start importing Packages/com.unity.cloud.gltfast/Runtime/Scripts/VertexStructs.cs using Guid(b2eb9723632ed4b7f88e046f5faf06bb) Importer(Primary)  -> (artifact id: '71e02a2db117ddc204bff7766f286e3f') in 0.001090 seconds
Start importing Packages/com.unity.mathematics/Unity.Mathematics/uint3x4.gen.cs using Guid(b26cb334c782240eb950a56e23e0378c) Importer(Primary)  -> (artifact id: 'f47ec2971952cf4bc516330cb7925fea') in 0.001115 seconds
Start importing Packages/com.unity.test-framework/UnityEditor.TestRunner/TestRun/Tasks/BuildActionTaskBase.cs using Guid(c2441d353f9c42a44af6e224e4901b52) Importer(Primary)  -> (artifact id: '2ca2658cbe2a293a3ebbe54f920d8738') in 0.001215 seconds
Start importing Packages/com.unity.cloud.gltfast/DocExamples/ExtraData.cs using Guid(c228dd24f481eca4d8b951a9b54398b1) Importer(Primary)  -> (artifact id: '6091b9d69cd3f2b59eafd62f6feb0460') in 0.001211 seconds
Start importing Packages/com.unity.cloud.gltfast/Runtime/Scripts/StreamExtension.cs using Guid(d2c0632470c474a8086dc993f838e7a0) Importer(Primary)  -> (artifact id: '400c74ea24a359c494c2d5dbf166a03d') in 0.001129 seconds
Start importing Packages/com.unity.mathematics/Unity.Mathematics/half3.gen.cs using Guid(d271113f4074d29479af6b04f032a53e) Importer(Primary)  -> (artifact id: '630607f67959800d63759653a1afd040') in 0.001344 seconds
Start importing Packages/com.unity.test-framework/UnityEditor.TestRunner/RequirePlatformSupportAttribute.cs using Guid(d2146428d3f1ad54eb7326c9a44b3284) Importer(Primary)  -> (artifact id: '0a74d6bb401daf21177aa8cd3cb3f3fe') in 0.001164 seconds
Start importing Packages/com.unity.test-framework/UnityEditor.TestRunner/TestSettings/ITestSettingsDeserializer.cs using Guid(d208a1684f8aa6a40ad91d6aa9600c14) Importer(Primary)  -> (artifact id: '04f9522e3188634818ce78e34869cba5') in 0.001566 seconds
Start importing Packages/com.unity.mathematics/Tests/Tests/Shared/TestBool3.gen.cs using Guid(d208b4e1c03551a499e9169aac737e5b) Importer(Primary)  -> (artifact id: '08c8617a8c9a0e712c33386c8e070fd2') in 0.001561 seconds
Start importing Packages/com.unity.test-framework/UnityEngine.TestRunner/NUnitExtensions/Commands/UnityTestMethodCommand.cs using Guid(d2ca9278c9dd49df877d622d0f657ecf) Importer(Primary)  -> (artifact id: '71c01cd20a52151fe3d661a22e6142a2') in 0.001125 seconds
Start importing Packages/com.unity.mathematics/Unity.Mathematics/float3x2.gen.cs using Guid(d20ff0b41ab5f4071b3d6ec3442fb2f7) Importer(Primary)  -> (artifact id: '077892822c439a9b069fa00a7e0e321d') in 0.001632 seconds
Start importing Packages/com.unity.test-framework/UnityEngine.TestRunner/NUnitExtensions/Commands/EnumerableRepeatedTestCommand.cs using Guid(e273462feb9a65948826739f683cc9a9) Importer(Primary)  -> (artifact id: '0eeed5859afa6d159e2f809d3f935cc1') in 0.001252 seconds
Start importing Packages/com.unity.cloud.gltfast/Runtime/Scripts/Export/NormalImageExport.cs using Guid(e214ef13a2a44a0bbf14320f5c98bb90) Importer(Primary)  -> (artifact id: 'e6e21b57fba06d50e1ff4bde991a0643') in 0.001181 seconds
Start importing Packages/com.unity.burst/Editor/BurstMath.cs using Guid(e2e47707a3663434b10485daf061e14c) Importer(Primary)  -> (artifact id: '239f5acc666e66569512266e4cbf2ed5') in 0.001698 seconds
Start importing Packages/com.unity.mathematics/Tests/Tests/Shared/TestPlane.cs using Guid(f231ac420620f4127b2cb48aab2c41ef) Importer(Primary)  -> (artifact id: 'ae848018a5d2abf4362484372b29c0a6') in 0.001249 seconds
Start importing Packages/com.unity.cloud.gltfast/Runtime/Scripts/Schema/MaterialExtensions.cs using Guid(f21fa7c34e6a84a56bd105b618088503) Importer(Primary)  -> (artifact id: '4c1dd9baa4b4bf0ac8c99a1dbe2da117') in 0.001103 seconds
Start importing Packages/com.unity.cloud.gltfast/Runtime/Scripts/Export/MaterialExportBase.cs using Guid(03007a034b1a64d80a0d1860738ed89f) Importer(Primary)  -> (artifact id: '5a7e454617a1f20dd3e5a3ccecbe70d7') in 0.002059 seconds
Start importing Packages/com.unity.test-framework/UnityEngine.TestRunner/TestRunner/RemoteHelpers/RemoteTestResultData.cs using Guid(03e4d63665d06f04c8a6cf68133c1592) Importer(Primary)  -> (artifact id: '38613cac28dd34ada45a85c6f84477bb') in 0.001117 seconds
Start importing Packages/com.unity.test-framework/UnityEditor.TestRunner/GUI/Views/EditModeTestListGUI.cs using Guid(0336a32a79bfaed43a3fd2d88b91e974) Importer(Primary)  -> (artifact id: '56b08031d6cb2bf048445ce85717da98') in 0.001115 seconds
Start importing Packages/com.unity.test-framework/UnityEditor.TestRunner/TestRunner/Utils/EditorLoadedTestAssemblyProvider.cs using Guid(033c884ba52437d49bc55935939ef1c6) Importer(Primary)  -> (artifact id: '704da5bc0e2377fa086abf2515c83034') in 0.001119 seconds
Start importing Packages/com.unity.test-framework/UnityEditor.TestRunner/CommandLineParser/CommandLineOptionSet.cs using Guid(139c5eac101a4dc4fb3098e30c29f15e) Importer(Primary)  -> (artifact id: '1a0b3575329f0c868084e4b1ccb27c93') in 0.001089 seconds
Start importing Packages/com.unity.collections/Unity.Collections/UnsafeNotBurstCompatible.cs using Guid(134f6a7ae57d2df4aace84c12a331f06) Importer(Primary)  -> (artifact id: '8ee42a502733384f21b31a44fde206c2') in 0.001263 seconds
Start importing Packages/com.unity.cloud.gltfast/Runtime/Scripts/GltfJsonUtilityParser.cs using Guid(23157419d9ad42b4884d8468a15daaca) Importer(Primary)  -> (artifact id: 'c688bd0cf0876a20d92e21505bc6b29f') in 0.001164 seconds
Start importing Packages/com.unity.collections/Unity.Collections.Tests/WordsTests.gen.cs using Guid(23751d1a48159084381ea4303a6ce6dd) Importer(Primary)  -> (artifact id: 'bbd834a9a1589f33634c431daddbb109') in 0.001143 seconds
Start importing Packages/com.unity.cloud.gltfast/Runtime/Scripts/Newtonsoft/Schema/Accessor.cs using Guid(2396f6d4d964a46cfa7c24ef38954afd) Importer(Primary)  -> (artifact id: '942e0ba679d6490cf18b831b25aeb3ab') in 0.001074 seconds
Start importing Packages/com.unity.cloud.gltfast/Runtime/Scripts/DOTS/EntityInstantiator.cs using Guid(3353193499e7c42ef922dd9c367ced9f) Importer(Primary)  -> (artifact id: '2f8a95b75739e6f3067f106c33780b47') in 0.001123 seconds
Start importing Packages/com.unity.test-framework/UnityEngine.TestRunner/NUnitExtensions/Commands/TestCommandPcHelper.cs using Guid(33e6b78c96bb0694e96383e3c56b7b54) Importer(Primary)  -> (artifact id: 'd6a87f32538e89b9786699640b000b5b') in 0.001137 seconds
Start importing Packages/com.unity.mathematics/Tests/Tests/Shared/TestBool4.gen.cs using Guid(33a8df9e636ae004ba204e2a6b925b42) Importer(Primary)  -> (artifact id: 'f8f4063f88b2d4542fd181d0297acbb8') in 0.001084 seconds
Start importing Packages/com.unity.test-framework/UnityEngine.TestRunner/Utils/AssemblyProvider/PlayerTestAssemblyProvider.cs using Guid(43a3aec217baa9644a7cf34b5f93fed9) Importer(Primary)  -> (artifact id: '974e5de4b0dff048f865430b5a66b5fd') in 0.001164 seconds
Start importing Packages/com.unity.cloud.gltfast/Editor/Scripts/PackageSetupCheck.cs using Guid(433625e5684fd4f83b3ee45f614c2d7d) Importer(Primary)  -> (artifact id: '0a479e89601885ea5f7de4b8bd93ae45') in 0.001356 seconds
Start importing Packages/com.unity.mathematics/Unity.Mathematics/float2.gen.cs using Guid(4319f4482dc5b5b44a7f99c8725ef211) Importer(Primary)  -> (artifact id: '5a2e8c33b54f4713ffd36d58989811f6') in 0.001124 seconds
Start importing Packages/com.unity.mathematics/Unity.Mathematics/float4x4.gen.cs using Guid(53454a4b51c974a438994628ac5767e2) Importer(Primary)  -> (artifact id: '86531e7648bbbfcf8fdb411d67de8f35') in 0.001253 seconds
Start importing Packages/com.unity.test-framework/UnityEditor.TestRunner/CommandLineTest/SetupException.cs using Guid(63572993f2104574099a48392460b211) Importer(Primary)  -> (artifact id: 'ebfeb8f3d32acb9e3fce66cb627fe5c9') in 0.001126 seconds
Start importing Packages/com.unity.collections/Unity.Collections/AssemblyInfo.cs using Guid(63bc65d8d2fe144e1b071aeb3b624536) Importer(Primary)  -> (artifact id: '81067b1f97b7dec9d050169eb7eaa865') in 0.001224 seconds
Start importing Packages/com.unity.test-framework/UnityEngine.TestRunner/TestRunner/TestListenerWrapper.cs using Guid(73deb9b8722aa284eab27c4dc90956c6) Importer(Primary)  -> (artifact id: '8bef0f64a2812f2ed77c29f640054c89') in 0.001180 seconds
Start importing Packages/com.unity.test-framework/UnityEngine.TestRunner/NUnitExtensions/Commands/ImmediateEnumerableCommand.cs using Guid(8349e42a2b30c7a4abd8678c203428ba) Importer(Primary)  -> (artifact id: 'b3183f037786cef9d00ff00bb0a49234') in 0.001295 seconds
Start importing Packages/com.unity.test-framework/UnityEditor.TestRunner/TestSettings/ITestSettings.cs using Guid(83eda34b7da01e04aa894f268158b0c0) Importer(Primary)  -> (artifact id: 'eee65d34fa460bdca06058fde70d080d') in 0.001646 seconds
Start importing Packages/com.unity.cloud.gltfast/Runtime/Scripts/Schema/Image.cs using Guid(83fdd57ebfd5545ce857ee2e3ee48b29) Importer(Primary)  -> (artifact id: '8554416d8adfa397e1a89bc44a3b84ff') in 0.001185 seconds
Start importing Packages/com.unity.mathematics/Tests/Tests/Shared/TestDouble2x4.gen.cs using Guid(93f2834619d034346a15285ea2156089) Importer(Primary)  -> (artifact id: '6830019982f6613bdb021de56a38f95b') in 0.001044 seconds
Start importing Packages/com.unity.mathematics/Unity.Mathematics/uint2x2.gen.cs using Guid(93a63257a84804542ad359995ba0c1b1) Importer(Primary)  -> (artifact id: '5c52eb6a2ada024dd0cc0500d4c38ebf') in 0.001532 seconds
Start importing Packages/com.unity.mathematics/Unity.Mathematics/float2x2.gen.cs using Guid(93080f7a13fd743e3aaaac6fee9f12b6) Importer(Primary)  -> (artifact id: 'e3874ec6ecb0eeaa7e95e9f9419f375a') in 0.001030 seconds
Start importing Packages/com.unity.cloud.gltfast/Runtime/Scripts/ImageFormatExtensions.cs using Guid(932ae5a636f3a4b99af8dbace356841d) Importer(Primary)  -> (artifact id: '50e372aeb118cff90ca92244b2362e9d') in 0.001396 seconds
Start importing Packages/com.unity.test-framework/UnityEditor.TestRunner/TestRunner/Utils/IEditorLoadedTestAssemblyProvider.cs using Guid(936b6288befc460409cfdff3ac92fc95) Importer(Primary)  -> (artifact id: '5e6690a9820e134666a86c174e94b895') in 0.001911 seconds
Start importing Packages/com.unity.test-framework/UnityEditor.TestRunner/TestRun/Tasks/CleanupVerificationTask.cs using Guid(93eb6389f4fb6924987867ce0bc339ee) Importer(Primary)  -> (artifact id: '7dd7f7f1ede8afdb95f9e3c814c372fc') in 0.001124 seconds
Start importing Packages/com.unity.test-framework/UnityEditor.TestRunner/Api/ICallbacks.cs using Guid(93eea84e53d0226479c9a584f19427b5) Importer(Primary)  -> (artifact id: '88f0142ecadde195d0b64a5c9f55974b') in 0.001388 seconds
Start importing Packages/com.unity.test-framework/UnityEditor.TestRunner/CommandLineParser/CommandLineOption.cs using Guid(a3529368f4cd0424a89aa51080a16b06) Importer(Primary)  -> (artifact id: '3f78b4edc833f18abe82162850cebcd1') in 0.001295 seconds
Start importing Packages/com.unity.mathematics/Unity.Mathematics/bool3x3.gen.cs using Guid(a3b4b734e76c94d5099484b5b6c5b029) Importer(Primary)  -> (artifact id: '2b9105cb8df86b09490b78b555608207') in 0.001045 seconds
Start importing Packages/com.unity.collections/Unity.Collections.Tests/FixedListTests.gen.cs using Guid(a3e73147e051c3f448aa8c6a4e07c55b) Importer(Primary)  -> (artifact id: '31ca110e3d53da4d12f3f17380a73074') in 0.002002 seconds
Start importing Packages/com.unity.test-framework/UnityEditor.TestRunner/TestRun/Tasks/RegisterFilesForCleanupVerificationTask.cs using Guid(a398fde47a0349a40a9bdf8988c392c9) Importer(Primary)  -> (artifact id: 'e61862a3f3ec8c462e09f613f84bdd74') in 0.001102 seconds
Start importing Packages/com.unity.mathematics/Tests/Tests/Shared/TestFloat2x4.gen.cs using Guid(b3517a3babe572246a5b80234b2f8a4b) Importer(Primary)  -> (artifact id: '110bfdf17135e761817e946fb676d4be') in 0.001392 seconds
Start importing Packages/com.unity.mathematics/Tests/Tests/Shared/TestFloat4x4.gen.cs using Guid(b3a17e2bf2fb0984b96ba8a21a08b8b0) Importer(Primary)  -> (artifact id: '48c12f9e7a66c390abbbab8abe3fabd7') in 0.001335 seconds
Start importing Packages/com.unity.collections/Unity.Collections/FixedStringAppendMethods.cs using Guid(b3d1c84db8ef4e288ba9089a616a3523) Importer(Primary)  -> (artifact id: '6931493187a0a297bb07121979fb0abd') in 0.001058 seconds
Start importing Packages/com.unity.test-framework/UnityEditor.TestRunner/TestRun/Tasks/SaveModiedSceneTask.cs using Guid(c321246872d389b469bd0cb86d3701ed) Importer(Primary)  -> (artifact id: '98fbb81f6a7f32d86c61da7c489abbbc') in 0.001340 seconds
Start importing Packages/com.unity.cloud.gltfast/Runtime/Scripts/Newtonsoft/Schema/PbrMetallicRoughness.cs using Guid(c3d3c3c28a91648bd8e0fc54e0990119) Importer(Primary)  -> (artifact id: 'd40cfc6a9b4253aac0e5c92ef06e1fab') in 0.001547 seconds
Start importing Packages/com.unity.test-framework/UnityEditor.TestRunner/CommandLineTest/ExecutionSettings.cs using Guid(c3a75354f6ceac94ca15ca9d96593290) Importer(Primary)  -> (artifact id: '9ccdbcb1018f1481fdfb4f15781fa56c') in 0.001067 seconds
Start importing Packages/com.unity.test-framework/UnityEditor.TestRunner/TestLaunchers/PlatformSetup/LuminPlatformSetup.cs using Guid(c38ae0585d6a55042a2d678330689685) Importer(Primary)  -> (artifact id: 'f88ce5bce442ef42838d5ab15e9776bc') in 0.001445 seconds
Start importing Packages/com.unity.test-framework/UnityEngine.TestRunner/NUnitExtensions/IAsyncTestAssemblyBuilder.cs using Guid(c3aa5c3d59b94854e843f10b75b3ad63) Importer(Primary)  -> (artifact id: '4e63e2cbdb2650062f96b70e141e839d') in 0.001122 seconds
Start importing Packages/com.unity.collections/Unity.Collections.Tests/NativeHashMapTests_InJobs.cs using Guid(c30fe0e64fef64239b70bb447e82e4a8) Importer(Primary)  -> (artifact id: '0dd168b7e69c05f48162b7039ded0b14') in 0.001121 seconds
Start importing Packages/com.unity.test-framework/UnityEditor.TestRunner/GUI/Views/PlayModeTestListGUI.cs using Guid(c3efd39f2cfb43a4c830d4fd5689900f) Importer(Primary)  -> (artifact id: '6d760c474d73f18aa29d765c4a855c75') in 0.001193 seconds
Start importing Packages/com.unity.test-framework/UnityEditor.TestRunner/TestLaunchers/PlaymodeLauncher.cs using Guid(d3217d58bbd1d2b4aaee933e2e8b9195) Importer(Primary)  -> (artifact id: 'ba1253a925581cc6463bb1c81de51e9e') in 0.001189 seconds
Start importing Packages/com.unity.cloud.gltfast/Runtime/Scripts/Schema/TextureExtensions.cs using Guid(d346bcfb85b064278ac07f92c1471db2) Importer(Primary)  -> (artifact id: '2ff523657eef05329865ca3a0b5d155b') in 0.001067 seconds
Start importing Packages/com.unity.cloud.gltfast/Runtime/Scripts/Schema/MaterialUnlit.cs using Guid(d3978e6510d4b4087b51e631ce511e32) Importer(Primary)  -> (artifact id: '92eac8558f3e3a3cf90a46d8af1aa2ac') in 0.001581 seconds
Start importing Packages/com.unity.mathematics/Unity.Mathematics/bool4x2.gen.cs using Guid(d34b6dd47888145b8870e017d6c84d4e) Importer(Primary)  -> (artifact id: 'f5024e6b414e7dbecfc727e83d0127cb') in 0.001313 seconds
Start importing Packages/com.unity.mathematics/Unity.Mathematics/matrix.cs using Guid(e378472eca9810946b664b8ff70f4edf) Importer(Primary)  -> (artifact id: 'ad889774ffc65dff795ffafc0e35cda3') in 0.001501 seconds
Start importing Packages/com.unity.mathematics/Unity.Mathematics/bool4x3.gen.cs using Guid(e3e9b9173355b4d25aad23fb08782200) Importer(Primary)  -> (artifact id: '03040345a5a78422962a664fae5b1cb2') in 0.001066 seconds
Start importing Packages/com.unity.test-framework/UnityEditor.TestRunner/Api/CallbacksDelegatorListener.cs using Guid(f3e1b3cbf3fac6a459b1a602167ad311) Importer(Primary)  -> (artifact id: '05f617c69ee86aabf461a073d60a880d') in 0.001326 seconds
Start importing Packages/com.unity.mathematics/Unity.Mathematics/bool2x4.gen.cs using Guid(f3638df1ef4a049fb957126fc52d1a20) Importer(Primary)  -> (artifact id: '5d62c2682f5134a2da84c047ee9d77ec') in 0.001737 seconds
Start importing Packages/com.unity.test-framework/UnityEngine.TestRunner/Utils/AssemblyProvider/ScriptingRuntimeProxy.cs using Guid(f3a361a6ad1aff14ba8f48976e94ad76) Importer(Primary)  -> (artifact id: '2a57f20356af835826205363778ba3eb') in 0.001215 seconds
Start importing Packages/com.unity.mathematics/Tests/Tests/Shared/TestUint3x3.gen.cs using Guid(f3db3407f5e21b84d8c21645d5517e9b) Importer(Primary)  -> (artifact id: '5d2d800a111f9b869a71de3cc6136366') in 0.001900 seconds
Start importing Packages/com.unity.burst/Editor/BurstInspectorGUI.cs using Guid(044207dff891379ab68ba54b0d4307b2) Importer(Primary)  -> (artifact id: '13fce8309d65805a7d6abd6eb8bae9e5') in 0.001062 seconds
Start importing Packages/com.unity.test-framework/UnityEditor.TestRunner/GUI/TestListBuilder/TestFilterSettings.cs using Guid(046c3854296c5ec48bac50da6ca248ec) Importer(Primary)  -> (artifact id: '7dbc3ab145df53db1cb9b18b3adaec85') in 0.001104 seconds
Start importing Packages/com.unity.mathematics/Tests/Tests/Shared/TestInt2x2.gen.cs using Guid(041eb9518baf7a846bd945a05063b142) Importer(Primary)  -> (artifact id: '4bae7e5770771f084b20ac5cb6bbc876') in 0.001074 seconds
Start importing Packages/com.unity.cloud.gltfast/Runtime/Scripts/Export/StandardMaterialExportBase.cs using Guid(145ccf8370f9e47348bba3fc099214f5) Importer(Primary)  -> (artifact id: '117dd05a37d0d2bfcaaa8e97b0171937') in 0.001178 seconds
Start importing Packages/com.unity.collections/Unity.Collections/UnsafeHashSet.cs using Guid(2441a179e6971b64cafa56b6418f913a) Importer(Primary)  -> (artifact id: '2a86ea7e97d4cff2da79160e784be8d4') in 0.001656 seconds
Start importing Packages/com.unity.test-framework/UnityEngine.TestRunner/Utils/CoroutineRunner.cs using Guid(24a158219395ebf44a60547b97784ddc) Importer(Primary)  -> (artifact id: 'bc9ddb9ee35930091b48d49468f9ba37') in 0.001364 seconds
Start importing Packages/com.unity.collections/Unity.Collections/UnsafeScratchAllocator.cs using Guid(24459080b05524c1ab8f3f7ed129e765) Importer(Primary)  -> (artifact id: 'fac477d72c5943e201889c9afc54c1a3') in 0.001576 seconds
Start importing Packages/com.unity.burst/Runtime/Editor/BurstAssemblyDisable.cs using Guid(24e5242d7f213ce49a52eefb5d544d24) Importer(Primary)  -> (artifact id: 'ea4c47a3361d62910a7dcfdb6d886596') in 0.001173 seconds
Start importing Packages/com.unity.mathematics/Tests/Tests/Shared/TestFloat4x2.gen.cs using Guid(24d6c72f4a165e342afb784bad62cab5) Importer(Primary)  -> (artifact id: '57e8f6dc6d57e68fb2a2c33e97d89866') in 0.001039 seconds
Start importing Packages/com.unity.cloud.gltfast/Runtime/Scripts/byte3.cs using Guid(2439c3c7babb4551a10788676d062c63) Importer(Primary)  -> (artifact id: 'fcac5dcf81ff899d8dcc782e3dba47aa') in 0.001273 seconds
Start importing Packages/com.unity.mathematics/Tests/Tests/Shared/TestUint4x3.gen.cs using Guid(2459d4a10dea40e469cb5f05b3fa80c2) Importer(Primary)  -> (artifact id: '342da46d27b3bbea7c868064db21e176') in 0.001759 seconds
Start importing Packages/com.unity.cloud.gltfast/Runtime/Scripts/Export/IMaterialExport.cs using Guid(243be350c35fb48c5b0796117defeee2) Importer(Primary)  -> (artifact id: '2f7c2c805211cb5bffa9a3c4c388738b') in 0.001033 seconds
Start importing Packages/com.unity.test-framework/UnityEditor.TestRunner/TestBuildAssemblyFilter.cs using Guid(3411e19edd44cfd46b548b058c3bc36c) Importer(Primary)  -> (artifact id: '23803f3dce3fe504247b1a288d1e1413') in 0.001431 seconds
Start importing Packages/com.unity.test-framework/UnityEditor.TestRunner/TestRunner/Callbacks/RerunCallback.cs using Guid(34d30300ba8eb4959a74ac1f8f413c8d) Importer(Primary)  -> (artifact id: '9a1daaa3894a832efb9b6b25fc6f4550') in 0.001119 seconds
Start importing Packages/com.unity.mathematics/Unity.Mathematics/int2x3.gen.cs using Guid(34b460e6ab4e94f68b249b11a8f71131) Importer(Primary)  -> (artifact id: '2a9b8d71dfbb5c4a297dd4ed18dbe944') in 0.001203 seconds
Start importing Packages/com.unity.burst/Runtime/Intrinsics/x86/Sse4_2.cs using Guid(34483fa8e8413ba9b6e02809c5adfdd3) Importer(Primary)  -> (artifact id: 'dedb69ccf5f4f3f066f7745d9c27cc73') in 0.001276 seconds
Start importing Packages/com.unity.test-framework/UnityEditor.TestRunner/TestRun/Tasks/TestTaskBase.cs using Guid(342d9ef4da0a19b49877f576c2deec14) Importer(Primary)  -> (artifact id: 'ad84f1f09899a913e224f6f723318465') in 0.001440 seconds
Start importing Packages/com.unity.test-framework/UnityEngine.TestRunner/Utils/Vector4ComparerWithEqualsOperator.cs using Guid(44100f5f60f351348b9719b46d46cebe) Importer(Primary)  -> (artifact id: '50e1eff097966c3ec14fded8e1ff4622') in 0.001242 seconds
Start importing Packages/com.unity.collections/Unity.Collections/UnsafeText.cs using Guid(44913edcb40f4e06a2c16796ccbb82b6) Importer(Primary)  -> (artifact id: 'dca123d1fd3e3230b50d001b5f1e7ade') in 0.001286 seconds
Start importing Packages/com.unity.cloud.gltfast/Runtime/Scripts/Export/OrmImageExport.cs using Guid(44d960d5c7954a1da497e8e12c053d9f) Importer(Primary)  -> (artifact id: '34c425a1465387c5966c0132d99912fe') in 0.001162 seconds
Start importing Packages/com.unity.collections/Unity.Collections/HeapString.gen.cs using Guid(448d2790464848f38fb2816637756c89) Importer(Primary)  -> (artifact id: '1e69b4771069f0b32b47efac8bc9fd24') in 0.001444 seconds
Start importing Packages/com.unity.test-framework/UnityEngine.TestRunner/NUnitExtensions/Attributes/UnityPlatformAttribute.cs using Guid(5440c1153b397e14c9c7b1d6eb83b9f9) Importer(Primary)  -> (artifact id: '8a508afea29f3820ba1ba9881faae7b2') in 0.001126 seconds
Start importing Packages/com.unity.cloud.gltfast/Runtime/Scripts/SubMeshAssignment.cs using Guid(542752c956014a6b8dd2f622a2fb5968) Importer(Primary)  -> (artifact id: '02da6a3f214146cc7a0f7821f04b17ce') in 0.001268 seconds
Start importing Packages/com.unity.cloud.gltfast/Runtime/Scripts/Logging/ICodeLogger.cs using Guid(540be0e46388f4a238e8fa19da3d41be) Importer(Primary)  -> (artifact id: 'dd33af95896fc4beb2c4565a31e371f6') in 0.001041 seconds
Start importing Packages/com.unity.collections/Unity.Collections.Tests/NativeQueueTests_InJobs.cs using Guid(54ed1315d43524f428aeb6d72cd16cc0) Importer(Primary)  -> (artifact id: '384f9fd067062a0c784d78e2d6daa4d4') in 0.001611 seconds
Start importing Packages/com.unity.mathematics/Unity.Mathematics/bool4.gen.cs using Guid(64216725f837f8345b407a998b4970b3) Importer(Primary)  -> (artifact id: '03439125a446bf8f65e0d62102327770') in 0.001264 seconds
Start importing Packages/com.unity.test-framework/UnityEditor.TestRunner/TestRunner/Utils/ITestListProvider.cs using Guid(64689f8b25eadac4da519e96f514b653) Importer(Primary)  -> (artifact id: '21f783dd50bed169a6e6de6ff2062f11') in 0.001070 seconds
Start importing Packages/com.unity.collections/Unity.Collections/NativeStream.cs using Guid(64aa0d92f72fa4af49049126211731d0) Importer(Primary)  -> (artifact id: 'c976cbc78697dd1fff8425660cac6a1b') in 0.001516 seconds
Start importing Packages/com.unity.cloud.gltfast/Runtime/Scripts/Schema/MaterialClearCoat.cs using Guid(64ae5acdde3874645955ddbd84c6309d) Importer(Primary)  -> (artifact id: 'd6d5b5b9026a200569c77f19a1f2f568') in 0.001089 seconds
Start importing Packages/com.unity.mathematics/Tests/Tests/Shared/TestInt3.gen.cs using Guid(749525b6f2a189a42bddcde8b3f6a88e) Importer(Primary)  -> (artifact id: '69997df281e9542924a2ea45bd07bbdd') in 0.001092 seconds
Start importing Packages/com.unity.test-framework/UnityEngine.TestRunner/TestRunner/TestPlatform.cs using Guid(743879b4db4bc1a4b829aae4386f4acf) Importer(Primary)  -> (artifact id: '26e82254e1407ba3dd523299fe4d6adb') in 0.001084 seconds
Start importing Packages/com.unity.test-framework/UnityEditor.TestRunner/GUI/AssetsDatabaseHelper.cs using Guid(740b3785866edda4b8d1e1a05570a5f8) Importer(Primary)  -> (artifact id: '34ee52e7dfcdbfffea02b60eefe05325') in 0.001120 seconds
Start importing Packages/com.unity.mathematics/Tests/Tests/Shared/TestInt2x4.gen.cs using Guid(847ca3f6ecd472f43b9995db81c87807) Importer(Primary)  -> (artifact id: 'a713382cf0e3a1dc226e7581a1a45c5a') in 0.001218 seconds
Start importing Packages/com.unity.burst/Runtime/SharedStatic.cs using Guid(846fa0bc75d83bf68b12e21e5594a612) Importer(Primary)  -> (artifact id: '11fd469de9a95ca49fbbd16142e97c56') in 0.001105 seconds
Start importing Packages/com.unity.cloud.gltfast/Runtime/Scripts/Export/LitMaterialExport.cs using Guid(9489bb6257d149f3b56aa1d087a5c263) Importer(Primary)  -> (artifact id: '641435a1fe3eafbae45f9a4a0f2b8891') in 0.001579 seconds
Start importing Packages/com.unity.cloud.gltfast/Runtime/Scripts/DOTS/EntityUtils.cs using Guid(a485f1350c0c249b6ba4b4bcc33b3322) Importer(Primary)  -> (artifact id: '765ec153c3f093690142913dcf0c6247') in 0.001234 seconds
Start importing Packages/com.unity.mathematics/Tests/Tests/Shared/TestDouble3x4.gen.cs using Guid(a43acb77473e8f64189c28afbb4c366a) Importer(Primary)  -> (artifact id: '279ec5f87baf6e5fa6a2fea1476ecc66') in 0.001206 seconds
Start importing Packages/com.unity.mathematics/Unity.Mathematics/Noise/noise2D.cs using Guid(a44cd1da263fb47c2a45958442e14af6) Importer(Primary)  -> (artifact id: '34d051171d64d41cf3a386271479f0f4') in 0.001159 seconds
Start importing Packages/com.unity.mathematics/Unity.Mathematics/half4.gen.cs using Guid(a48ec2283f8d80e4b8d21c071400d3da) Importer(Primary)  -> (artifact id: '8e0104b1d04731633c262b1dc32b01fc') in 0.001615 seconds
Start importing Packages/com.unity.cloud.gltfast/Runtime/Scripts/RenderPipelineUtils.cs using Guid(b49113e2bcc184fa69bacdb82f652c6b) Importer(Primary)  -> (artifact id: 'e3d4a8ffba1860436728a2b116eedca2') in 0.001191 seconds
Start importing Packages/com.unity.cloud.gltfast/Runtime/Scripts/Schema/PbrSpecularGlossiness.cs using Guid(b4c3dec14586f4f558448c4364576258) Importer(Primary)  -> (artifact id: '6b05024a764435e5b7643462443c63b4') in 0.001105 seconds
Start importing Packages/com.unity.test-framework/UnityEditor.TestRunner/TestRun/Tasks/LegacyEditModeRunTask.cs using Guid(b4246555189b5ee43b4857220f9fd29b) Importer(Primary)  -> (artifact id: '1acae9c57b10767c1c0e114ac794a666') in 0.001386 seconds
Start importing Packages/com.unity.collections/Unity.Collections/AllocatorManager.cs using Guid(b49443f1e93e4dec9a7a68741679aa52) Importer(Primary)  -> (artifact id: '24cf2a8c3a17db0e1fe3d5e503dc5ab4') in 0.001013 seconds
Start importing Packages/com.unity.test-framework/UnityEngine.TestRunner/NUnitExtensions/ConstructDelegator.cs using Guid(b42e1db66fe9c634798674cb9e1df2ca) Importer(Primary)  -> (artifact id: 'c55428a48e1ada8fe2020d6a993ef31f') in 0.001082 seconds
Start importing Packages/com.unity.cloud.gltfast/Runtime/Scripts/UriHelper.cs using Guid(c41299d66445c46dbb53f58117870e5f) Importer(Primary)  -> (artifact id: 'ba54594d99ec346c2f535692cf4660d5') in 0.001091 seconds
Start importing Packages/com.unity.collections/Unity.Collections.Tests/ListExtensionsTests.cs using Guid(c4e229e46ae5ef544bcc4d2bd131ddab) Importer(Primary)  -> (artifact id: '8eef19282ca9736688333695f59199ca') in 0.001073 seconds
Start importing Packages/com.unity.cloud.gltfast/Runtime/Scripts/Export/GameObjectExport.cs using Guid(c45eecded6f2d47c4a6f6162481119df) Importer(Primary)  -> (artifact id: '8411871de84ae13bd2afe6db5ac78290') in 0.001738 seconds
Start importing Packages/com.unity.cloud.gltfast/Runtime/Scripts/Export/ManagedNativeArray.cs using Guid(d4718bb4c3cba4f909ad5fea7877b4a1) Importer(Primary)  -> (artifact id: '59702bc3bb149e183b19380af92926d1') in 0.001373 seconds
Start importing Packages/com.unity.cloud.gltfast/Runtime/Scripts/Newtonsoft/Schema/GltfCamera.cs using Guid(d40c83f7d2d6a413faab7643bea99b11) Importer(Primary)  -> (artifact id: '599e9f6926643e280def0a411e6b5455') in 0.001667 seconds
Start importing Packages/com.unity.test-framework/UnityEditor.TestRunner/TestRunner/Callbacks/TestRunnerCallback.cs using Guid(d44e6804bc58be84ea71a619b468f150) Importer(Primary)  -> (artifact id: 'ac7c7be6b0fed2282f963ee9ff30a730') in 0.001773 seconds
Start importing Packages/com.unity.burst/Runtime/Intrinsics/x86/Popcnt.cs using Guid(e4725d04fd6336efbc80f25ae908c344) Importer(Primary)  -> (artifact id: '51d1c65d55434fa132a1fc65893a0698') in 0.001105 seconds
Start importing Packages/com.unity.collections/Unity.Collections/NativeBitArray.cs using Guid(e4640e45632730349a32c5a1365847e6) Importer(Primary)  -> (artifact id: '8122a0babb43fa51d70fb83d0b518f20') in 0.001494 seconds
Start importing Packages/com.unity.cloud.gltfast/Editor/Scripts/ImportSettingsEditor.cs using Guid(e4a416fc96fd6453bbac68253cdb9743) Importer(Primary)  -> (artifact id: 'c6a5e12bafe66c085af3d08db9f569ed') in 0.001091 seconds
Start importing Packages/com.unity.collections/Unity.Collections.Tests/BitFieldTests.cs using Guid(e4ba623f239d54340a5b682234f32027) Importer(Primary)  -> (artifact id: '2ef2ef6e22fb921b6d9a05a8d7869489') in 0.001150 seconds
Start importing Packages/com.unity.cloud.gltfast/Runtime/Scripts/Export/GameObjectExportSettings.cs using Guid(f4316a134efb45d895afc859bb850778) Importer(Primary)  -> (artifact id: 'bc3b0772585fc1dcaa792f0f98d437b3') in 0.001156 seconds
Start importing Packages/com.unity.collections/Unity.Collections.Tests/NativeListTests.cs using Guid(f492edc6c73b74b7f994f4e948d53302) Importer(Primary)  -> (artifact id: 'd9ff2a2738c2f766aebeac3e4950f23e') in 0.000962 seconds
Start importing Packages/com.unity.mathematics/Tests/Tests/Shared/TestUint3x4.gen.cs using Guid(f4c3a82cd7a932a4a97b7432498a1d53) Importer(Primary)  -> (artifact id: '7c58d16a88b67bacb6945ff203f26a4c') in 0.001139 seconds
Start importing Packages/com.unity.cloud.gltfast/Runtime/Scripts/NativeArrayExtensions.cs using Guid(f4042d2847d96474b8b5978213248a4b) Importer(Primary)  -> (artifact id: '291a4686e378ce449fc90fe8d5fad456') in 0.001184 seconds
Start importing Packages/com.unity.mathematics/Tests/Tests/Shared/TestFloat4.gen.cs using Guid(f415d23fdfcb53742837bd44ef1b7825) Importer(Primary)  -> (artifact id: '530680283c1d884e97e43e9ce41bad9e') in 0.000986 seconds
Start importing Packages/com.unity.test-framework/UnityEditor.TestRunner/CommandLineParser/ICommandLineOption.cs using Guid(f445ca0c614a846449fcd8ae648c24e2) Importer(Primary)  -> (artifact id: '96451839637bd50ebd3c986b45fb7ad1') in 0.001065 seconds
Start importing Packages/com.unity.test-framework/UnityEngine.TestRunner/NUnitExtensions/Runner/TestCommandBuilder.cs using Guid(f40df9c8cf926b241b093a37028d8815) Importer(Primary)  -> (artifact id: '9fd3389059e6f116818f348c9a352532') in 0.001457 seconds
Start importing Packages/com.unity.collections/Unity.Collections.Tests/NativeMultiHashMapTests_InJobs.cs using Guid(05b24f32afe304172bde605516dda297) Importer(Primary)  -> (artifact id: 'f753d45daea4122fd9263f9f3f9e37cc') in 0.001205 seconds
Start importing Packages/com.unity.cloud.gltfast/DocExamples/SimpleExport.cs using Guid(0515018949e5443cfa8e0ac0ea8b3f6d) Importer(Primary)  -> (artifact id: '60662f4d0e4d7b564fc0138b01d8287e') in 0.001266 seconds
Start importing Packages/com.unity.mathematics/Tests/Tests/Shared/TestFloat2x2.gen.cs using Guid(052651d6ebd1a8146ad211a6838dad17) Importer(Primary)  -> (artifact id: 'c143df980d4ef594110f5d3ccba9e1b8') in 0.001130 seconds
Start importing Packages/com.unity.test-framework/UnityEditor.TestRunner/CommandLineTest/LogWriter.cs using Guid(05778dd1de4433d418793b6f3d3c18cf) Importer(Primary)  -> (artifact id: '135b58969716ad1108deb67ada72d9f3') in 0.001183 seconds
Start importing Packages/com.unity.burst/Runtime/Intrinsics/Arm/NEON_ctor.cs using Guid(05892f401645378395984f5ca02f11f1) Importer(Primary)  -> (artifact id: 'cb26c5d44caae12a50cdd55054ebdad8') in 0.001256 seconds
Start importing Packages/com.unity.test-framework/UnityEditor.TestRunner/Api/Filter.cs using Guid(05f92e4a2414cb144a92157752dfa324) Importer(Primary)  -> (artifact id: '31f60a8ec16436a35a47a105dc6db670') in 0.001113 seconds
Start importing Packages/com.unity.cloud.gltfast/Editor/Scripts/MaterialsVariantsComponentInspector.cs using Guid(1533d582ae2ef4144a8c96f65c0b080e) Importer(Primary)  -> (artifact id: '25aec5eaf6b253803b0bc1db593dd457') in 0.001355 seconds
Start importing Packages/com.unity.cloud.gltfast/Runtime/Scripts/MaterialsVariants/MaterialsVariantsControl.cs using Guid(15f39b36569a4f9999bd276e9734d6da) Importer(Primary)  -> (artifact id: 'e508622ca28c9614ac40378c3e3154e4') in 0.001170 seconds
Start importing Packages/com.unity.test-framework/UnityEditor.TestRunner/GUI/TestRunnerUIFilter.cs using Guid(15f870c6975ad6449b5b52514b90dc2b) Importer(Primary)  -> (artifact id: '492305a3c7bcfc517416aaec82085686') in 0.001174 seconds
Start importing Packages/com.unity.cloud.gltfast/Runtime/Scripts/Schema/SpotLight.cs using Guid(25378d60846b4831aed4ea577b40e8cf) Importer(Primary)  -> (artifact id: 'f4686a5447e924f6fe2f23a28b4773b7') in 0.001140 seconds
Start importing Packages/com.unity.burst/Editor/BurstDisassembler.Core.Wasm.info.cs using Guid(255d77fe7f1a3f27862b86ae6ac92d70) Importer(Primary)  -> (artifact id: '7f208640f9c47eb9e95e34b8eac2ddf0') in 0.001196 seconds
Start importing Packages/com.unity.burst/Unity.Burst.CodeGen/GenericContext.cs using Guid(35f3382bcc423b60acc9af62d10d008b) Importer(Primary)  -> (artifact id: '9c85b57292087d6bea84eccdc311aae0') in 0.001134 seconds
Start importing Packages/com.unity.test-framework/UnityEngine.TestRunner/Assertions/LogScope/ILogScope.cs using Guid(3504aa04cda851b44a65973f9aead6f7) Importer(Primary)  -> (artifact id: '7810438eb10e2338af0d2b911340c35d') in 0.001195 seconds
Start importing Packages/com.unity.test-framework/UnityEngine.TestRunner/NUnitExtensions/Commands/EnumerableTestState.cs using Guid(356852e4738840b4b1ab533d3a66f0e1) Importer(Primary)  -> (artifact id: '71458962151325cbd6ffccb49b1dc840') in 0.001150 seconds
Start importing Packages/com.unity.burst/Runtime/BurstString.Float.cs using Guid(4592eab4973c370d8a7a7bb9cb4e4344) Importer(Primary)  -> (artifact id: '07d6ebafd8dfe222aa69b91363788d86') in 0.001358 seconds
Start importing Packages/com.unity.cloud.gltfast/Runtime/Scripts/PrimitiveSet.cs using Guid(4598a20fef9b43169b6978b2d2a28224) Importer(Primary)  -> (artifact id: '6ef489ee83ae31d9c28fd6c051a69413') in 0.001160 seconds
Start importing Packages/com.unity.test-framework/UnityEditor.TestRunner/TestResultSerializer.cs using Guid(559482fe33c79e44882d3a6cedc55fb5) Importer(Primary)  -> (artifact id: '13b8fe860502bc78f46e58494c8f0a13') in 0.001061 seconds
Start importing Packages/com.unity.test-framework/UnityEngine.TestRunner/Utils/Vector2ComparerWithEqualsOperator.cs using Guid(65701ebe8bada6b4785e9c7afe7f5bee) Importer(Primary)  -> (artifact id: '192b89e9728327dea68b52224971f5b4') in 0.001239 seconds
Start importing Packages/com.unity.collections/Unity.Collections/UnsafeUtilityEx.cs using Guid(656438ffe79c94447bf483cf17d90bf6) Importer(Primary)  -> (artifact id: '1a5a3c0553f2217e283cb26629984a2f') in 0.001032 seconds
Start importing Packages/com.unity.collections/Unity.Collections/xxHash3.StreamingState.cs using Guid(65eaad6a676d4755a1f4bee58587a1d0) Importer(Primary)  -> (artifact id: '8d42bd2192dee69413f138ceb65c82d5') in 0.001120 seconds
Start importing Packages/com.unity.test-framework/UnityEngine.TestRunner/NUnitExtensions/TestResultExtensions.cs using Guid(65fb6da362a78334ab360a125cfafdaf) Importer(Primary)  -> (artifact id: 'b24fa28ea9c1800db894b34d8142aca9') in 0.001038 seconds
Start importing Packages/com.unity.cloud.gltfast/Runtime/Scripts/MeshResult.cs using Guid(659f9b3bb4a774553a9cde3f2978340c) Importer(Primary)  -> (artifact id: '6956cd5d3e07b7c8649a8611e8243d63') in 0.001361 seconds
Start importing Packages/com.unity.test-framework/UnityEditor.TestRunner/TestSettings/TestSettingsDeserializer.cs using Guid(75e7d7a9a57458841a85fe42d9c9141f) Importer(Primary)  -> (artifact id: '8f76b5e722b81a7d6e7de02046ca1ea8') in 0.001134 seconds
Start importing Packages/com.unity.cloud.gltfast/Runtime/Scripts/Export/StandardMaterialExport.cs using Guid(75795e5045b84be2a8f1b8a43dab5be4) Importer(Primary)  -> (artifact id: '1ac74d42359a480ce75ddf94b46d6e01') in 0.001588 seconds
Start importing Packages/com.unity.test-framework/UnityEngine.TestRunner/NUnitExtensions/Attributes/TestEnumerator.cs using Guid(750aad009559b814dbc27001341fc1c3) Importer(Primary)  -> (artifact id: 'e27cf77f90a6189f02b21e1d7d0dcf47') in 0.001200 seconds
Start importing Packages/com.unity.collections/DocCodeSamples.Tests/CollectionsAllocationExamples.cs using Guid(754bd1bfc77f45aea641971c9495f0f7) Importer(Primary)  -> (artifact id: '2ec2580053822db77575214d759827af') in 0.001252 seconds
Start importing Packages/com.unity.cloud.gltfast/Runtime/Scripts/ImportAddons/ImportAddonInstanceCollection.cs using Guid(753ee089bb994440a8f934ecfc46e238) Importer(Primary)  -> (artifact id: 'b164c3f882af07c52f4183f79857af0f') in 0.001150 seconds
Start importing Packages/com.unity.mathematics/Unity.Mathematics/bool3.gen.cs using Guid(75aefc1758f9fbc41af3579fdd45aa62) Importer(Primary)  -> (artifact id: '4b76f612fa975b4d16e51a5cf065b50b') in 0.001244 seconds
Start importing Packages/com.unity.mathematics/Unity.Mathematics/double3.gen.cs using Guid(8532598f495324d779593b36c90c7f7c) Importer(Primary)  -> (artifact id: '7a41ab540b5f9890cca7ddd93d80f285') in 0.001616 seconds
Start importing Packages/com.unity.collections/Unity.Collections/NativeHashMapExtensions.cs using Guid(859b8b7a1710f0b4396876700dda6319) Importer(Primary)  -> (artifact id: 'dccbc8b3704ce51a0dd50da9110596f0') in 0.001238 seconds
Start importing Packages/com.unity.test-framework/UnityEditor.TestRunner/Api/ITestAdaptor.cs using Guid(85dd7af03f02aea4aae13a3945e3b313) Importer(Primary)  -> (artifact id: '3739b9e58691b69518c64f0b04626889') in 0.001070 seconds
Start importing Packages/com.unity.burst/Unity.Burst.CodeGen/FunctionPointerInvokeTransform.cs using Guid(95e00b4ae3493f2bb9d61143777414fc) Importer(Primary)  -> (artifact id: 'dcaf636b9a331ad8ab8ef245fd5c3881') in 0.001099 seconds
Start importing Packages/com.unity.test-framework/UnityEngine.TestRunner/Utils/Utils.cs using Guid(9502550ba4785e3499d6c9251fa2114b) Importer(Primary)  -> (artifact id: '063f780e477444c69a21835f91204a57') in 0.001078 seconds
Start importing Packages/com.unity.test-framework/UnityEditor.TestRunner/GUI/TestListBuilder/ResultSummarizer.cs using Guid(95a2914724952ef40bb590d0607fc878) Importer(Primary)  -> (artifact id: '11c505da19d89fe0d9322f9e1c7a1a92') in 0.001266 seconds
Start importing Packages/com.unity.test-framework/UnityEditor.TestRunner/UnityTestProtocol/IUtpMessageReporter.cs using Guid(952b3dc7b47846947b37c8d3ae46579a) Importer(Primary)  -> (artifact id: '83c4abadfd2219849880888a76082cf4') in 0.001102 seconds
Start importing Packages/com.unity.mathematics/Tests/Tests/Shared/TestUint2x3.gen.cs using Guid(957fb6da77f246049898f0ef4647166d) Importer(Primary)  -> (artifact id: '6c38e222a398624c177d4dce20831f8e') in 0.001676 seconds
Start importing Packages/com.unity.test-framework/UnityEditor.TestRunner/TestLaunchers/EditModeLauncherContextSettings.cs using Guid(a582090813554df479fb9ca03e9857d3) Importer(Primary)  -> (artifact id: '0942ea4b946e459f71d25034e69def09') in 0.001331 seconds
Start importing Packages/com.unity.mathematics/Unity.Mathematics/half.cs using Guid(a513f9316035e1649a644c2e9f69c12a) Importer(Primary)  -> (artifact id: 'e33877857dfd67a959ed763e5975308e') in 0.001615 seconds
Start importing Packages/com.unity.cloud.gltfast/Runtime/Scripts/ReadOnlyNativeArrayFromManagedArray.cs using Guid(a5186ab506ef4c799331461f95f8aac0) Importer(Primary)  -> (artifact id: '7ece7f2330845e31d4d7b08811ab258d') in 0.001645 seconds
Start importing Packages/com.unity.mathematics/Unity.Mathematics/math.cs using Guid(a54902d8339407348996f4a12702eaff) Importer(Primary)  -> (artifact id: 'cbc75fba0d62e40291c5ba4a24d419c9') in 0.001544 seconds
Start importing Packages/com.unity.mathematics/Tests/Tests/Shared/TestDouble4x2.gen.cs using Guid(a5dfd972b64a9fd4193994214128a39b) Importer(Primary)  -> (artifact id: 'c55bdbcc5c640ba6cf5a810ae72a809a') in 0.001076 seconds
Start importing Packages/com.unity.burst/Runtime/CompilerServices/Hint.cs using Guid(b570e06d83103645837b57ee63c39049) Importer(Primary)  -> (artifact id: '94d11c5fb54d4bde8f12418e2ea5cab3') in 0.001053 seconds
Start importing Packages/com.unity.cloud.gltfast/Runtime/Scripts/Export/MetaMaterialExport.cs using Guid(b55647004f16f43779484197ae1b3948) Importer(Primary)  -> (artifact id: 'edee7e7c06266baf4b959361d9f2793b') in 0.001739 seconds
Start importing Packages/com.unity.test-framework/UnityEngine.TestRunner/NUnitExtensions/Runner/CoroutineTestWorkItem.cs using Guid(b557515fff172984e8c4400b43f1c631) Importer(Primary)  -> (artifact id: 'e2a57a83bc72a2b2b3d1ceb0eb3d3e7c') in 0.001224 seconds
Start importing Packages/com.unity.mathematics/Tests/Tests/Shared/TestFloat2x3.gen.cs using Guid(c55c5a192a2ac9046aed8be3f03ce6f2) Importer(Primary)  -> (artifact id: '53ba02c760103182b084db5d2936b93f') in 0.001204 seconds
Start importing Packages/com.unity.cloud.gltfast/Runtime/Scripts/Schema/AccessorSparse.cs using Guid(d5107deefbab54514a92dda67b7134f1) Importer(Primary)  -> (artifact id: 'c0c40f7a9dee4d39ed57e650c95cd594') in 0.001367 seconds
Start importing Packages/com.unity.cloud.gltfast/Runtime/Scripts/Export/GltfUnlitMaterialExporter.cs using Guid(d5a294b5b6f244ad2ac0b57a0bdedc25) Importer(Primary)  -> (artifact id: '8fe636b32a091e3e97d0bfa1cbf36e26') in 0.001322 seconds
Start importing Packages/com.unity.mathematics/Tests/Tests/Shared/TestFloat4x3.gen.cs using Guid(d5d74a51bcf6045408a569332921009f) Importer(Primary)  -> (artifact id: 'b15aa8450f3799b624652c187a3f97dc') in 0.001176 seconds
Start importing Packages/com.unity.cloud.gltfast/Runtime/Scripts/Newtonsoft/Schema/UnclassifiedData.cs using Guid(d58ed01ecd92540a0bfbc85c88414390) Importer(Primary)  -> (artifact id: '72dcbd365e34511f8168bc4290837e84') in 0.001344 seconds
Start importing Packages/com.unity.mathematics/Tests/Tests/Shared/TestBitmanipulation.cs using Guid(e5e8e2bd97f047f4aa27c8449c8844a2) Importer(Primary)  -> (artifact id: '48b0a41fb162f8f700248e287a3e80c2') in 0.001056 seconds
Start importing Packages/com.unity.test-framework/UnityEditor.TestRunner/Api/Analytics/AnalyticsTestCallback.cs using Guid(f5e82966bb8646269e2e46b6ddf2d89f) Importer(Primary)  -> (artifact id: '03b581e3ba2f039f35a6f5cdbb3d35d0') in 0.001115 seconds
Start importing Packages/com.unity.cloud.gltfast/Runtime/Scripts/AccessorUsage.cs using Guid(06080d8f74e694868be3567452bb8dd0) Importer(Primary)  -> (artifact id: 'b2be349f1cf6efd95659a5d5c0b67c72') in 0.001666 seconds
Start importing Packages/com.unity.cloud.gltfast/Runtime/Scripts/Newtonsoft/Schema/Node.cs using Guid(06787e053436e418890fc97e6f33747e) Importer(Primary)  -> (artifact id: 'f531d632378f343c2f5fe967d8665254') in 0.001104 seconds
Start importing Packages/com.unity.test-framework/UnityEngine.TestRunner/Utils/MonoBehaviourTest/MonoBehaviourTest.cs using Guid(164c9b1458eaab743a4b45c37a4d720d) Importer(Primary)  -> (artifact id: '38c11a43e5adecf558aed1cd30ab5766') in 0.001153 seconds
Start importing Packages/com.unity.mathematics/Tests/Tests/Shared/TestBool3x3.gen.cs using Guid(16fef77cdd788b54983aea9d37b2efb1) Importer(Primary)  -> (artifact id: '5a75c86f2226f2a98fc4c4fcd7cd6739') in 0.001183 seconds
Start importing Packages/com.unity.test-framework/UnityEngine.TestRunner/NUnitExtensions/Runner/RestoreTestContextAfterDomainReload.cs using Guid(26721f9940339264fb14bdbfe1290e21) Importer(Primary)  -> (artifact id: '75dda7572c9944bb927eeb5445665a17') in 0.001607 seconds
Start importing Packages/com.unity.burst/Runtime/BurstRuntime.cs using Guid(26d2421d124d30c4b5dbee7057243ab2) Importer(Primary)  -> (artifact id: '9b08407a01d1a6680bdd54e3f7773303') in 0.001147 seconds
Start importing Packages/com.unity.test-framework/UnityEditor.TestRunner/TestRunner/Utils/CachingTestListProvider.cs using Guid(26f3e7301af463c4ca72fa98d59b429e) Importer(Primary)  -> (artifact id: '49397df71bae4dc9a59660a57c8dddb9') in 0.001094 seconds
Start importing Packages/com.unity.cloud.gltfast/Runtime/Scripts/MaterialsVariants/IMaterialsVariantsSlot.cs using Guid(266607c6e4de4c93a609c84e110a8ed1) Importer(Primary)  -> (artifact id: '0f671e2c69c3af17eb68456dcbdbc236') in 0.001056 seconds
Start importing Packages/com.unity.cloud.gltfast/Runtime/Scripts/ITextureImageLoader.cs using Guid(268f33ff6c85b4918a334de4b754d9c3) Importer(Primary)  -> (artifact id: 'd01820359e5cb86be23b26b7eb653b76') in 0.001052 seconds
Start importing Packages/com.unity.mathematics/Tests/Tests/Shared/TestQuaternion.cs using Guid(36c7224b1052973439eead9de857ea33) Importer(Primary)  -> (artifact id: '17541dbbafffd0bcbf19435bbcb81b8d') in 0.001316 seconds
Start importing Packages/com.unity.cloud.gltfast/Runtime/Scripts/Newtonsoft/Schema/Image.cs using Guid(462254e36014342ee9e7dfbe36c459c2) Importer(Primary)  -> (artifact id: 'b485ffffde1910ab83f6eab5ef07183a') in 0.001556 seconds
Start importing Packages/com.unity.cloud.gltfast/Runtime/Scripts/Schema/MaterialsVariantsExtension.cs using Guid(46b6755b4e1ea26458bb828b1dee3739) Importer(Primary)  -> (artifact id: 'a7d6fb511d5703c8ad374289a8e6482e') in 0.001121 seconds
Start importing Packages/com.unity.collections/Unity.Collections.Tests/EmbeddedPackageOnlyTestAttribute.cs using Guid(4668a20175cc94ab284013b3a4ce4a9e) Importer(Primary)  -> (artifact id: '22ab1bac90d08e0e02ee0953336b950e') in 0.001313 seconds
Start importing Packages/com.unity.mathematics/Unity.Mathematics/Noise/noise3D.cs using Guid(466846e8fd30645168912f2824cedb87) Importer(Primary)  -> (artifact id: 'a8bb3f93fcfbfb26f35418f7c46123f4') in 0.001311 seconds
Start importing Packages/com.unity.mathematics/Unity.Mathematics/bool2x2.gen.cs using Guid(466955346f18d45f1811f3683f9cf707) Importer(Primary)  -> (artifact id: '03baa79a918a334374b0fdf9ed3520ee') in 0.001023 seconds
Start importing Packages/com.unity.collections/Unity.Collections/UnsafeAppendBuffer.cs using Guid(469c3f7cf80934f0fb79e0ab07665b81) Importer(Primary)  -> (artifact id: '83aa7a3e513ef751b828df24b546bd53') in 0.001065 seconds
Start importing Packages/com.unity.collections/Unity.Collections.Tests/FastAssert.cs using Guid(46bf253b4ab641ca9ead38f10efc8d17) Importer(Primary)  -> (artifact id: '23ce4cf4a505e8264253ecc82d68c878') in 0.001128 seconds
Start importing Packages/com.unity.cloud.gltfast/Runtime/Scripts/Material/MaterialProperty.cs using Guid(46ffb279168944b629c5b48e26eeba18) Importer(Primary)  -> (artifact id: '4d1e0f830263d386c01e301c0e8e9a50') in 0.001081 seconds
Start importing Packages/com.unity.collections/Unity.Collections/DebugView.cs using Guid(66302e43465db41bc9a7b142b2157ac6) Importer(Primary)  -> (artifact id: '9e7536073158241f4f8dde1e54439ac2') in 0.001115 seconds
Start importing Packages/com.unity.collections/Unity.Collections/NativeHashSetExtensions.gen.cs using Guid(66713ae417f65c84c944fd6fa9e80129) Importer(Primary)  -> (artifact id: '268418d700c3c1de6cf0f3cdf2601c09') in 0.001080 seconds
Start importing Packages/com.unity.cloud.gltfast/Runtime/Scripts/Export/ExportJobs.cs using Guid(6674c1f674c774250b3ff7a9abb099d5) Importer(Primary)  -> (artifact id: '35ae41a887d9b3d4902821031d534237') in 0.001260 seconds
Start importing Packages/com.unity.collections/Unity.Collections/FixedStringFormat.gen.cs using Guid(66f7a4570af244dfacfded8cc0c60aec) Importer(Primary)  -> (artifact id: 'b78b98e564bb773558b0b7677718cc02') in 0.001102 seconds
Start importing Packages/com.unity.burst/Runtime/Editor/BurstReflection.cs using Guid(661ba2a1bdac339cb55c6a43b9eaa0ee) Importer(Primary)  -> (artifact id: 'c336149057b855ab845504edf57ea7fd') in 0.001501 seconds
Start importing Packages/com.unity.test-framework/UnityEditor.TestRunner/TestLaunchers/PlatformSetup/UwpPlatformSetup.cs using Guid(667c6ad86a0b7a548aaa5c287f2c2861) Importer(Primary)  -> (artifact id: '2381feaa53c83c53485169e249d82272') in 0.001192 seconds
Start importing Packages/com.unity.test-framework/UnityEngine.TestRunner/Utils/TestRunCallbackAttribute.cs using Guid(76b3a3296de548f48b0c3d088fb4b490) Importer(Primary)  -> (artifact id: '4ea1926684d8c51e880ce746f8e88e05') in 0.001581 seconds
Start importing Packages/com.unity.cloud.gltfast/Runtime/Scripts/sbyte3.cs using Guid(765bc881475b4cf7bd890fb7d49a70fd) Importer(Primary)  -> (artifact id: 'c9998b0101d8f8c6027b2dd224d06387') in 0.001019 seconds
Start importing Packages/com.unity.test-framework/UnityEngine.TestRunner/Assertions/InvalidSignatureException.cs using Guid(9650d910fcaefb34cb45f121c1993892) Importer(Primary)  -> (artifact id: '6ef564b0127684fee3af9da4c3acc2e5') in 0.001197 seconds
Start importing Packages/com.unity.test-framework/UnityEditor.TestRunner/TestLaunchers/PlatformSetup/AndroidPlatformSetup.cs using Guid(961642509dec50b44a293d26240140ec) Importer(Primary)  -> (artifact id: '4ccc0ac10ef21b718c04f5e8575818d9') in 0.001107 seconds
Start importing Packages/com.unity.burst/Runtime/Intrinsics/v64.cs using Guid(96f6238860a6336296ab17b81a3cc3a2) Importer(Primary)  -> (artifact id: '7248ed21543a3f6780819740d7bc1631') in 0.001048 seconds
Start importing Packages/com.unity.cloud.gltfast/Editor/Scripts/Utils.cs using Guid(966d97ab7ca974903930d757b9107bd5) Importer(Primary)  -> (artifact id: 'a50b2269e40f6f7dcc9ffae0d9a5c1a8') in 0.001131 seconds
Start importing Packages/com.unity.test-framework/UnityEditor.TestRunner/RequireApiProfileAttribute.cs using Guid(a667f6654ad7a9548b8c8e68b51c8895) Importer(Primary)  -> (artifact id: 'b072abd852d3b54464d84ee9f75a1767') in 0.001279 seconds
Start importing Packages/com.unity.mathematics/Tests/Tests/Shared/TestInt2.gen.cs using Guid(a60a1141ea2c3bc49b14be2842a73f00) Importer(Primary)  -> (artifact id: '2747fb3b92cb68aa4d9882cdbd94c6c5') in 0.001045 seconds
Start importing Packages/com.unity.collections/Unity.Collections/ConcurrentMask.cs using Guid(c6561bdb03b3b415a9725d8af46e62d4) Importer(Primary)  -> (artifact id: '9fdb3149be5572683027ca6e63f2a936') in 0.001162 seconds
Start importing Packages/com.unity.cloud.gltfast/Runtime/Scripts/MaterialsVariants/MultiMaterialsVariantsSlotInstances.cs using Guid(c6aa6418ed574092ab2e55c01bb51b08) Importer(Primary)  -> (artifact id: 'b83d3e8339f59affc8a1a719ef65e989') in 0.001127 seconds
Start importing Packages/com.unity.test-framework/UnityEngine.TestRunner/Utils/ColorEqualityComparer.cs using Guid(d6105bc8cf5ce544487daca4cbc62583) Importer(Primary)  -> (artifact id: 'd6b74be1b0d90170e7100bbe90ce71e4') in 0.001410 seconds
Start importing Packages/com.unity.cloud.gltfast/Runtime/Scripts/ImportAddons/ImportAddonInstance.cs using Guid(d6f2c241a52b7234dbfe39b9cae0a16c) Importer(Primary)  -> (artifact id: 'bcbce83c01c2000611f9d00a758a4412') in 0.001123 seconds
Start importing Packages/com.unity.test-framework/UnityEditor.TestRunner/TestRunner/Utils/TestListCache.cs using Guid(d685d97a1eb004f49afea0cc982ff728) Importer(Primary)  -> (artifact id: '9f359bef29399bb717d13762349ef2d5') in 0.001105 seconds
Start importing Packages/com.unity.collections/Unity.Collections.Tests/RewindableAllocatorTests.cs using Guid(d6f62a44924d8df438a53cc6b81bef95) Importer(Primary)  -> (artifact id: 'ae053a12bf1300b13e52f63755b96694') in 0.001104 seconds
Start importing Packages/com.unity.cloud.gltfast/Runtime/Scripts/Newtonsoft/Schema/Scene.cs using Guid(e650e70c9d30b4e0a822850ca68fc95d) Importer(Primary)  -> (artifact id: '0aad18d13b4826fea728f2e85888371f') in 0.001075 seconds
Start importing Packages/com.unity.collections/Unity.Collections.Tests/FixedStringCultureTests.cs using Guid(e63bf9a80e1c4f6fa05404f9afe1bb32) Importer(Primary)  -> (artifact id: '7f445893fc8a3e61599df89c1bbda0c1') in 0.001070 seconds
Start importing Packages/com.unity.test-framework/UnityEditor.TestRunner/TestLaunchers/PlatformSetup/ApplePlatformSetup.cs using Guid(f6c189a159d3bde4c964cee562e508ea) Importer(Primary)  -> (artifact id: '442e0a9190479ba53066a823b79c6bb0') in 0.001780 seconds
Start importing Packages/com.unity.mathematics/Unity.Mathematics/float2x3.gen.cs using Guid(f6047b8d8f85d4465b798320ea146853) Importer(Primary)  -> (artifact id: '9bc605b951bd62682abc282fc3073c4c') in 0.001053 seconds
Start importing Packages/com.unity.mathematics/Tests/Tests/Shared/TestInt3x4.gen.cs using Guid(f6cb6aa9b75ca25439dd64f10fe7d737) Importer(Primary)  -> (artifact id: '8acb0d70f1ba0b2120216724a4c6f500') in 0.001554 seconds
Start importing Packages/com.unity.mathematics/Unity.Mathematics/bool2.gen.cs using Guid(0790199222baf67419fdf802d76f93f5) Importer(Primary)  -> (artifact id: '1d2b5533b07e897d1076d3efc053149a') in 0.001129 seconds
Start importing Packages/com.unity.cloud.gltfast/Runtime/Scripts/Newtonsoft/Schema/NormalTextureInfo.cs using Guid(07b06e1d020cb4679829a32b7567b949) Importer(Primary)  -> (artifact id: '8483330c7d1f130b24238d1c863e9f65') in 0.001540 seconds
Start importing Packages/com.unity.cloud.gltfast/Runtime/Scripts/Schema/MeshGpuInstancing.cs using Guid(0717469a78ddd47b88fc4d71b9f07e95) Importer(Primary)  -> (artifact id: 'da93bdffeefe75ad06275d0507ee0f92') in 0.001101 seconds
Start importing Packages/com.unity.cloud.gltfast/Runtime/Scripts/MainBufferType.cs using Guid(072826d1e49740aaa4e40be31b49e7b5) Importer(Primary)  -> (artifact id: 'c495e54ca53c4e485980dad3d0a74ac2') in 0.001058 seconds
Start importing Packages/com.unity.collections/Unity.Collections.Tests/NativeHashMapTestsFixture.cs using Guid(073d9e43aff74464ab326f22b63d0dce) Importer(Primary)  -> (artifact id: '0f4282239ff46543b432e32b25c4a8ea') in 0.001095 seconds
Start importing Packages/com.unity.mathematics/Tests/Tests/Shared/TestInt4x4.gen.cs using Guid(17b4cf050aaf4e44e965ec9de78ce8bd) Importer(Primary)  -> (artifact id: 'fa4f31d80df2ec0720e1c9238534c536') in 0.001090 seconds
Start importing Packages/com.unity.burst/Runtime/CompilerServices/AssumeRangeAttribute.cs using Guid(17055f9e032f36c6ae549103649199f4) Importer(Primary)  -> (artifact id: '50c27eafec47eb124319c134595f7ec2') in 0.001517 seconds
Start importing Packages/com.unity.cloud.gltfast/Runtime/Scripts/ImageFormat.cs using Guid(1777ea20287043208f52643fc1b80201) Importer(Primary)  -> (artifact id: '7a87aa2ac2544afe00ef7a639d39f786') in 0.001049 seconds
Start importing Packages/com.unity.mathematics/Unity.Mathematics/double4x2.gen.cs using Guid(2780651a7c8e8413da73612cb720fbac) Importer(Primary)  -> (artifact id: 'c57ed48dd740584b6d22dc549b276d0d') in 0.001916 seconds
Start importing Packages/com.unity.test-framework/UnityEditor.TestRunner/GUI/TestListTreeView/Icons.cs using Guid(27769e9b00b038d47aefe306a4d20bec) Importer(Primary)  -> (artifact id: '8cee53ad648acb654c0a4dfc1eb1e7b7') in 0.001136 seconds
Start importing Packages/com.unity.mathematics/Tests/Tests/Shared/TestFloat3x3.gen.cs using Guid(27c6e6d3cc1ef6643995a494e7e3b0d3) Importer(Primary)  -> (artifact id: '86d3dc011fecf1ac530bbe60c688971d') in 0.001133 seconds
Start importing Packages/com.unity.test-framework/UnityEngine.TestRunner/TestRunner/PlaymodeTestsControllerSettings.cs using Guid(2799eb4c84e72e54092a292cf626936b) Importer(Primary)  -> (artifact id: 'fce131a814848d56df6eb5d347aeec08') in 0.001139 seconds
Start importing Packages/com.unity.collections/Unity.Collections/UnsafeList.cs using Guid(277dac84baaf845b1952f2269f374912) Importer(Primary)  -> (artifact id: 'c93d40c115b684f5f4e89b1007528426') in 0.001489 seconds
Start importing Packages/com.unity.mathematics/Tests/Tests/Shared/TestUint2x4.gen.cs using Guid(27ff3548fed6aa741b4d1d7cb7a291e2) Importer(Primary)  -> (artifact id: 'cc54b860517523d5e626645a99b299cd') in 0.001185 seconds
Start importing Packages/com.unity.test-framework/UnityEngine.TestRunner/NUnitExtensions/BaseDelegator.cs using Guid(37cea569bfefafe49a1513c4d7f0e9eb) Importer(Primary)  -> (artifact id: '19b133901635ca28eaf3c3e41868336c') in 0.001095 seconds
Start importing Packages/com.unity.test-framework/UnityEditor.TestRunner/TestRun/Tasks/LegacyPlayModeRunTask.cs using Guid(4769fe1e7475c8843b092338acbcad25) Importer(Primary)  -> (artifact id: '5859842449f280815ea9eb52256f2b4a') in 0.001164 seconds
Start importing Packages/com.unity.test-framework/UnityEngine.TestRunner/TestRunner/RemoteHelpers/RemoteTestResultDataWithTestData.cs using Guid(475e3699f219c854f8581a9838135002) Importer(Primary)  -> (artifact id: 'b64d7998739e03e98bc5c8b98fed6d46') in 0.001194 seconds
Start importing Packages/com.unity.cloud.gltfast/Runtime/Scripts/Schema/BufferView.cs using Guid(5702646506dff47cdb2db09a4826449c) Importer(Primary)  -> (artifact id: 'ae89e5c27f53a41277b82cdae3747e1a') in 0.001090 seconds
Start importing Packages/com.unity.cloud.gltfast/DocExamples/WebP.cs using Guid(57b70c10212fe4854b0d656de33430f0) Importer(Primary)  -> (artifact id: 'c990bd0cae12fb6fb45c781f97b8fd27') in 0.001106 seconds
Start importing Packages/com.unity.burst/Runtime/CompilerServices/Aliasing.cs using Guid(57a9f349ecdd3cd6b50a30954d4f50f3) Importer(Primary)  -> (artifact id: '0e37bf374fc18dba2e49538839110380') in 0.001165 seconds
Start importing Packages/com.unity.cloud.gltfast/Runtime/Scripts/Schema/TextureInfo.cs using Guid(572a904f8474e4747b6d2f1cd6924704) Importer(Primary)  -> (artifact id: '1e2edcf3ebbb5a5aa1ce439347c58fed') in 0.001012 seconds
Start importing Packages/com.unity.mathematics/Unity.Mathematics/int3x4.gen.cs using Guid(67f00d3260d3e46778497ed1e2b93c92) Importer(Primary)  -> (artifact id: '17da2fb14d7d259c46f5900875847c2a') in 0.001086 seconds
Start importing Packages/com.unity.cloud.gltfast/Runtime/Scripts/Schema/FakeSchema/NamedObject.cs using Guid(6713b2eb802bd4e52972bc2edc82c0de) Importer(Primary)  -> (artifact id: '08af207c371189b53a4bf94aeb45307c') in 0.001111 seconds
Start importing Packages/com.unity.mathematics/Unity.Mathematics/double4x3.gen.cs using Guid(673ff09d67f254e00a538d7bbb41618e) Importer(Primary)  -> (artifact id: '68cbf9684fd8301b767842ef6813f435') in 0.001042 seconds
Start importing Packages/com.unity.test-framework/UnityEditor.TestRunner/UnityTestProtocol/TestState.cs using Guid(77f432980bb30084299a138e15c6f571) Importer(Primary)  -> (artifact id: '69ba259af1ddbaea7e4aa8e64ac6f149') in 0.001072 seconds
Start importing Packages/com.unity.mathematics/Tests/Tests/Shared/TestDouble4.gen.cs using Guid(872190ea505e35646b9b1e492b8316c7) Importer(Primary)  -> (artifact id: '2c4d49fd5bf0536723b00d0d56762322') in 0.001443 seconds
Start importing Packages/com.unity.cloud.gltfast/Editor/Scripts/InstantiationSettingsEditor.cs using Guid(8793e79932a5c408db9aafd1b924a99a) Importer(Primary)  -> (artifact id: '2a94355e32c7253283c707b5306b488a') in 0.001106 seconds
Start importing Packages/com.unity.test-framework/UnityEditor.TestRunner/GUI/TestListBuilder/RenderingOptions.cs using Guid(87357ff0dec4ef348a295235835c6ee4) Importer(Primary)  -> (artifact id: '78bfc6d09a28522b6db051163b1a308d') in 0.001213 seconds
Start importing Packages/com.unity.test-framework/UnityEngine.TestRunner/TestRunner/RemoteHelpers/IRemoteTestResultDataFactory.cs using Guid(874c0713cdc44f549b0161750b48d2c2) Importer(Primary)  -> (artifact id: 'f4795d440292baa10f7e00f93bb2d2d7') in 0.001666 seconds
Start importing Packages/com.unity.mathematics/Unity.Mathematics/int3.gen.cs using Guid(87ec2d8734054e84fa6976e8e8d4decf) Importer(Primary)  -> (artifact id: '26120374cb6acbf8e047a3eab1f687b5') in 0.001099 seconds
Start importing Packages/com.unity.test-framework/UnityEngine.TestRunner/NUnitExtensions/Runner/UnityTestAssemblyRunner.cs using Guid(874e40a588dbb1e48bc128d686337d4e) Importer(Primary)  -> (artifact id: '12086378dbbd1a4d1f83792c0bec8fa8') in 0.001548 seconds
Start importing Packages/com.unity.test-framework/UnityEditor.TestRunner/GUI/TestListGuiHelper.cs using Guid(97a05971510726f438153cd4987526fb) Importer(Primary)  -> (artifact id: 'b2450dea82374ae12afe9d9b7503c8d6') in 0.001272 seconds
Start importing Packages/com.unity.cloud.gltfast/Editor/Scripts/MenuEntries.cs using Guid(97759b33473f943e5a24b78714284966) Importer(Primary)  -> (artifact id: 'dbc6e5ade8d705389b9081cac5ce01f5') in 0.001144 seconds
Start importing Packages/com.unity.cloud.gltfast/Runtime/Scripts/Newtonsoft/Schema/AnimationChannelTarget.cs using Guid(974d322f0af294677849e82275f3e4cd) Importer(Primary)  -> (artifact id: '63fe3670fb8b8d4198c21bba03b1aee9') in 0.001233 seconds
Start importing Packages/com.unity.test-framework/UnityEditor.TestRunner/TestRunner/Utils/ITestListCache.cs using Guid(a704c010bcdb1ec4a9f3417b3c393164) Importer(Primary)  -> (artifact id: '60f129abd1eced4293757b58c2a82062') in 0.001116 seconds
Start importing Packages/com.unity.test-framework/UnityEditor.TestRunner/Api/ITestRunnerApi.cs using Guid(a7842a837a4b13e41ae16193db753418) Importer(Primary)  -> (artifact id: '7bc954d49bf2a633f2bc1f1ae9eda556') in 0.001718 seconds
Start importing Packages/com.unity.cloud.gltfast/Runtime/Scripts/Material/StandardShaderMode.cs using Guid(a715adcf96ba44d4942421825c100be0) Importer(Primary)  -> (artifact id: '4b12147a5c9dc6e3385a61108fc2d5bb') in 0.001057 seconds
Start importing Packages/com.unity.mathematics/Tests/Tests/Shared/TestInt3x2.gen.cs using Guid(a70be02e3e9e4764494cdb824f94da34) Importer(Primary)  -> (artifact id: '655622c873e35eaf87f487cdc902f23c') in 0.001201 seconds
Start importing Packages/com.unity.burst/Runtime/Intrinsics/v256.cs using Guid(b7010e2961793c8ab9d5fec3d5c886d0) Importer(Primary)  -> (artifact id: '54f4e8eb3773cf76f402cc9aa3bddd09') in 0.001568 seconds
Start importing Packages/com.unity.cloud.gltfast/Runtime/Scripts/GltfAsset.cs using Guid(b781fe673a5534e91b1e802df4b9362e) Importer(Primary)  -> (artifact id: '78fc803ed69e6c5c869c3e0314e650ba') in 0.001565 seconds
Start importing Packages/com.unity.mathematics/Unity.Mathematics/Geometry/Plane.cs using Guid(b715caa4800cd41edbf02f1d3a42accf) Importer(Primary)  -> (artifact id: '7913dd66353ff85e8165c66e4219635a') in 0.001090 seconds
Start importing Packages/com.unity.cloud.gltfast/Runtime/Scripts/Schema/LightsPunctual.cs using Guid(b765f9e02011a4b179f65edd75f6a211) Importer(Primary)  -> (artifact id: '7a2978109b835b61b6c7fc45f390e18f') in 0.001087 seconds
Start importing Packages/com.unity.test-framework/UnityEditor.TestRunner/CommandLineTest/SettingsBuilder.cs using Guid(b7468a027a77337478e133b40b42b4f9) Importer(Primary)  -> (artifact id: 'd4fc8c067f582966b058bb542ebb5731') in 0.001104 seconds
Start importing Packages/com.unity.cloud.gltfast/Runtime/Scripts/MeshGenerator.cs using Guid(b7961021efef94307ab4b56591af0235) Importer(Primary)  -> (artifact id: '70532b687db34db7eb37b878b5ff623c') in 0.001616 seconds
Start importing Packages/com.unity.collections/Unity.Collections.Tests/NativeReferenceTests.cs using Guid(b737b50d5785388458f6bc50c9dfa8ea) Importer(Primary)  -> (artifact id: '552a27925f483c2771023362f9aaf413') in 0.001152 seconds
Start importing Packages/com.unity.mathematics/Unity.Mathematics.Editor/QuaternionDrawer.cs using Guid(b78c76192c2e742779541501cfe4ca76) Importer(Primary)  -> (artifact id: '9dbd92e65be4730563446659cadf9c81') in 0.001283 seconds
Start importing Packages/com.unity.mathematics/Tests/Tests/Shared/TestBool4x2.gen.cs using Guid(c7ec685ec2ccae14a851a50b1bcbebfa) Importer(Primary)  -> (artifact id: '5d2ee20766a64226da6be49ef43aa2bf') in 0.001083 seconds
Start importing Packages/com.unity.test-framework/UnityEngine.TestRunner/NUnitExtensions/Runner/DefaultTestWorkItem.cs using Guid(c7cfda246e604b945b12b7afedb094ce) Importer(Primary)  -> (artifact id: '7d6d0c946ea3c9634de91d345637d6e2') in 0.001973 seconds
Start importing Packages/com.unity.test-framework/UnityEditor.TestRunner/Api/ICallbacksHolder.cs using Guid(d742f2caefd9f934d9f19dad07a08e6f) Importer(Primary)  -> (artifact id: '9d8a8e2d39c1c4987009cc7ccfb0b5bd') in 0.001148 seconds
Start importing Packages/com.unity.cloud.gltfast/DocExamples/PngTextureAddon.cs using Guid(e77fb6b01275544b8a3e420cbb55bae5) Importer(Primary)  -> (artifact id: 'fbbb544306b603c259d6205cad1a7132') in 0.001995 seconds
Start importing Packages/com.unity.burst/Runtime/Intrinsics/Arm/NEON_AArch64_rdma.cs using Guid(082593b719933f8b9f8feb40687d867e) Importer(Primary)  -> (artifact id: '829293a530afd95a8112e71cdfc2234c') in 0.001248 seconds
Start importing Packages/com.unity.test-framework/UnityEditor.TestRunner/CommandLineTest/Executer.cs using Guid(083c6a3a5426382449369ddc12b691d8) Importer(Primary)  -> (artifact id: '518539474692964a354cfefbd6145e68') in 0.001345 seconds
Start importing Packages/com.unity.burst/Runtime/Intrinsics/x86/Sse3.cs using Guid(084c864f475138fba5e71aa0c9653558) Importer(Primary)  -> (artifact id: 'bfbb464f8cc78c343c2959b6ec44b4b0') in 0.001113 seconds
Start importing Packages/com.unity.cloud.gltfast/Runtime/Scripts/CancellationTokenExtension.cs using Guid(185562e36ae2ca14ab3c7be4bdde2e08) Importer(Primary)  -> (artifact id: '16ca7c7647a37957f54497cba04c1cbf') in 0.001155 seconds
Start importing Packages/com.unity.burst/Editor/LabeledPopup.cs using Guid(1866ac6bc48730369997713fedb42baa) Importer(Primary)  -> (artifact id: '281dcfd4c5f36f11df81b3978b3903ac') in 0.001288 seconds
Start importing Packages/com.unity.cloud.gltfast/Runtime/Scripts/Material/IMaterialGenerator.cs using Guid(18f79a702cf3643cfbaf70b50adb3271) Importer(Primary)  -> (artifact id: '49d38c19190a6df03f80d65967b64d45') in 0.001654 seconds
Start importing Packages/com.unity.mathematics/Unity.Mathematics/uint4x4.gen.cs using Guid(1878454c2f73547909bfcea105ffd941) Importer(Primary)  -> (artifact id: '2e2f5d08ef22f3bcc6daf22b18cf8362') in 0.001564 seconds
Start importing Packages/com.unity.cloud.gltfast/Runtime/Scripts/DefaultDeferAgent.cs using Guid(18ca634d619a147bba2ce5e5ef3a1b47) Importer(Primary)  -> (artifact id: '9c0cc1f96cc77395aa9e87963220d526') in 0.001034 seconds
Start importing Packages/com.unity.cloud.gltfast/Runtime/Scripts/IndicesData.cs using Guid(181b1b32e1f74eec8bcf1333fb5912aa) Importer(Primary)  -> (artifact id: '007b98c68653b375963b53bec72769d3') in 0.001064 seconds
Start importing Packages/com.unity.cloud.gltfast/Runtime/Scripts/Newtonsoft/Schema/MeshExtras.cs using Guid(185c56300ecc94e1ebbbfc5892c374c2) Importer(Primary)  -> (artifact id: '82c8cff2b0a8ae37d9d323a2713a4c7d') in 0.001071 seconds
Start importing Packages/com.unity.mathematics/Unity.Mathematics/Noise/classicnoise4D.cs using Guid(283464e0e530a4cdfbf4fae82efed3e3) Importer(Primary)  -> (artifact id: '5b9f6ebff43727205ff82ce2004678a3') in 0.001398 seconds
Start importing Packages/com.unity.cloud.gltfast/Runtime/Scripts/Schema/Root.cs using Guid(28050f3203e034145b8c2139e518c2e6) Importer(Primary)  -> (artifact id: '03db068bb246fe50a0074f340ef1328b') in 0.001122 seconds
Start importing Packages/com.unity.test-framework/UnityEditor.TestRunner/UnityTestProtocol/TestPlanMessage.cs using Guid(28f79a0d7e64c2345bc46f8c4cf788f8) Importer(Primary)  -> (artifact id: '21f5cc8d689273e28f6dce02ab3d1d67') in 0.001316 seconds
Start importing Packages/com.unity.test-framework/UnityEditor.TestRunner/TestRunner/Utils/IEditorCompilationInterfaceProxy.cs using Guid(28c8fcb831e6e734a9f564bc4f495eba) Importer(Primary)  -> (artifact id: 'b311a526b77addc857b69e8da0dcc01e') in 0.001206 seconds
Start importing Packages/com.unity.test-framework/UnityEngine.TestRunner/Utils/ITestRunCallback.cs using Guid(38d0b8a87b967304da08a2ae9b955066) Importer(Primary)  -> (artifact id: '2458c70509bdf835ea3a59b7c32e7508') in 0.001541 seconds
Start importing Packages/com.unity.test-framework/UnityEngine.TestRunner/NUnitExtensions/Attributes/TestMustExpectAllLogsAttribute.cs using Guid(3803f736886e77842995ddbc3531afaa) Importer(Primary)  -> (artifact id: '652f36c8f29399354c781094179862fe') in 0.001082 seconds
Start importing Packages/com.unity.test-framework/UnityEngine.TestRunner/NUnitExtensions/Runner/UnityLogCheckDelegatingCommand.cs using Guid(48230e4e90fb4d14a9d56bddea898413) Importer(Primary)  -> (artifact id: '1a7c3c218ebec8541b4ba91774fe3e71') in 0.001745 seconds
Start importing Packages/com.unity.test-framework/UnityEditor.TestRunner/Api/CallbacksHolder.cs using Guid(4884ccc3528cb2e40a0e6f0a19a2b35b) Importer(Primary)  -> (artifact id: '7a96b8f762d939ad25bbbc7c50f203ac') in 0.001440 seconds
Start importing Packages/com.unity.collections/Unity.Collections.Tests/GcAllocRecorderTest.cs using Guid(58905de7f0380435aa51db1472b48ca8) Importer(Primary)  -> (artifact id: '13b32d8eff9e6223e3da35152b0ade09') in 0.001612 seconds
Start importing Packages/com.unity.collections/Unity.Collections/UnsafeAtomicCounter.cs using Guid(5811fa70eb1e3da40b802cd058899005) Importer(Primary)  -> (artifact id: '6904d8bbee2cd6ec9372c7f5f415b2a3') in 0.001171 seconds
Start importing Packages/com.unity.collections/Unity.Collections.Tests/UnsafeAtomicCounterTests.cs using Guid(586151f33b0f56d4e982fc9661d27323) Importer(Primary)  -> (artifact id: 'ee1b5e74f7cac6569da55bc140b08090') in 0.001801 seconds
Start importing Packages/com.unity.mathematics/Tests/Tests/Shared/TestBool4x3.gen.cs using Guid(58c624ce115ab234d9a595288af4c5e0) Importer(Primary)  -> (artifact id: '682fe4785733452a183ade336923cb50') in 0.001447 seconds
Start importing Packages/com.unity.cloud.gltfast/Runtime/Scripts/Schema/AnimationChannel.cs using Guid(584d57f629674f6a9620cdb1ab2b1fcd) Importer(Primary)  -> (artifact id: 'fa7ad1a06a1823f5334c6537d1bb3e2a') in 0.001314 seconds
Start importing Packages/com.unity.test-framework/UnityEngine.TestRunner/Utils/Vector2EqualityComparer.cs using Guid(58ad09607a0d62d458a78d7174665566) Importer(Primary)  -> (artifact id: '070ff6672fdbe1d842ded4f1d5dcb4fd') in 0.001653 seconds
Start importing Packages/com.unity.burst/Editor/BurstDisassembler.Core.ARM64.info.cs using Guid(58bea487d1963bbab5d6d2ca5e5e495d) Importer(Primary)  -> (artifact id: 'e73821195daab52b143fa9e655d0aad7') in 0.002393 seconds
Start importing Packages/com.unity.test-framework/UnityEngine.TestRunner/Utils/TestRunCallbackListener.cs using Guid(68f09f0f82599b5448579854e622a4c1) Importer(Primary)  -> (artifact id: '26eb815a92fed46a1bd0e5ed78bef317') in 0.001389 seconds
Start importing Packages/com.unity.cloud.gltfast/Editor/Scripts/GltfAssetEditor.cs using Guid(683196dff1b6443d89c2ead90facfbc3) Importer(Primary)  -> (artifact id: '5693e0d7be005e9f04132bfbf9df0341') in 0.002409 seconds
Start importing Packages/com.unity.mathematics/Tests/Tests/Shared/TestInt4.gen.cs using Guid(682471010e9050444948ecc9c69b3b0c) Importer(Primary)  -> (artifact id: 'a161dbade57d995f13dbc89a4621eda7') in 0.001580 seconds
Start importing Packages/com.unity.test-framework/UnityEngine.TestRunner/Assertions/ConstraintsExtensions.cs using Guid(68a48d1900320ed458e118415857faf6) Importer(Primary)  -> (artifact id: '3ac6264d989b94620691ce6c6286f982') in 0.001210 seconds
Start importing Packages/com.unity.test-framework/UnityEngine.TestRunner/NUnitExtensions/Runner/FailCommand.cs using Guid(68e5dc8bfd5d72647a93b7f2e1da831a) Importer(Primary)  -> (artifact id: '0f38201d5657a3f411140c05cc323d48') in 0.002148 seconds
Start importing Packages/com.unity.mathematics/Unity.Mathematics/Noise/noise3Dgrad.cs using Guid(6849bb8369e5b4b2eb95e435578ff960) Importer(Primary)  -> (artifact id: 'a666b044226296a72ede9e79b7219889') in 0.001453 seconds
Start importing Packages/com.unity.test-framework/UnityEditor.TestRunner/Api/TestRunnerApi.cs using Guid(68993ba529ae04440916cb7c23bf3279) Importer(Primary)  -> (artifact id: '7e56a09bd2f4bf3c5523a5154d2a7dd3') in 0.001696 seconds
Start importing Packages/com.unity.burst/Editor/BurstDisassembler.Core.LLVMIR.cs using Guid(782955a5862f386abfcec83b7a2d0f2c) Importer(Primary)  -> (artifact id: '5f04740ea461bca93d2c3bbedc0c05da') in 0.001325 seconds
Start importing Packages/com.unity.collections/Unity.Collections.Tests/NativeHashSetTests.cs using Guid(78ef485c88176444bae5f0fce37b4e29) Importer(Primary)  -> (artifact id: '9bf7de8495ef4bdba97fa323ebff57f9') in 0.001626 seconds
Start importing Packages/com.unity.collections/Unity.Collections.Tests/DotsRuntimeIgnore.cs using Guid(88c1558fd20459c4d8c2082f9374d226) Importer(Primary)  -> (artifact id: '964b35e924d784c4519cb2eb013e8f96') in 0.001870 seconds
Start importing Packages/com.unity.collections/Unity.Collections.Tests/UnsafeRingQueueTests.cs using Guid(885d383951746604982b43fd5255f058) Importer(Primary)  -> (artifact id: '568d622c943a64d2c6d96f6f86bb2d11') in 0.001216 seconds
Start importing Packages/com.unity.cloud.gltfast/Runtime/Scripts/Newtonsoft/Schema/IJsonObject.cs using Guid(889e78445a4b4b2083daa1e7c96601a2) Importer(Primary)  -> (artifact id: '4e54cac6cf67860993141be10a10c6c4') in 0.001077 seconds
Start importing Packages/com.unity.test-framework/UnityEditor.TestRunner/TestRunner/Utils/IEditorAssembliesProxy.cs using Guid(98808b11e78f6c84a841a6b4bc5a29d2) Importer(Primary)  -> (artifact id: '3ef7e506ae35c8cc1dd3fb15f602a9c2') in 0.001488 seconds
Start importing Packages/com.unity.cloud.gltfast/Runtime/Scripts/GlbBinChunk.cs using Guid(9834c713c5f3e47ab8e4404286bf98a5) Importer(Primary)  -> (artifact id: '27867a63268d2b77afc01bd6aa5840a5') in 0.001329 seconds
Start importing Packages/com.unity.test-framework/UnityEngine.TestRunner/NUnitExtensions/UnityTestAssemblyBuilder.cs using Guid(98ba0396e4b4ee8498a8f097affcfddf) Importer(Primary)  -> (artifact id: '6cd1dc3f35367e164d400aa4e719b315') in 0.001709 seconds
Start importing Packages/com.unity.cloud.gltfast/Runtime/Scripts/Export/BuiltInStandardMaterialExport.cs using Guid(98caaf8124b124d71b6a10ced5602aee) Importer(Primary)  -> (artifact id: '01ba020b6e6d424cc0d67e8f79ee439d') in 0.001471 seconds
Start importing Packages/com.unity.cloud.gltfast/Runtime/Scripts/sbyte4.cs using Guid(a8f23e44a1fe94ac1b62e4f79e5613bd) Importer(Primary)  -> (artifact id: '28eff281c45a3b2d8c7e7b63a1900cee') in 0.001465 seconds
Start importing Packages/com.unity.test-framework/UnityEditor.TestRunner/Api/Analytics/AnalyticsReporter.cs using Guid(a85430cc5a4a4279a992be322de12b29) Importer(Primary)  -> (artifact id: 'df1531c9931186b680ddc327d615ab91') in 0.001272 seconds
Start importing Packages/com.unity.mathematics/Unity.Mathematics/quaternion.cs using Guid(a8481bb868ae344e9b4a5551a11483d3) Importer(Primary)  -> (artifact id: '59b8a8736b506ef30c33c14fb0472157') in 0.001453 seconds
Start importing Packages/com.unity.test-framework/UnityEngine.TestRunner/Assertions/UnhandledLogMessageException.cs using Guid(a8ed4063f2beecd41a234a582202f3c4) Importer(Primary)  -> (artifact id: '00e6e64b47cfe094cf795bb21fc17170') in 0.001940 seconds
Start importing Packages/com.unity.mathematics/Unity.Mathematics/float4x3.gen.cs using Guid(b8e17e5c41b0344afa5389019db2eb9f) Importer(Primary)  -> (artifact id: '817cb0ab97cb1b7c3ff98ac84644b0ce') in 0.001502 seconds
Start importing Packages/com.unity.test-framework/UnityEditor.TestRunner/GUI/Views/TestListGUIBase.cs using Guid(b8abb41ceb6f62c45a00197ae59224c1) Importer(Primary)  -> (artifact id: '146796f384677d72cce771381bd9f32a') in 0.001174 seconds
Start importing Packages/com.unity.burst/Runtime/BurstExecutionEnvironment.cs using Guid(b85cbcd785ff3b1597b89eb2c453f4fe) Importer(Primary)  -> (artifact id: '91225c00e8f287603aebf4c743a94c18') in 0.001762 seconds
Start importing Packages/com.unity.test-framework/UnityEditor.TestRunner/NUnitExtension/Attributes/AssetPipelineIgnore.cs using Guid(b88caca58e05ee74486d86fb404c48e2) Importer(Primary)  -> (artifact id: 'd441559a7af94d3d228bc16faf7f73e0') in 0.001622 seconds
Start importing Packages/com.unity.burst/Runtime/Intrinsics/x86/Csr.cs using Guid(b88ec138634e3238a82a5b8f3d970ac1) Importer(Primary)  -> (artifact id: 'd0310c904adb92a6ad2d14b1a98ae303') in 0.001444 seconds
Start importing Packages/com.unity.cloud.gltfast/Runtime/Scripts/Schema/MeshPrimitive.cs using Guid(c81372fa8e5d942dbac4a9d5157d5f04) Importer(Primary)  -> (artifact id: 'ae0e530c4c4a75c38a896eb945ad614b') in 0.001635 seconds
Start importing Packages/com.unity.collections/Unity.Collections.Tests/NativeContainerTests_ValidateTypesFixture.cs using Guid(c8a96cba3114f4a3e91b0546fdcd0397) Importer(Primary)  -> (artifact id: '727dc8cf1349af73c1b9be7f7ea5b90b') in 0.001456 seconds
Start importing Packages/com.unity.test-framework/UnityEngine.TestRunner/NUnitExtensions/Attributes/ConditionalIgnoreAttribute.cs using Guid(c82a8473f4a8f7b42a004c91e06d2f2b) Importer(Primary)  -> (artifact id: '54f21a70ee150bed4b88e66dce3d3417') in 0.001114 seconds
Start importing Packages/com.unity.cloud.gltfast/Runtime/Scripts/LightPunctualExtension.cs using Guid(d838728b45eb4d13b24ba9d3ecf6010d) Importer(Primary)  -> (artifact id: '6251b2c00e9843ceb3ebd5755df12845') in 0.001055 seconds
Start importing Packages/com.unity.burst/Runtime/Editor/BurstEditorOptions.cs using Guid(d81d96b8ea1936359196f069c6e225d8) Importer(Primary)  -> (artifact id: '597e1f166da942c14ca348660e759344') in 0.001205 seconds
Start importing Packages/com.unity.collections/Unity.Collections.Tests/NativeArraySortTests.cs using Guid(e882b40f28163514db4c9a34dbf1d6a5) Importer(Primary)  -> (artifact id: '2b410dfe1a5f85322b0ef44cb85d24dc') in 0.001262 seconds
Start importing Packages/com.unity.cloud.gltfast/Runtime/Scripts/ImportContext.cs using Guid(e897d9ebff6ea48a3bb8ba5e8df2d3d6) Importer(Primary)  -> (artifact id: 'd9c9d71647848fba7297f552132ce54b') in 0.001105 seconds
Start importing Packages/com.unity.burst/Unity.Burst.CodeGen/ILPostProcessing.cs using Guid(e8dd47a9e5283ced8ded83ce38cc78aa) Importer(Primary)  -> (artifact id: '1e539a4228938902a55172471b698ea9') in 0.001065 seconds
Start importing Packages/com.unity.cloud.gltfast/Runtime/Scripts/Newtonsoft/Schema/Skin.cs using Guid(f8d07886c8a5f4dd99722516a51c87d9) Importer(Primary)  -> (artifact id: 'dcae88637f502d3535b7d445db0810a6') in 0.001088 seconds
Start importing Packages/com.unity.mathematics/Tests/Tests/Shared/TestFloat3x4.gen.cs using Guid(f8e09d2585c55f8498cd3e3221744e39) Importer(Primary)  -> (artifact id: '5aca3955c88832afec31e0109a200bc8') in 0.001047 seconds
Start importing Packages/com.unity.cloud.gltfast/Runtime/Scripts/Schema/TextureInfoExtensions.cs using Guid(f8f0c6330404c41d995fb935d2646524) Importer(Primary)  -> (artifact id: '988ce30a58decc55383adb3900868b2b') in 0.001618 seconds
Start importing Packages/com.unity.cloud.gltfast/Runtime/Scripts/ImportAddons/ImportAddonRegistry.cs using Guid(f8c10d63b0cdd1d4ebbd266fe6e05616) Importer(Primary)  -> (artifact id: '88d3be235b75c697c64ea603d2022121') in 0.001057 seconds
Start importing Packages/com.unity.cloud.gltfast/Runtime/Scripts/IInstantiator.cs using Guid(f84df6462ecfc478cb319ac3008c9368) Importer(Primary)  -> (artifact id: 'd34e56b139be8ce78bf2f048cf51e662') in 0.001277 seconds
Start importing Packages/com.unity.test-framework/UnityEngine.TestRunner/TestRunner/Callbacks/PlayerQuitHandler.cs using Guid(f8ed0b11850145c4995dd76170bb2500) Importer(Primary)  -> (artifact id: 'a6d147a36c3193d9b2dc56fc83da8d8d') in 0.001094 seconds
Start importing Packages/com.unity.cloud.gltfast/Runtime/Scripts/Newtonsoft/Schema/MeshPrimitiveExtensions.cs using Guid(09922fd61c1f54d6e9646de8d0f61862) Importer(Primary)  -> (artifact id: 'bf64f9edb708f9f4efe6ac55ff695f52') in 0.001102 seconds
Start importing Packages/com.unity.burst/Runtime/Intrinsics/x86/Ssse3.cs using Guid(0904d56406a93977ad6ef642b548155d) Importer(Primary)  -> (artifact id: '24a4e8fa3e1a16db40b5fd40aba0cf8e') in 0.001166 seconds
Start importing Packages/com.unity.cloud.gltfast/Runtime/Scripts/short4.cs using Guid(09fdc6d217f5346208727f4fa6c0a557) Importer(Primary)  -> (artifact id: '691b51fcacfb999dd2d64d85a21eb8f5') in 0.001503 seconds
Start importing Packages/com.unity.cloud.gltfast/Runtime/Scripts/Export/MeshMaterialCombination.cs using Guid(1970c17097d124b70a15d101f2d3529e) Importer(Primary)  -> (artifact id: '43360540831ea2e3caad63de4fd012b4') in 0.001082 seconds
Start importing Packages/com.unity.cloud.gltfast/Editor/Scripts/Constants.cs using Guid(19321ba41adf44e7b8819d4f4731b62c) Importer(Primary)  -> (artifact id: 'aa6c72b6605fd518aa7bf5b8561139ea') in 0.001196 seconds
Start importing Packages/com.unity.test-framework/UnityEngine.TestRunner/NUnitExtensions/Commands/EnumerableTestMethodCommand.cs using Guid(19a6f000f81e24c4a826c1abd43e77c7) Importer(Primary)  -> (artifact id: 'b718fd6e25a14ce0683d50f48b959767') in 0.001623 seconds
Start importing Packages/com.unity.collections/Unity.Collections/UnsafeStream.cs using Guid(29918a7b3ef861c4789f0cdb857bc267) Importer(Primary)  -> (artifact id: 'd97a3779a8061c556d2c8767d0d39914') in 0.001203 seconds
Start importing Packages/com.unity.mathematics/Unity.Mathematics/int2.gen.cs using Guid(29938ef4dca90ce47ae640695d8b1c9f) Importer(Primary)  -> (artifact id: '3ca6c07f9800914ffc921e25e5a987e8') in 0.001073 seconds
Start importing Packages/com.unity.cloud.gltfast/Runtime/Scripts/Schema/NamedObject.cs using Guid(2915082f14e58430eb7133121f11bab3) Importer(Primary)  -> (artifact id: 'c5f4bd7b48c7062225d8a4a34e484f82') in 0.001068 seconds
Start importing Packages/com.unity.test-framework/UnityEditor.TestRunner/CommandLineTest/ResultsWriter.cs using Guid(29d603e0a726a9043b3503112271844a) Importer(Primary)  -> (artifact id: '68e28fd34fc9e683c0db3a2637cda9be') in 0.001162 seconds
Start importing Packages/com.unity.collections/Unity.Collections/UnsafeMultiHashMap.cs using Guid(29fc3021329289446ad4d2970b5dcbed) Importer(Primary)  -> (artifact id: '4d68a3cd9929ea877245a72920ec24ba') in 0.001143 seconds
Start importing Packages/com.unity.cloud.gltfast/Runtime/Scripts/Export/MaskMapImageExport.cs using Guid(297d9583216f44773a87563851d965d7) Importer(Primary)  -> (artifact id: 'f26835755c79e251878d61f65e7a472e') in 0.001050 seconds
Start importing Packages/com.unity.burst/Editor/BurstAotCompiler.cs using Guid(3942ae11ab9734f0929f17ce7a5f0b00) Importer(Primary)  -> (artifact id: '180815138563f861cd8fd68314a7cc18') in 0.001038 seconds
Start importing Packages/com.unity.cloud.gltfast/Runtime/Scripts/Export/VertexAttributeUsage.cs using Guid(3979632072da4c0289e70956d2835208) Importer(Primary)  -> (artifact id: 'c3574d231204ae2b3de16553e8d52ff4') in 0.001631 seconds
Start importing Packages/com.unity.mathematics/Tests/Tests/Shared/TestDouble3x3.gen.cs using Guid(4971c82bdb64ccb49b92ffe0a2d2c59a) Importer(Primary)  -> (artifact id: '0e3e580b179ba9030c42ea5639d66ca5') in 0.001040 seconds
Start importing Packages/com.unity.collections/Unity.Collections.Tests/NativeArrayTests.cs using Guid(4994f8a9b786efc419e89e1e7146cdc6) Importer(Primary)  -> (artifact id: 'f3f81ad60bf8a584b47bd655fdc08989') in 0.000984 seconds
Start importing Packages/com.unity.cloud.gltfast/Runtime/Scripts/ushort3.cs using Guid(49ccf4f02a5d4c2281734c86d16e3e51) Importer(Primary)  -> (artifact id: '0fd474a16e9a3f9250235e42d19207df') in 0.001077 seconds
Start importing Packages/com.unity.test-framework/UnityEditor.TestRunner/CommandLineTest/RunSettings.cs using Guid(59d3f5586b341a74c84c8f72144a4568) Importer(Primary)  -> (artifact id: 'c438dec920554fa0900a974159987838') in 0.001119 seconds
Start importing Packages/com.unity.cloud.gltfast/Runtime/Scripts/MeshComparer.cs using Guid(59dec57cc42d45c7b5b43b1e1b5b11a3) Importer(Primary)  -> (artifact id: 'e76a006df4a76489870109ed11d1571e') in 0.001045 seconds
Start importing Packages/com.unity.test-framework/UnityEngine.TestRunner/NUnitExtensions/Runner/UnityTestExecutionContext.cs using Guid(59ff995fabb3bac45afa0f96f333e5dc) Importer(Primary)  -> (artifact id: '5955fc89fe9945a2ec5e99ab93f455e7') in 0.001290 seconds
Start importing Packages/com.unity.collections/Unity.Collections/CollectionHelper.cs using Guid(6901d664ec07a214cab08cbd83ca8deb) Importer(Primary)  -> (artifact id: '0a3a28f50e9c324b04c33083f654ea66') in 0.001318 seconds
Start importing Packages/com.unity.test-framework/UnityEditor.TestRunner/TestLaunchers/PlayerLauncherContextSettings.cs using Guid(6965880f76f40194593cb53a88f74005) Importer(Primary)  -> (artifact id: 'ea243e593698103f72a2954628ccb713') in 0.001099 seconds
Start importing Packages/com.unity.collections/Unity.Collections.Tests/FixedStringTests.cs using Guid(6936a9e20fa254433b9c06424258e80c) Importer(Primary)  -> (artifact id: '75aa027c7a15a4db6e944b8263a76bf8') in 0.001161 seconds
Start importing Packages/com.unity.test-framework/UnityEditor.TestRunner/Api/Analytics/TestTreeData.cs using Guid(697ab794770540d6951f83d62b8fa444) Importer(Primary)  -> (artifact id: '36a6796979afd4b739a7d85dc1681b05') in 0.001181 seconds
Start importing Packages/com.unity.cloud.gltfast/Runtime/Scripts/ReadOnlyNativeArray.cs using Guid(791451921d1d94b91a3e74f2e1c0ec4f) Importer(Primary)  -> (artifact id: 'cda1ac84ebc39370fec9e9abec7e1565') in 0.001278 seconds
Start importing Packages/com.unity.mathematics/Unity.Mathematics/half2.gen.cs using Guid(79785f1f327add947b5448161b8ddc4f) Importer(Primary)  -> (artifact id: '5750cad1be01d177e5fa2dae1feb1b94') in 0.001078 seconds
Start importing Packages/com.unity.mathematics/Unity.Mathematics/rigid_transform.cs using Guid(790a4c601e5714c18971af51ef3cbe71) Importer(Primary)  -> (artifact id: '18de90235f6ffbb6389fa8eee9b4e6f6') in 0.001267 seconds
Start importing Packages/com.unity.burst/Runtime/Intrinsics/x86/Sse4_1.cs using Guid(79fa55e43ac038089dbaa9227eea27ae) Importer(Primary)  -> (artifact id: '6736948a7b20aa1e1fc7902083b0c2e8') in 0.001112 seconds
Start importing Packages/com.unity.mathematics/Tests/Tests/Shared/TestFloat2.gen.cs using Guid(79dc86a9e627dcb4a9b6c6ae87b366b6) Importer(Primary)  -> (artifact id: 'a2830af332114e5e9d23b47995f9b556') in 0.001314 seconds
Start importing Packages/com.unity.cloud.gltfast/Runtime/Scripts/Newtonsoft/Schema/BufferView.cs using Guid(791e0cea258b64b94a105e7aae75c006) Importer(Primary)  -> (artifact id: '38206501155b93c6a6b3346c06eb662c') in 0.001099 seconds
Start importing Packages/com.unity.mathematics/Unity.Mathematics/uint4x2.gen.cs using Guid(793eda612f42a4089bcfd0be1ece0a6d) Importer(Primary)  -> (artifact id: 'af2f87db4273b3b080f9c74084b43716') in 0.001640 seconds
Start importing Packages/com.unity.test-framework/UnityEngine.TestRunner/NUnitExtensions/Runner/UnityWorkItem.cs using Guid(79ced2556f0af814a840b86232613ff1) Importer(Primary)  -> (artifact id: '78da275f3525c13ab36de1422800029e') in 0.001221 seconds
Start importing Packages/com.unity.cloud.gltfast/Runtime/Scripts/Newtonsoft/Schema/TextureExtensions.cs using Guid(89d423d6172664471afcd47d125d5b89) Importer(Primary)  -> (artifact id: '92a7e40d050ccc3cd55191b71488dde8') in 0.001130 seconds
Start importing Packages/com.unity.collections/Unity.Collections/FixedStringFormatMethods.gen.cs using Guid(89f65fb005504fceb04727480e65f16c) Importer(Primary)  -> (artifact id: 'ce8f13f623e8266db5ff2768dca00a50') in 0.001108 seconds
Start importing Packages/com.unity.test-framework/UnityEngine.TestRunner/TestRunner/Messages/IEditModeTestYieldInstruction.cs using Guid(898bc38486fc899428fbe5bd6adfe473) Importer(Primary)  -> (artifact id: 'ae89676f7bab5dac15c5c38a17fbf43a') in 0.001147 seconds
Start importing Packages/com.unity.mathematics/Unity.Mathematics/random.cs using Guid(897d0bd3ae806496b8724cb68e7d18c4) Importer(Primary)  -> (artifact id: '34215071d15efba0fa56ea225fbdced4') in 0.001213 seconds
Start importing Packages/com.unity.mathematics/Tests/Tests/Shared/TestUint4x2.gen.cs using Guid(89ef12b5bac48bb47b957005fa49bd89) Importer(Primary)  -> (artifact id: '53bc742caadd302f73058d5575921fd1') in 0.001430 seconds
Start importing Packages/com.unity.cloud.gltfast/Runtime/Scripts/Newtonsoft/Schema/AnimationChannel.cs using Guid(9924e7076726848d688606dcd4503de2) Importer(Primary)  -> (artifact id: '976c63c864b5a5e9b733338777586990') in 0.001057 seconds
Start importing Packages/com.unity.test-framework/UnityEngine.TestRunner/Assertions/LogScope/LogMatch.cs using Guid(9945ffed4692c6044b6d3acf81efd694) Importer(Primary)  -> (artifact id: '53d22ae58e077828925658a9fdefdad1') in 0.001132 seconds
Start importing Packages/com.unity.cloud.gltfast/Runtime/Scripts/MeshAssignment.cs using Guid(99e55c66c9cd4fed964a811628daabae) Importer(Primary)  -> (artifact id: '54add5683d19a33279fab191203fb700') in 0.001257 seconds
Start importing Packages/com.unity.mathematics/Tests/Tests/Shared/TestDouble4x3.gen.cs using Guid(a9a5b693ba34291418f7e9f627709a57) Importer(Primary)  -> (artifact id: '91506f37f2314fd0c83d70380ef63f03') in 0.001060 seconds
Start importing Assets/Editor/CompanionCatProjectBuilder.cs using Guid(b9d007d8286485f44a1de045bda303f9) Importer(Primary)  -> (artifact id: 'ab500cccb7ad3dbb5db61b6fe46c15e4') in 0.001905 seconds
Start importing Packages/com.unity.test-framework/UnityEditor.TestRunner/TestLaunchers/DelayedCallback.cs using Guid(b9d121df8c444236a5b38ccfadfdd1a7) Importer(Primary)  -> (artifact id: 'a52f44896f45f38a8d62af0854ba30d8') in 0.001111 seconds
Start importing Packages/com.unity.test-framework/UnityEngine.TestRunner/Utils/IOuterUnityTestAction.cs using Guid(b9c2a6302985d3846b7b9f6fd9e2da9a) Importer(Primary)  -> (artifact id: '22ff478e501fbd0eb1c06febfa791f29') in 0.001089 seconds
Start importing Packages/com.unity.cloud.gltfast/Runtime/Scripts/Schema/LightPunctual.cs using Guid(b9876388bc2c4d3ab8dc3c7948bbc39f) Importer(Primary)  -> (artifact id: 'fde90c243e45965928d43c2f009ed3ec') in 0.001221 seconds
Start importing Packages/com.unity.cloud.gltfast/Runtime/Scripts/Newtonsoft/Schema/MeshPrimitive.cs using Guid(b98b79e300997476198b6ef81097e7e2) Importer(Primary)  -> (artifact id: '9da6ba073ebc584dd294cf7a34cfe66f') in 0.001481 seconds
Start importing Packages/com.unity.test-framework/UnityEngine.TestRunner/TestRunner/SynchronousFilter.cs using Guid(b9aec9d3b0a86466ab4647d01e8fc87d) Importer(Primary)  -> (artifact id: 'a429e9b0a657bf2be99581e177df40b2') in 0.001516 seconds
Start importing Packages/com.unity.test-framework/UnityEditor.TestRunner/TestRun/Tasks/LegacyPlayerRunTask.cs using Guid(b93fe5bbea454ae438fcec241c5fa85b) Importer(Primary)  -> (artifact id: '7dbfb87dea2eee85577d477ccf8a26e3') in 0.001248 seconds
Start importing Packages/com.unity.test-framework/UnityEditor.TestRunner/TestRunner/EditModeRunner.cs using Guid(c9219e99d466b7741a057132d1994f35) Importer(Primary)  -> (artifact id: 'f3360d41140ef5299d02d709dce059a5') in 0.001339 seconds
Start importing Packages/com.unity.test-framework/UnityEditor.TestRunner/TestRunner/Utils/EditorCompilationInterfaceProxy.cs using Guid(c9b23632c77de204abfe8bf7168d48c0) Importer(Primary)  -> (artifact id: '02dacec15a629aca752674a7e57c04a3') in 0.001097 seconds
Start importing Packages/com.unity.collections/Unity.Collections/NativeText.gen.cs using Guid(c96af7680ee0e6c4095162d932aadf52) Importer(Primary)  -> (artifact id: '50e72e664431f78f0234ae4617b03f38') in 0.001146 seconds
Start importing Packages/com.unity.test-framework/UnityEngine.TestRunner/Assertions/LogAssert.cs using Guid(c97b794b51780d349a16826a4c7898d7) Importer(Primary)  -> (artifact id: '29416f8f26d6d7732b8c5ffe094c89cb') in 0.001679 seconds
Start importing Packages/com.unity.mathematics/Tests/Tests/Shared/TestFloat3.gen.cs using Guid(d920c9d9a3133d242af38fd80330960f) Importer(Primary)  -> (artifact id: 'a39098694aafee4ced7a92877af2ad6c') in 0.001147 seconds
Start importing Packages/com.unity.test-framework/UnityEditor.TestRunner/TestLaunchers/PlayerLauncher.cs using Guid(d973fc1524e4d724081553934c55958c) Importer(Primary)  -> (artifact id: 'e2c6d1e1860bdab61f2c1464584b4b5f') in 0.001149 seconds
Start importing Packages/com.unity.collections/DocCodeSamples.Tests/CollectionsExamples.cs using Guid(d9848a39deeb4ff9aa9e4cec03215a4b) Importer(Primary)  -> (artifact id: '0ccd3b9727be9bc0cdfbede05284cca4') in 0.001508 seconds
Start importing Packages/com.unity.cloud.gltfast/Runtime/Scripts/Schema/Skin.cs using Guid(e9b5aedbe038c409f93f9f05441d2743) Importer(Primary)  -> (artifact id: '086aaf3e9c498f6ca6011d939e81e732') in 0.001639 seconds
Start importing Packages/com.unity.cloud.gltfast/Runtime/Scripts/Schema/Sampler.cs using Guid(e9f648f0401f148f68174d6e4cc536c7) Importer(Primary)  -> (artifact id: 'b83cadfd44822e63f18196072db1bc52') in 0.001109 seconds
Start importing Packages/com.unity.mathematics/Unity.Mathematics/Noise/common.cs using Guid(e99a8e417be944dfaad14c2d60f8450d) Importer(Primary)  -> (artifact id: 'e7f7f32b56b0b203b845b0d7d7db7b58') in 0.001064 seconds
Start importing Packages/com.unity.collections/Unity.Collections/UTF8ArrayUnsafeUtility.cs using Guid(f9c067f2cfe24ce98e2deecdb0ed12a3) Importer(Primary)  -> (artifact id: '321597faa6a6484a5bed91e76ac40ce3') in 0.001697 seconds
Start importing Packages/com.unity.cloud.gltfast/Editor/Scripts/EditorImportSettings.cs using Guid(f989e96318ee5422aadb70c4bb252df0) Importer(Primary)  -> (artifact id: '6a64b161d603ce0ba5c6711d8076cea7') in 0.001077 seconds
Start importing Packages/com.unity.mathematics/Tests/Tests/Shared/TestDouble3x2.gen.cs using Guid(f95b40a83bedc474aa2badff08c0b04b) Importer(Primary)  -> (artifact id: 'bcf25479bedb81a6bb4cb43fbe01a1f0') in 0.001254 seconds
Start importing Packages/com.unity.mathematics/Tests/Tests/Shared/TestUint4.gen.cs using Guid(f91c46b1912b5d04d8e4e1ddb7377874) Importer(Primary)  -> (artifact id: 'a5b0872bc0344d2dc4bc5bdc0682509f') in 0.001181 seconds
Start importing Packages/com.unity.test-framework/UnityEditor.TestRunner/TestRunner/Utils/EditorAssembliesProxy.cs using Guid(f96d0ea807c081145a1170ed1b6d71e0) Importer(Primary)  -> (artifact id: 'c3387c8b05c9a047582170de0fd1bdfd') in 0.001345 seconds
Start importing Packages/com.unity.collections/Unity.Collections.Tests/FixedStringSizedTests.gen.cs using Guid(0a06298414d1430487a2bc2bde42fba6) Importer(Primary)  -> (artifact id: '04f04fa21e397e851b5477e551712e63') in 0.001193 seconds
Start importing Packages/com.unity.cloud.gltfast/Runtime/Scripts/Export/ImageFormat.cs using Guid(0a5ac974a55f47eebe55e9bee27a60e6) Importer(Primary)  -> (artifact id: 'f7709c58efae79415cc5e6f7a1e54613') in 0.000995 seconds
Start importing Packages/com.unity.mathematics/Tests/Tests/Shared/TestMath.gen.cs using Guid(0a9baee454a793140a0be3d7d81d09ee) Importer(Primary)  -> (artifact id: '95acc72238554aa15bc79e2a2ccba58c') in 0.001129 seconds
Start importing Packages/com.unity.test-framework/UnityEditor.TestRunner/UnityTestProtocol/UnityTestProtocolStarter.cs using Guid(1ac58cb55fc8daf4abd3945a2bbbb0c5) Importer(Primary)  -> (artifact id: '5ef8b6ae9bf2d83b7a837033df145b20') in 0.001221 seconds
Start importing Packages/com.unity.test-framework/UnityEditor.TestRunner/Api/IErrorCallbacks.cs using Guid(1a06c562b0c5eb046bcb876a29f93c98) Importer(Primary)  -> (artifact id: '06f2a24d375f4ee50a0e06f94b7be833') in 0.001105 seconds
Start importing Packages/com.unity.cloud.gltfast/Editor/Scripts/GltfAssetDependency.cs using Guid(1aaa3ac6bfeee4120bc398ccb553c591) Importer(Primary)  -> (artifact id: 'ac0d3a01f56b5078eb971c9915353e82') in 0.001095 seconds
Start importing Packages/com.unity.test-framework/UnityEditor.TestRunner/CommandLineTest/ExitCallbacks.cs using Guid(1adaa8dcc4fda3d4cb4d3c8e0cb65d12) Importer(Primary)  -> (artifact id: 'fc16558b8fa9bcb5fedee19e3156d24b') in 0.001209 seconds
Start importing Packages/com.unity.collections/Unity.Collections/UnsafeRingQueue.cs using Guid(1aaf054a8897c4b4684f81b97eab06ce) Importer(Primary)  -> (artifact id: 'bbba39d9b4726e7b0d9e88c0a0564ace') in 0.001673 seconds
Start importing Packages/com.unity.test-framework/UnityEditor.TestRunner/Api/ITestRunSettings.cs using Guid(2ae2ce6274819484fa8747a28cebdf3a) Importer(Primary)  -> (artifact id: 'df24ae14529e396b97f2a6a034c55fae') in 0.001083 seconds
Start importing Packages/com.unity.test-framework/UnityEditor.TestRunner/TestLaunchers/PlayerLauncherBuildOptions.cs using Guid(2a0bd678385f98e4d8eabdfc07d62b4f) Importer(Primary)  -> (artifact id: '05bf7e1a4a80f8982b256e239b6feda6') in 0.001131 seconds
Start importing Packages/com.unity.mathematics/Unity.Mathematics/float4x2.gen.cs using Guid(2a2cb705f8c4d45e8ba95502e037109b) Importer(Primary)  -> (artifact id: '301dc3709f0ad785bacc6e2acd5dd881') in 0.001179 seconds
Start importing Packages/com.unity.cloud.gltfast/Runtime/Scripts/Schema/AnimationSampler.cs using Guid(3ab7f2ee431c45cb8ad6615a66674ef9) Importer(Primary)  -> (artifact id: '62235dab0d6822cc9f784678f05b9240') in 0.001092 seconds
Start importing Packages/com.unity.mathematics/Unity.Mathematics/float3x3.gen.cs using Guid(3ad77e7310a1e44499f09a51a558bb01) Importer(Primary)  -> (artifact id: 'a8e4ee59c88070d7ae3087e168831659') in 0.001123 seconds
Start importing Packages/com.unity.mathematics/Tests/Properties/AssemblyInfo.cs using Guid(3addb854f833b56428975a1966f78424) Importer(Primary)  -> (artifact id: '483959bf705fb9e6908f3032a62d01a7') in 0.001697 seconds
Start importing Packages/com.unity.cloud.gltfast/Runtime/Scripts/NameImportMethod.cs using Guid(3a1e60539de2488ea24a5763ed89de5b) Importer(Primary)  -> (artifact id: '636493293859bbc005d2ce53d0254271') in 0.001260 seconds
Start importing Packages/com.unity.cloud.gltfast/Runtime/Scripts/VertexBufferDescriptor.cs using Guid(4ac1953233a64ada8a6d04633cf18a55) Importer(Primary)  -> (artifact id: '606a8d0b76bdd3abb9ec58b5d58d8449') in 0.001141 seconds
Start importing Packages/com.unity.collections/Unity.Collections.Tests/NativeContainerTests_ValidateTypes_JobDebugger.cs using Guid(4af3ca04cfb2f4b2e91ba58bc5adc6af) Importer(Primary)  -> (artifact id: '7a59775929fb6e84f23387b45bda6728') in 0.001363 seconds
Start importing Packages/com.unity.collections/Unity.Collections.Tests.Playmode/FixedListPlaymodeTests.gen.cs using Guid(4af3af31f23c85b4287da4d2acf87301) Importer(Primary)  -> (artifact id: '5f2ffc739fe39881400e256fc1c5684f') in 0.001268 seconds
Start importing Packages/com.unity.mathematics/Unity.Mathematics.Editor/PrimitiveVectorDrawer.cs using Guid(4ae914da3592740a58dd603fcb28b594) Importer(Primary)  -> (artifact id: 'c0a95276cf01c48e42c2993953fbcf41') in 0.001239 seconds
Start importing Packages/com.unity.burst/Runtime/Intrinsics/SimdDebugViews.cs using Guid(4a0e9007c9c8384893d917e1f0d6e5d9) Importer(Primary)  -> (artifact id: '0e630b77fcb78723f7a90f5605bc9fab') in 0.001872 seconds
Start importing Packages/com.unity.burst/Runtime/Intrinsics/Common.cs using Guid(5ac9520c05323eada8615cfe2d48e949) Importer(Primary)  -> (artifact id: '3eacd5276d7854fc3800283d67cd95e1') in 0.002021 seconds
Start importing Packages/com.unity.burst/Runtime/CompilerServices/SkipLocalsInitAttribute.cs using Guid(5aea2c85eccf39d4807b4b09e1286046) Importer(Primary)  -> (artifact id: '02a9988ee21435964f8552df9eae57d5') in 0.001622 seconds
Start importing Packages/com.unity.mathematics/Tests/Tests/Shared/TestInt2x3.gen.cs using Guid(6a957081e92e7e5429649cd56b5453b0) Importer(Primary)  -> (artifact id: '9272dfb039dfbb50d1367069b72b6125') in 0.001337 seconds
Start importing Packages/com.unity.test-framework/UnityEngine.TestRunner/NUnitExtensions/OrderedTestSuiteModifier.cs using Guid(6a3af79041a1431ab3a2a9395a7ed2ae) Importer(Primary)  -> (artifact id: '9e1411e67d4873afa28a15601afc173f') in 0.001826 seconds
Start importing Packages/com.unity.mathematics/Unity.Mathematics/uint2x4.gen.cs using Guid(6acdbd744899541e28c4f19a9398b2b7) Importer(Primary)  -> (artifact id: 'a9180dd6dc66cef3b080bda36bbcaa4b') in 0.001688 seconds
Start importing Packages/com.unity.test-framework/UnityEngine.TestRunner/NUnitExtensions/Attributes/UnityCombinatorialStrategy.cs using Guid(7af6ac3e6b51b8d4aab04adc85b8de2f) Importer(Primary)  -> (artifact id: '17e134196bede8ac3403474e9bd2cfd5') in 0.001418 seconds
Start importing Packages/com.unity.collections/Unity.Collections/ListExtensions.cs using Guid(7a3be0dd158385f4081ab23532efbc6c) Importer(Primary)  -> (artifact id: '929454e4b1a4e0b1f4f8e70a3770678c') in 0.001322 seconds
Start importing Packages/com.unity.test-framework/UnityEditor.TestRunner/CommandLineTest/ISettingsBuilder.cs using Guid(8a13cbeb2099aca47bb456f49845f86c) Importer(Primary)  -> (artifact id: '8231a246dd5237184a5c64c257f3fd12') in 0.001314 seconds
Start importing Packages/com.unity.cloud.gltfast/Runtime/Scripts/Schema/Mesh.cs using Guid(8a677036397de4b0792544bd4717511f) Importer(Primary)  -> (artifact id: '806ffbd15d3d57612a522a6be0ff9bbf') in 0.001207 seconds
Start importing Packages/com.unity.cloud.gltfast/Runtime/Scripts/Export/MaterialExport.cs using Guid(8a2a80c8f57224e7b82ca8ffbbeaee18) Importer(Primary)  -> (artifact id: '88d9ad974101535c03592a5c86a60c32') in 0.001153 seconds
Start importing Packages/com.unity.cloud.gltfast/Runtime/Scripts/MeshOrder.cs using Guid(8add359ea4d342299797c1087dc35b8d) Importer(Primary)  -> (artifact id: '4822cd187d6f8efb757e9475b8c65aef') in 0.001457 seconds
Start importing Packages/com.unity.cloud.gltfast/Runtime/Scripts/Jobs.cs using Guid(8ade371a2b78941b283ba5b358164e7b) Importer(Primary)  -> (artifact id: 'de8f13531e4abe6993c29b66b9d26bd6') in 0.001340 seconds
Start importing Packages/com.unity.test-framework/UnityEngine.TestRunner/TestRunner/TestEnumeratorWrapper.cs using Guid(9ad0b0c865b01af4ca1b414689e71259) Importer(Primary)  -> (artifact id: 'cc1ab25e99b89c705667cf603f39c6df') in 0.001155 seconds
Start importing Packages/com.unity.cloud.gltfast/Runtime/Scripts/ReadOnlyNativeArrayFromNativeArray.cs using Guid(9aad0eede4374ffa90512938df866ee9) Importer(Primary)  -> (artifact id: '91c22efeada86a290de5607950c5bd36') in 0.001075 seconds
Start importing Packages/com.unity.cloud.gltfast/Runtime/Scripts/Schema/NodeLightsPunctual.cs using Guid(9a6e7ca541a274329bc8d44275af3a18) Importer(Primary)  -> (artifact id: '0c2bb1c0f05b4cc5799c8f08ced9c388') in 0.001546 seconds
Start importing Packages/com.unity.test-framework/UnityEditor.TestRunner/CommandLineTest/ExitCallbacksDataHolder.cs using Guid(aab045daa0ad4b01843dcf44013d9653) Importer(Primary)  -> (artifact id: 'f12917b0c6c952d414b78a381dcabeb2') in 0.001095 seconds
Start importing Packages/com.unity.cloud.gltfast/Runtime/Scripts/Schema/RootExtensions.cs using Guid(aa25e3b50dc1d4f349d18b6100c61115) Importer(Primary)  -> (artifact id: 'e0e0f0abb6690cdd237bf860935f896d') in 0.001534 seconds
Start importing Packages/com.unity.mathematics/Tests/Tests/Shared/TestDouble2.gen.cs using Guid(aad8a485c4a133942b50e482a663b6a3) Importer(Primary)  -> (artifact id: '5bc2a4b1c06793c59a296c991bb5ce5d') in 0.001249 seconds
Start importing Packages/com.unity.burst/Runtime/Intrinsics/x86/Bmi2.cs using Guid(aa392f69e52b37a486ca7cfa6125fd60) Importer(Primary)  -> (artifact id: '1270e9e0c39e32561665c3d4b09b0005') in 0.001258 seconds
Start importing Packages/com.unity.cloud.gltfast/Runtime/Scripts/Newtonsoft/Schema/TextureInfoExtensions.cs using Guid(aa2c0290429374edb9a977894e069a4f) Importer(Primary)  -> (artifact id: '5c85a87335a58bd08e6f8b7b45d4e615') in 0.001078 seconds
Start importing Packages/com.unity.burst/Runtime/Intrinsics/x86/Bmi1.cs using Guid(bae2d17db94135ea84f8110705ba44a0) Importer(Primary)  -> (artifact id: '13c0181efff844f442949e3853d8dc16') in 0.001090 seconds
Start importing Packages/com.unity.cloud.gltfast/Runtime/Scripts/Schema/JsonWriter.cs using Guid(baf6df9cf1a2e4f6da292612bb67b11b) Importer(Primary)  -> (artifact id: '84e64857bc5e95f4ac3dbbd6f91f9713') in 0.001527 seconds
Start importing Packages/com.unity.collections/Unity.Collections.Tests/NativeMultiHashMapTestsFixture.cs using Guid(bab7c0ffc204a4a66b298944fa98b4ec) Importer(Primary)  -> (artifact id: 'c98d6b18aded96e5119a2dcded3600a1') in 0.001174 seconds
Start importing Packages/com.unity.cloud.gltfast/Runtime/Scripts/Material/BuiltInMaterialGenerator.cs using Guid(ba383126acdb34b7a85eaa41a0c57fb0) Importer(Primary)  -> (artifact id: '4edf970e67313a49aa16cac27e33010d') in 0.001213 seconds
Start importing Packages/com.unity.collections/Unity.Collections/Memory.cs using Guid(babbfc241a32b8241bf31319e1447eb2) Importer(Primary)  -> (artifact id: '29570c0106bc4c7b27f6dc26df99bfad') in 0.001718 seconds
Start importing Packages/com.unity.test-framework/UnityEditor.TestRunner/Api/TestMode.cs using Guid(cad095eccea17b741bc4cd264e7441cd) Importer(Primary)  -> (artifact id: '7b4f0e7113e08aa503737eca7a14865c') in 0.001321 seconds
Start importing Packages/com.unity.collections/Unity.Collections.Tests/NativeContainerTests_ValidateTypes.cs using Guid(ca1581892ffd54eadb405c6eb1c0ce36) Importer(Primary)  -> (artifact id: 'd2f6241bc2bd265df7a74e7546f1ab03') in 0.001287 seconds
Start importing Packages/com.unity.mathematics/Unity.Mathematics/int4x2.gen.cs using Guid(ca7cf71984bec4b9081416653621d6df) Importer(Primary)  -> (artifact id: '46a8b428d52a3c746000415f2060f3b5') in 0.001104 seconds
Start importing Packages/com.unity.collections/Unity.Collections/NativeReference.cs using Guid(ca5dd80efed23904a980e0f7fb23ed5d) Importer(Primary)  -> (artifact id: 'fa88288c449283ef49883cdc699697da') in 0.001660 seconds
Start importing Packages/com.unity.cloud.gltfast/Runtime/Scripts/Loading/IDownload.cs using Guid(ca8fad46342644d9285e7eff4f90eed8) Importer(Primary)  -> (artifact id: '6bb3046930f7503adb2acd2d19e9df0c') in 0.001327 seconds
Start importing Packages/com.unity.collections/Unity.Collections/NativeHashSet.cs using Guid(da168a32991917b48989353c3d849677) Importer(Primary)  -> (artifact id: '58925293f4bff6fa6299acd14df1c30e') in 0.001285 seconds
Start importing Packages/com.unity.collections/Unity.Collections.Tests/UnsafeAppendBufferTests.cs using Guid(da2ec9a017e2344db81d29b689c5b49d) Importer(Primary)  -> (artifact id: 'bf89a84fcbd201a4ee69bb8393afb2ab') in 0.001571 seconds
Start importing Packages/com.unity.collections/Unity.Collections/xxHash3.cs using Guid(eaa30f8250a44f8f8ec688563a1a36ca) Importer(Primary)  -> (artifact id: '9b3e914fd2c9840e29e2d3953c26d266') in 0.001144 seconds
Start importing Packages/com.unity.collections/Unity.Collections/NativeSort.cs using Guid(ea14c18964a134080bea2f114390f80b) Importer(Primary)  -> (artifact id: '5936bdd7588dd3cf8be2fdaa34ec3335') in 0.001106 seconds
Start importing Packages/com.unity.burst/Runtime/CompilerServices/IgnoreWarningAttribute.cs using Guid(fae4cb13a004334fb1b9261d2a368cff) Importer(Primary)  -> (artifact id: 'b4995f0455dbba9ba1cf261125c458e4') in 0.001059 seconds
Start importing Packages/com.unity.mathematics/Tests/Tests/Shared/TestBool2x4.gen.cs using Guid(fa56fbe206d514b43a4f21c1ecd2a9bd) Importer(Primary)  -> (artifact id: 'a95bde7e5fc0ee4be91dcbd7afeb8e1d') in 0.001548 seconds
Start importing Packages/com.unity.test-framework/UnityEditor.TestRunner/TestLaunchers/PlatformSetup/StadiaPlatformSetup.cs using Guid(fa19b42bd3dc35e40a618448bd330270) Importer(Primary)  -> (artifact id: '50f22192ec9d8a6dcff475abb08b996e') in 0.001283 seconds
Start importing Packages/com.unity.cloud.gltfast/Runtime/Scripts/Material/HighDefinitionRPMaterialGenerator.cs using Guid(fa897cd9fdcb4434d815caffb5c851f4) Importer(Primary)  -> (artifact id: '24a9b07e4c121af7165b3ba4c76af2a1') in 0.001100 seconds
Start importing Packages/com.unity.mathematics/Tests/Tests/Shared/TestDouble2x3.gen.cs using Guid(fa8d4556e4d042c4199dca8671bc2817) Importer(Primary)  -> (artifact id: 'dc8cfa6631d76c8afc132dc914460f26') in 0.001216 seconds
Start importing Packages/com.unity.cloud.gltfast/Runtime/Scripts/Schema/Buffer.cs using Guid(0be31691c59154292aab0e10e7917d88) Importer(Primary)  -> (artifact id: '88217ef463a4d823c6965fe9b092e04d') in 0.001668 seconds
Start importing Packages/com.unity.cloud.gltfast/Editor/Scripts/GltfImporterEditor.cs using Guid(0b04a08654076497abec2857c0edb835) Importer(Primary)  -> (artifact id: 'aa57c969f0da5e5afd7c1350fb9bf868') in 0.001876 seconds
Start importing Packages/com.unity.test-framework/UnityEditor.TestRunner/TestRun/TestJobRunner.cs using Guid(0b677ddfd54046c498a20446baa4f932) Importer(Primary)  -> (artifact id: '5193f6444eefa87639cded5ff227f10c') in 0.001140 seconds
Start importing Packages/com.unity.collections/Unity.Collections.Tests/NativeTextTests.cs using Guid(0b998d1d480ff8743817da102884ab16) Importer(Primary)  -> (artifact id: '5f2867a1cad39f8786b1879c23f55cd5') in 0.001071 seconds
Start importing Packages/com.unity.cloud.gltfast/Runtime/Scripts/IDeferAgent.cs using Guid(1b639f3b1280148e8b0a1c36de8aef65) Importer(Primary)  -> (artifact id: '23d0c7c781a89694daadecf12f1d314c') in 0.001207 seconds
Start importing Packages/com.unity.test-framework/UnityEditor.TestRunner/TestRunnerWindowSettings.cs using Guid(2b301b727225f1941974d69e61a55620) Importer(Primary)  -> (artifact id: 'b6b467e363203174cc3f5e9a487886e6') in 0.001313 seconds
Start importing Packages/com.unity.cloud.gltfast/Runtime/Scripts/Export/GltfShaderGraphMaterialExporter.cs using Guid(2b6097c25c31a447186160b41fedd5df) Importer(Primary)  -> (artifact id: 'dc4d9ef226ddb2810dee5a57b1435d89') in 0.001544 seconds
Start importing Packages/com.unity.mathematics/Tests/Tests/Shared/TestBool3x2.gen.cs using Guid(2bbc879646b3ce649a77073d236979fc) Importer(Primary)  -> (artifact id: 'fc9528bd82e70cdd9bfc7925f7175c0e') in 0.001131 seconds
Start importing Packages/com.unity.mathematics/Tests/Tests/Shared/TestUint2.gen.cs using Guid(2b6fc6b61ea1f4f42944befb17029ea1) Importer(Primary)  -> (artifact id: '2ae68c2edfc192af1cb4d2dc921f9849') in 0.001200 seconds
Start importing Packages/com.unity.test-framework/UnityEngine.TestRunner/NUnitExtensions/Commands/EnumerableApplyChangesToContextCommand.cs using Guid(3b4429eff9fcffb48b006e8edcc90338) Importer(Primary)  -> (artifact id: 'b77ffd5000b1f71bf0808755f8c7b626') in 0.001108 seconds
Start importing Packages/com.unity.cloud.gltfast/Runtime/Scripts/CachedFunction.cs using Guid(3ba5ea4f4ec04f06bae782fbf1ebea69) Importer(Primary)  -> (artifact id: '0e5799b2fe35b30efb715689b1aa3dc9') in 0.001096 seconds
Start importing Packages/com.unity.test-framework/UnityEngine.TestRunner/Utils/QuaternionEqualityComparer.cs using Guid(3b28913f21577de429da928d6d05219f) Importer(Primary)  -> (artifact id: '757b1994f70b8075376835571d2fc485') in 0.001125 seconds
Start importing Packages/com.unity.cloud.gltfast/DocExamples/ExportSamples.cs using Guid(3bc95897a165b435a9df9b8dabd3f67b) Importer(Primary)  -> (artifact id: '8b47ab494336ae429774d4141a70367d') in 0.001821 seconds
Start importing Packages/com.unity.test-framework/UnityEngine.TestRunner/Utils/Vector3EqualityComparer.cs using Guid(4bd2bc28ff24d5c488844851cb785db0) Importer(Primary)  -> (artifact id: 'b6372d9a7a6c5e0f1be2b2b862d8edca') in 0.001527 seconds
Start importing Packages/com.unity.collections/Unity.Collections.Tests/NativeHashMapTests.cs using Guid(4bd84e58bd56f496990c0624dfe88a1a) Importer(Primary)  -> (artifact id: '21f9c081cab6239123d242b5217ecd34') in 0.001096 seconds
Start importing Packages/com.unity.test-framework/UnityEngine.TestRunner/Assertions/LogScope/LogScope.cs using Guid(4bbc17b35884fdf468e4b52ae4222882) Importer(Primary)  -> (artifact id: 'ff400d3591ac5b73da5b28c2201b46eb') in 0.001231 seconds
Start importing Packages/com.unity.test-framework/UnityEditor.TestRunner/TestRunner/Callbacks/RerunCallbackData.cs using Guid(5be0e972cb9434b7797b1d37dcd127c3) Importer(Primary)  -> (artifact id: 'ef71b1e81a55608f727c2f493fa7337b') in 0.001398 seconds
Start importing Packages/com.unity.cloud.gltfast/Runtime/Scripts/Loading/INativeDownload.cs using Guid(5b44e5ab65794ea2b55e3e4872bf134a) Importer(Primary)  -> (artifact id: '20e2f17be365a6ea76c62ac1f988268d') in 0.001370 seconds
Start importing Packages/com.unity.mathematics/Tests/TestCompilerAttribute.cs using Guid(5b16d5a4bfd93114385ecd01f00a6914) Importer(Primary)  -> (artifact id: '07af9533827a1cfe94e295a645e63bfd') in 0.001043 seconds
Start importing Packages/com.unity.test-framework/UnityEngine.TestRunner/Utils/Vector3ComparerWithEqualsOperator.cs using Guid(5b994928117e3db418da69c821da7e19) Importer(Primary)  -> (artifact id: '95108a43356ed0a46f190a25bb656871') in 0.001126 seconds
Start importing Packages/com.unity.mathematics/Unity.Mathematics/uint2x3.gen.cs using Guid(5b7bf1463aaa942d98a29d05b88ebd4e) Importer(Primary)  -> (artifact id: 'a3996b59cad700a1d5a9831c222353ae') in 0.001052 seconds
Start importing Packages/com.unity.cloud.gltfast/Runtime/Scripts/Logging/ConsoleLogger.cs using Guid(5b8c2d4cf581e4c7c8d25f31ca0d1931) Importer(Primary)  -> (artifact id: '02481aa098735a94cb2bf0271fb338f5') in 0.001400 seconds
Start importing Packages/com.unity.test-framework/UnityEngine.TestRunner/Assertions/UnexpectedLogMessageException.cs using Guid(5b2eeca598284bd4abb4a15c30df1576) Importer(Primary)  -> (artifact id: '769d16af3591f736f7374eba7a130937') in 0.001251 seconds
Start importing Packages/com.unity.test-framework/UnityEngine.TestRunner/NUnitExtensions/Runner/UnityWorkItemDataHolder.cs using Guid(5b3e90046c38f1d4dad2e0d5a79e871c) Importer(Primary)  -> (artifact id: '430dee8d3f7f418dda0e58d24b068c4c') in 0.001087 seconds
Start importing Packages/com.unity.cloud.gltfast/Runtime/Scripts/Schema/FakeSchema/Material.cs using Guid(5b9e8b6535df04a59b20b85c0636fb5e) Importer(Primary)  -> (artifact id: '7d048b96d9ac9a35473a2147f6935744') in 0.001284 seconds
Start importing Assets/Scripts/CompanionCatController.cs using Guid(6bc19ea038015f74c9abea093016c57d) Importer(Primary)  -> (artifact id: 'd277bb6e04f6e37f5ff9d605c5058452') in 0.002696 seconds
Start importing Packages/com.unity.test-framework/UnityEditor.TestRunner/TestSettings/TestSettings.cs using Guid(6b32b6725087a0d4bb1670818d26996e) Importer(Primary)  -> (artifact id: '9b74154806b9ce5af2f46a67bba0f82a') in 0.001381 seconds
Start importing Packages/com.unity.cloud.gltfast/Editor/Scripts/EditorDownloadProvider.cs using Guid(6b8297485b6f14c10a7eb6af4a19c5fc) Importer(Primary)  -> (artifact id: 'ba5d6aa49e3015c7d91222e50458af2e') in 0.001109 seconds
Start importing Packages/com.unity.cloud.gltfast/Runtime/Scripts/RootExtension.cs using Guid(6b658ce9dfc8144c981930ca25adaa26) Importer(Primary)  -> (artifact id: 'b31d9742062d60092c3c26530db4eaa8') in 0.001199 seconds
Start importing Packages/com.unity.cloud.gltfast/Runtime/Scripts/Schema/AnimationChannelTarget.cs using Guid(6b2a415155fe43caa1ed2c7bee2e44a2) Importer(Primary)  -> (artifact id: 'edb1ad2824670d3a6a161706b5e99770') in 0.001117 seconds
Start importing Packages/com.unity.cloud.gltfast/Runtime/Scripts/UninterruptedDeferAgent.cs using Guid(6bcccec8f6f3d49fe8b95bdf14d3936a) Importer(Primary)  -> (artifact id: '2e00a6dd55b58c9c7fb5bd38024786b7') in 0.001248 seconds
Start importing Packages/com.unity.cloud.gltfast/Runtime/Scripts/MeshGeneratorBase.cs using Guid(7be117ded6f0c4bdd9c2ae155a065fd0) Importer(Primary)  -> (artifact id: '1551752ded264fd92d200d9e6a254bc9') in 0.001457 seconds
Start importing Packages/com.unity.mathematics/Unity.Mathematics/Noise/cellular2D.cs using Guid(7bc458fcf5f30484da36c2a11ca0c50a) Importer(Primary)  -> (artifact id: '3ae50b784b8215505fd920373303ef6e') in 0.001965 seconds
Start importing Packages/com.unity.mathematics/Unity.Mathematics/uint3x2.gen.cs using Guid(7b284ac5d8ece4e8cbadac0249c18c4c) Importer(Primary)  -> (artifact id: '381f6f11e1b26ab96dbe502ea716f973') in 0.001916 seconds
Start importing Packages/com.unity.cloud.gltfast/Runtime/Scripts/Newtonsoft/Schema/AccessorSparseValues.cs using Guid(7b3cc1e5d6af849e4b95917f15250257) Importer(Primary)  -> (artifact id: 'f50b4ae50375b3785537f088a9fc7496') in 0.001200 seconds
Start importing Packages/com.unity.cloud.gltfast/Runtime/Scripts/ImportSettings.cs using Guid(7b8df3b198c8b4133b57d32359c5b721) Importer(Primary)  -> (artifact id: 'f31347e960e2ac2add167d96a49afc72') in 0.001177 seconds
Start importing Packages/com.unity.cloud.gltfast/Runtime/Scripts/VertexBufferGenerator.cs using Guid(8b60579f6b59542c39228b0ad2af3007) Importer(Primary)  -> (artifact id: '9154b7615b175884b9475f47ec4b39e4') in 0.001172 seconds
Start importing Packages/com.unity.cloud.gltfast/DocExamples/TextureAddOnExample.cs using Guid(8b73b2898ba344e2895e5e7a2830ee31) Importer(Primary)  -> (artifact id: '44aa180fd93872d49715070f1eade1fe') in 0.001108 seconds
Start importing Packages/com.unity.test-framework/UnityEditor.TestRunner/Api/RunState.cs using Guid(8bb59cb2f66d156418ca1bd1e2703233) Importer(Primary)  -> (artifact id: '4c7d7ec31aa3650251b7a7f61028a2c6') in 0.001060 seconds
Start importing Packages/com.unity.mathematics/Unity.Mathematics/Noise/psrdnoise2D.cs using Guid(8bf609f94feab4ac5af33f75a100630c) Importer(Primary)  -> (artifact id: 'b13e117c0e1b6f41e88d82422442e50d') in 0.001185 seconds
Start importing Packages/com.unity.test-framework/UnityEngine.TestRunner/NUnitExtensions/TestExtensions.cs using Guid(8bc74398aa3944646ade4ee78cd57484) Importer(Primary)  -> (artifact id: '52337d6c3970a60322726e35c7d4ec72') in 0.001363 seconds
Start importing Packages/com.unity.test-framework/UnityEditor.TestRunner/TestRunner/Messages/EnterPlayMode.cs using Guid(9bd5a110ed89025499ddee8c7e73778e) Importer(Primary)  -> (artifact id: '10d424131778a17274007b09187e70df') in 0.001682 seconds
Start importing Packages/com.unity.cloud.gltfast/Runtime/Scripts/Schema/Constants.cs using Guid(9bc735a73730843b7a877cadf120268f) Importer(Primary)  -> (artifact id: '442edd1309ad1e966d595fedc250358b') in 0.001092 seconds
Start importing Packages/com.unity.cloud.gltfast/Runtime/Scripts/TimeBudgetPerFrameDeferAgent.cs using Guid(9b4deaa7b0bcd4e209aa26ae2d364689) Importer(Primary)  -> (artifact id: '7f09f09c26bb869bbfb2668a2273563f') in 0.001155 seconds
Start importing Packages/com.unity.cloud.gltfast/Runtime/Scripts/GltfAssetBase.cs using Guid(9bbd6a9f602ae4f8796c153a809978c5) Importer(Primary)  -> (artifact id: '18734311959ada881ef8ff8c2bc55b2c') in 0.001192 seconds
Start importing Packages/com.unity.collections/Unity.Collections/FixedString.gen.cs using Guid(ab361814f7174e46989e7f79e89f7c24) Importer(Primary)  -> (artifact id: '7c1d260820620939a436ad6f8ed647df') in 0.001260 seconds
Start importing Packages/com.unity.mathematics/Unity.Mathematics/Noise/classicnoise3D.cs using Guid(ab5efd242473d4ce9b3d98450681549c) Importer(Primary)  -> (artifact id: '733a048e581b3ed3e50d5a09f8a9301c') in 0.001345 seconds
Start importing Packages/com.unity.cloud.gltfast/Runtime/Scripts/Schema/IBufferView.cs using Guid(bb60c1c046bc4b4eaa5519c5efb47c70) Importer(Primary)  -> (artifact id: 'd7bb404084eb3e6d41bd5f4dbceb54b0') in 0.001098 seconds
Start importing Packages/com.unity.burst/Runtime/Intrinsics/x86/Avx2.cs using Guid(bbe744fdbbc734d3bb0a78042bd4b56a) Importer(Primary)  -> (artifact id: 'f68d85b82b18e3fb9c3279c6fa0e0e49') in 0.001368 seconds
Start importing Packages/com.unity.collections/Unity.Collections.Tests/NativeMultiHashMapTests.cs using Guid(bb38f6025ca13a74bb896b504219a393) Importer(Primary)  -> (artifact id: '8aff28ab5702b1ebb5143373f222c2c6') in 0.000980 seconds
Start importing Packages/com.unity.collections/Unity.Collections.Tests/FixedStringBurstTests.cs using Guid(bb7e2d0f4a7b4c32b50c2d10849628f2) Importer(Primary)  -> (artifact id: '339ccd9db410ce1bc128e5a9eb7f7ee5') in 0.001197 seconds
Start importing Packages/com.unity.cloud.gltfast/Runtime/Scripts/KtxImageLoader.cs using Guid(cb8181d50969b4e10aed18da4afd1364) Importer(Primary)  -> (artifact id: '0d7f38fa2f02533f600aa26f0e3ea3ba') in 0.002089 seconds
Start importing Packages/com.unity.cloud.gltfast/Runtime/Scripts/ReadOnlyNativeStridedArray.cs using Guid(cbf4772ae96a408fb66956ed7762357e) Importer(Primary)  -> (artifact id: '3f9c836ac801be1af009bc1d4782ba61') in 0.001522 seconds
Start importing Packages/com.unity.test-framework/UnityEngine.TestRunner/NUnitExtensions/Commands/BeforeAfterTestCommandBase.cs using Guid(cbbca1d8a0434be4bbc7f165523763ac) Importer(Primary)  -> (artifact id: '184894bbcdfe747cefe7a45b81744a3c') in 0.001235 seconds
Start importing Packages/com.unity.cloud.gltfast/DocExamples/LoadGltfFromMemory.cs using Guid(cbdeab6fe2fc54058a70f9be966cd732) Importer(Primary)  -> (artifact id: 'cb83be49fc078a88e2fc5c4c940efc62') in 0.001302 seconds
Start importing Packages/com.unity.mathematics/Tests/Tests/Shared/TestHalf.cs using Guid(dba01b4c9788ea04d87865908e0ba344) Importer(Primary)  -> (artifact id: '8f95494495da19a5bf5886f6ddcc5089') in 0.001163 seconds
Start importing Packages/com.unity.mathematics/Unity.Mathematics/double3x2.gen.cs using Guid(dbb081701c605492aa7bca8b0dcd80d7) Importer(Primary)  -> (artifact id: '6a3588078896f5ddfbcb989ed77b41dd') in 0.001291 seconds
Start importing Packages/com.unity.cloud.gltfast/Runtime/Scripts/Newtonsoft/Schema/RootExtensions.cs using Guid(dbf0c124a21da4a3b99c53965485240d) Importer(Primary)  -> (artifact id: 'd4c48a3f9409e66a280a173e0846eb91') in 0.001311 seconds
Start importing Packages/com.unity.test-framework/UnityEngine.TestRunner/NUnitExtensions/Runner/IEnumerableTestMethodCommand.cs using Guid(dbd43d8a3b8122d4e89b055f53382b11) Importer(Primary)  -> (artifact id: 'aee4bffc03816fbba703a39c51ecc110') in 0.001218 seconds
Start importing Packages/com.unity.burst/Runtime/Intrinsics/Arm/NEON_AArch64_crypto.cs using Guid(db8f2de394d138e1967d236540227a26) Importer(Primary)  -> (artifact id: '6d2e8d288a8b51c153a7f7151ce16802') in 0.001092 seconds
Start importing Packages/com.unity.collections/Unity.Collections.Tests/HeapStringTests.cs using Guid(ebb4820a3559480c914440c643ed29d3) Importer(Primary)  -> (artifact id: 'c8b4ab6e4ec603e78d3666c9456572a7') in 0.001663 seconds
Start importing Packages/com.unity.mathematics/Tests/Tests/Shared/TestDouble2x2.gen.cs using Guid(eb8a44886606504469cf3329b4993591) Importer(Primary)  -> (artifact id: '27c062160127d4090cc8cdbd4b1ebbb9') in 0.001158 seconds
Start importing Packages/com.unity.test-framework/UnityEditor.TestRunner/UnityTestProtocol/UtpMessageReporter.cs using Guid(ebcc5f899d9277642868aeda9a17cbaf) Importer(Primary)  -> (artifact id: '7401fef1b8e16a0d9013a291b9df3237') in 0.001126 seconds
Start importing Packages/com.unity.test-framework/UnityEngine.TestRunner/NUnitExtensions/Filters/CategoryFilterExtended.cs using Guid(ebeedaa04bb53e24ba2e7fb6745e3fd3) Importer(Primary)  -> (artifact id: 'e323a2cb99f040b231f3495856fafc31') in 0.001292 seconds
Start importing Packages/com.unity.burst/Runtime/BurstCompilerOptions.cs using Guid(ebefffdd15ef3832ab7ae2b21e549832) Importer(Primary)  -> (artifact id: '1b68edb13c8fc5705e1c4e19481da6a6') in 0.001075 seconds
Start importing Packages/com.unity.collections/Unity.Collections/RewindableAllocator.cs using Guid(fb1479c160300a447b5b0ba91f47f230) Importer(Primary)  -> (artifact id: '14250c42d4128d146646994435adf8d4') in 0.001076 seconds
Start importing Packages/com.unity.collections/Unity.Collections/FixedList.gen.cs using Guid(fb24b35aa8286aa45a866596124a241d) Importer(Primary)  -> (artifact id: 'a88cc8bf1c805b7eeef7f5a7ddcec36d') in 0.001410 seconds
Start importing Packages/com.unity.mathematics/Unity.Mathematics/Noise/cellular2x2.cs using Guid(fb26f7539fea841ac9538c01e2c20bc4) Importer(Primary)  -> (artifact id: '2db3bddca0d6b18af56cc92d7e849b66') in 0.001307 seconds
Start importing Packages/com.unity.burst/Runtime/Intrinsics/x86/Avx.cs using Guid(fb77e3d4fbde3090a07ebac108e13ed8) Importer(Primary)  -> (artifact id: '0bb734783ae16686a584d94337d759de') in 0.001045 seconds
Start importing Packages/com.unity.test-framework/UnityEngine.TestRunner/Utils/AssemblyProvider/AssemblyLoadProxy.cs using Guid(fb593906b7b6d824087dcaebf6c082e0) Importer(Primary)  -> (artifact id: '71809b4c5f7dbd8cfa5eb897b037ec0a') in 0.001173 seconds
Start importing Packages/com.unity.test-framework/UnityEditor.TestRunner/TestRun/Tasks/PerformUndoTask.cs using Guid(fb1abebffd37bd4458c84e15a5d7ab04) Importer(Primary)  -> (artifact id: '4c9910dc24437045f7863e1b567d515f') in 0.001882 seconds
Start importing Packages/com.unity.test-framework/UnityEngine.TestRunner/Assertions/LogScope/LogEvent.cs using Guid(0c56471f08a0f6846afc792f0b4205b9) Importer(Primary)  -> (artifact id: '8895793eb06637800a5666f9812b9140') in 0.001148 seconds
Start importing Packages/com.unity.cloud.gltfast/Runtime/Scripts/Schema/BufferViewExtensions.cs using Guid(0ce650d12b8b4ef085fa3538c48fda38) Importer(Primary)  -> (artifact id: '58457b476bb9bfc50b5e69966f597868') in 0.001326 seconds
Start importing Packages/com.unity.cloud.gltfast/Runtime/Scripts/Export/Constants.cs using Guid(0cbddf2c39bbb4469b0eed7673800b76) Importer(Primary)  -> (artifact id: '93bdb69fc132f780b03d2392919901cb') in 0.001328 seconds
Start importing Packages/com.unity.cloud.gltfast/Runtime/Scripts/Export/MeshDataProxy.cs using Guid(1ce5100c376c4edbb850b580eccdb504) Importer(Primary)  -> (artifact id: '1e1a037c360fb7f8a0723eaed4947ae1') in 0.001091 seconds
Start importing Packages/com.unity.cloud.gltfast/Runtime/Scripts/Material/UniveralRPMaterialGenerator.cs using Guid(1c38917456edc4ab2a860db31fe05f67) Importer(Primary)  -> (artifact id: '0c75df1e60b48f0d2792deccebea86ce') in 0.001168 seconds
Start importing Packages/com.unity.test-framework/UnityEngine.TestRunner/Utils/AssemblyProvider/IAssemblyWrapper.cs using Guid(1c5afe945b715e149a70113a4be7b32a) Importer(Primary)  -> (artifact id: 'a2d56cbd4ce182d90f6caedb74fa748e') in 0.001176 seconds
Start importing Packages/com.unity.test-framework/UnityEditor.TestRunner/TestLaunchers/TestLauncherBase.cs using Guid(1cddf785b0d07434d8e0607c97b09135) Importer(Primary)  -> (artifact id: '2b5d1b632e5499433f59d13a288580bb') in 0.001097 seconds
Start importing Packages/com.unity.collections/Unity.Collections.Tests/UnsafeListTests.cs using Guid(1c4f87267cc02d948a6a332c8768cd23) Importer(Primary)  -> (artifact id: '42fa03e50a36bf74e71b015c00b4ab52') in 0.001445 seconds
Start importing Packages/com.unity.mathematics/Unity.Mathematics.Editor/PostNormalizedVectorDrawer.cs using Guid(2c060766caf7a405bb18fa4ba02780ee) Importer(Primary)  -> (artifact id: '5b78ec3ba2ed056aa4fdfa86712113ab') in 0.001363 seconds
Start importing Packages/com.unity.cloud.gltfast/Runtime/Scripts/Material/BuiltInShaderGraphMaterialGenerator.cs using Guid(2c68d7176808e44c2b897face69cc63a) Importer(Primary)  -> (artifact id: 'c829e262c93af648f6b9101575912576') in 0.001438 seconds
Start importing Packages/com.unity.cloud.gltfast/Runtime/Scripts/Loading/CustomHeaderDownloadProvider.cs using Guid(2c0bff263f69a450898f357a83acefa6) Importer(Primary)  -> (artifact id: '517e348cb042f2da6cd6f6ffc8817acd') in 0.001146 seconds
Start importing Packages/com.unity.test-framework/UnityEditor.TestRunner/TestLaunchers/PostbuildCleanupAttributeFinder.cs using Guid(2c2dfcbbb77359547bcaa7cdabd47ebb) Importer(Primary)  -> (artifact id: '39dbc2ef6dbc241ce11141e04fd79f59') in 0.001169 seconds
Start importing Packages/com.unity.cloud.gltfast/Runtime/Scripts/Export/AssemblyInfo.cs using Guid(2cddc58bb14fa4c0a869a2a26e8066fa) Importer(Primary)  -> (artifact id: '366a1de44173800fccc8bb910847d8fb') in 0.001234 seconds
Start importing Packages/com.unity.cloud.gltfast/Runtime/Scripts/Schema/GltfComponentType.cs using Guid(3ca3a55b346e40538333c1b14529dcfc) Importer(Primary)  -> (artifact id: '5e356fdd389d493ff0879c9aa5efb7c5') in 0.001100 seconds
Start importing Packages/com.unity.cloud.gltfast/Runtime/Scripts/Export/IMeshData.cs using Guid(3c249de161d74abf9bc681282190f184) Importer(Primary)  -> (artifact id: '985812e9157ea9189fc734bdd8738968') in 0.001085 seconds
Start importing Packages/com.unity.test-framework/UnityEngine.TestRunner/TestRunner/Callbacks/PlayModeRunnerCallback.cs using Guid(3cf5cb9e1ef590c48b1f919f2a7bd895) Importer(Primary)  -> (artifact id: 'cfce7c3f509bb11012d7af3b6d009746') in 0.001233 seconds
Start importing Packages/com.unity.test-framework/UnityEditor.TestRunner/TestLaunchers/PrebuildSetupAttributeFinder.cs using Guid(3c4ccfb0896bcf44da13e152b267aa49) Importer(Primary)  -> (artifact id: '115e0ea2888b90386f3d128d14732a60') in 0.001246 seconds
Start importing Packages/com.unity.collections/Unity.Collections/JetBrains.Annotations.cs using Guid(3c4dac562d6e2714996a4d5ef5d9ba74) Importer(Primary)  -> (artifact id: 'aed16a8124a423f1ad2df2aeeb834434') in 0.001246 seconds
Start importing Packages/com.unity.mathematics/Unity.Mathematics/Il2CppEagerStaticClassConstructionAttribute.cs using Guid(3c7ef86a2cddb4254810c84d4f6e6618) Importer(Primary)  -> (artifact id: 'ed22b799a32358cfade5fd61fdb69f21') in 0.001226 seconds
Start importing Packages/com.unity.test-framework/UnityEngine.TestRunner/NUnitExtensions/ITestSuiteModifier.cs using Guid(4c006cc4132f4e2d8b3e7208af3e208c) Importer(Primary)  -> (artifact id: '3ce006479bdac60ebc0d1d42eed5a814') in 0.001197 seconds
Start importing Packages/com.unity.mathematics/Unity.Mathematics/double2x3.gen.cs using Guid(5c05b76c6656d48b1a5a25086c9277c7) Importer(Primary)  -> (artifact id: 'b0b6388383748193a7f005b397894aa8') in 0.001944 seconds
Start importing Packages/com.unity.test-framework/UnityEngine.TestRunner/NUnitExtensions/Runner/WorkItemFactory.cs using Guid(5c15bf0966eb95847a4260d830a30d30) Importer(Primary)  -> (artifact id: 'db4cd8d380267ab64c0172884f39fc31') in 0.001142 seconds
Start importing Packages/com.unity.cloud.gltfast/Runtime/Scripts/NodeExtension.cs using Guid(5c8679070ba9d46b6b373d276fac545d) Importer(Primary)  -> (artifact id: '79e1d26d59d5a1c976d68ee723f2689c') in 0.001198 seconds
Start importing Packages/com.unity.cloud.gltfast/Runtime/Scripts/PrimitivesComparer.cs using Guid(5c07d2a1ca5d0467185fdedf05214211) Importer(Primary)  -> (artifact id: '18e756c72442575710719fc6010f3728') in 0.001154 seconds
Start importing Packages/com.unity.mathematics/Tests/Tests/Shared/TestFloat3x2.gen.cs using Guid(5c2a01faa80e74147aeb6f5a1d9fc18d) Importer(Primary)  -> (artifact id: '274b4e96424835e25373542180757e6e') in 0.001650 seconds
Start importing Packages/com.unity.cloud.gltfast/Runtime/Scripts/Schema/FakeSchema/Accessor.cs using Guid(5c9e5462940e44ebf8ff81a6b4113a07) Importer(Primary)  -> (artifact id: '44753ed31458f3e2a12588afcbdc42d6') in 0.001019 seconds
Start importing Packages/com.unity.cloud.gltfast/Runtime/Scripts/GltfBoundsAsset.cs using Guid(6c353ea9e5f7a496394d3f234f117021) Importer(Primary)  -> (artifact id: '669092bfff1004fc5c349574f57defd1') in 0.001290 seconds
Start importing Packages/com.unity.cloud.gltfast/Runtime/Scripts/Export/ExportSettings.cs using Guid(6c28d37ec26924a698bafba3e3fe631f) Importer(Primary)  -> (artifact id: '7c4c6711ff3c692e53d7a915df17c9dc') in 0.002030 seconds
Start importing Packages/com.unity.mathematics/Unity.Mathematics/Noise/cellular3D.cs using Guid(6cea5378726344e72bf53fa723c6c3fb) Importer(Primary)  -> (artifact id: 'f860eb035868cf6488f22778afd39f71') in 0.001072 seconds
Start importing Packages/com.unity.test-framework/UnityEditor.TestRunner/TestLaunchers/PlatformSetup/PlatformSpecificSetup.cs using Guid(6cccd50ebf7384242bda4d7bcb282ebf) Importer(Primary)  -> (artifact id: '4320d28eb0d2b70fa1dbad3366769cbc') in 0.001193 seconds
Start importing Packages/com.unity.burst/Runtime/Intrinsics/f16.cs using Guid(8cf029a460b7321e8496e8d836e8e899) Importer(Primary)  -> (artifact id: '76ae34f31e09619b86072ab72aac8be0') in 0.000979 seconds
Start importing Packages/com.unity.cloud.gltfast/Runtime/Scripts/Schema/FakeSchema/AccessorSparse.cs using Guid(8c12437b7df46422284639b911c6f4a7) Importer(Primary)  -> (artifact id: 'cbf048ecdbd7ad6b2ff987ee83a83419') in 0.001710 seconds
Start importing Packages/com.unity.collections/Unity.Collections.Tests/UnsafeHashSetTests.cs using Guid(8ce25c0534e0a234d8b710cadd871f84) Importer(Primary)  -> (artifact id: '292ecf5423dd3f9737a48c32ca8f5cab') in 0.001112 seconds
Start importing Packages/com.unity.test-framework/UnityEditor.TestRunner/TestRunner/Callbacks/RerunCallbackInitializer.cs using Guid(9cb48d7d0e6784c81ad36cdbfe8e4b6b) Importer(Primary)  -> (artifact id: 'e3e4e492d3808f9764a3d39d0393ac7d') in 0.001254 seconds
Start importing Packages/com.unity.mathematics/Tests/Tests/Shared/TestUint4x4.gen.cs using Guid(9c652e046dd97fc4aadae764262652ad) Importer(Primary)  -> (artifact id: '0e11d07439e0e3bc7bf775da6fd61e06') in 0.001016 seconds
Start importing Packages/com.unity.cloud.gltfast/Runtime/Scripts/ImageConversionImageLoader.cs using Guid(9c1c94d4f1a844e94acc63fffcf517dc) Importer(Primary)  -> (artifact id: '6e081feb0ad3f5428d1d9f18e4b148a5') in 0.001019 seconds
Start importing Packages/com.unity.burst/Editor/BurstPlatformAotSettings.cs using Guid(9c8c274ac46432afb936eab1c516fd7f) Importer(Primary)  -> (artifact id: 'cf9f5daa41ceba45b15880af00621a2d') in 0.001193 seconds
Start importing Packages/com.unity.mathematics/Unity.Mathematics/float4.gen.cs using Guid(9c9ea498ec5f4a443830f78ebf231f3e) Importer(Primary)  -> (artifact id: 'a214edc84adb96d0b216f9b29af652ff') in 0.001143 seconds
Start importing Packages/com.unity.test-framework/UnityEngine.TestRunner/Utils/IPrebuildSceneSetup.cs using Guid(acc16f0c684508f44813662a300c574b) Importer(Primary)  -> (artifact id: '56f8e32747fe2787ef592d59c6a34e1a') in 0.001296 seconds
Start importing Packages/com.unity.cloud.gltfast/Runtime/Scripts/Material/ShaderGraphMaterialGenerator.cs using Guid(ac48aecff2ff7454fa7a084279310327) Importer(Primary)  -> (artifact id: '93dc3a00dd7949f7224d12800d06b972') in 0.001156 seconds
Start importing Packages/com.unity.test-framework/UnityEditor.TestRunner/TestLaunchers/EditModeLauncher.cs using Guid(ac68f5ae37c8957468562b8da42f9984) Importer(Primary)  -> (artifact id: '5b33ca8153b4df88d627ab164b3ad83a') in 0.001184 seconds
Start importing Packages/com.unity.cloud.gltfast/Runtime/Scripts/Extensions.cs using Guid(ac793cf1802844281bf470f4e5ccbaf0) Importer(Primary)  -> (artifact id: '8d36d2333dbc6e05c9d18e3b593473ff') in 0.001157 seconds
Start importing Packages/com.unity.collections/Unity.Collections/Unicode.cs using Guid(bc38a1e61f172489a8eb4983c247c3c3) Importer(Primary)  -> (artifact id: 'd2300fca66b7cc5d1013904c05bd59e0') in 0.001461 seconds
Start importing Packages/com.unity.cloud.gltfast/Runtime/Scripts/Newtonsoft/Schema/OcclusionTextureInfo.cs using Guid(bcddd916cf2b14d6abaf512770f9aa76) Importer(Primary)  -> (artifact id: 'cb50c0bb4211e4b42411972ad7a77e31') in 0.001560 seconds
Start importing Packages/com.unity.test-framework/UnityEngine.TestRunner/AssemblyInfo.cs using Guid(cc22cc13b69c1094c85e176c008b9ef8) Importer(Primary)  -> (artifact id: 'cebbb82fd03bf64939278b362af3f2ed') in 0.001341 seconds
Start importing Packages/com.unity.test-framework/UnityEngine.TestRunner/NUnitExtensions/Attributes/UnitySetUpAttribute.cs using Guid(cc6401f13df54ba44bfd7cdc93c7d64d) Importer(Primary)  -> (artifact id: 'e07f2569ceb0148dbaca32a34975189f') in 0.001102 seconds
Start importing Packages/com.unity.test-framework/UnityEditor.TestRunner/TestRunner/Callbacks/EditModeRunnerCallback.cs using Guid(cc456ba93311a3a43ad896449fee9868) Importer(Primary)  -> (artifact id: '3978e60a1069d6ec07b488318305cff3') in 0.001130 seconds
Start importing Packages/com.unity.test-framework/UnityEditor.TestRunner/TestRun/Tasks/SaveUndoIndexTask.cs using Guid(cc0ce06a7515c044bb8db4c75db84114) Importer(Primary)  -> (artifact id: 'e2d6abb79cc801767e51d2a75b2e4924') in 0.001633 seconds
Start importing Packages/com.unity.cloud.gltfast/Runtime/Scripts/Mathematics.cs using Guid(dc62ead7533d04d64b0151d2d21933c4) Importer(Primary)  -> (artifact id: '0e9ab33d41995bfbd9480a84aff2a23b') in 0.001052 seconds
Start importing Packages/com.unity.test-framework/UnityEditor.TestRunner/Api/Analytics/RunFinishedData.cs using Guid(dc781c79a6ac490f817bb70a01490d5c) Importer(Primary)  -> (artifact id: '49e1460abd730ce4ea2bafb712f74363') in 0.001342 seconds
Start importing Packages/com.unity.cloud.gltfast/Runtime/Scripts/Newtonsoft/Schema/CameraPerspective.cs using Guid(dc885489acff8434b832b251de585d06) Importer(Primary)  -> (artifact id: '2dac5bc0eba1b58ffead8851ec875fd0') in 0.001097 seconds
Start importing Packages/com.unity.collections/Unity.Collections.Tests/CustomAllocatorTests.cs using Guid(dca80967668c4d89a4dae5bd097484ef) Importer(Primary)  -> (artifact id: '9613e5947d1d904a1eff7339aefd239f') in 0.001056 seconds
Start importing Packages/com.unity.cloud.gltfast/Runtime/Scripts/Schema/BufferViewMeshoptExtension.cs using Guid(dc397feee58047748b39ac5d67c93519) Importer(Primary)  -> (artifact id: 'bce8ba81a64bf510457875812583c5a8') in 0.001056 seconds
Start importing Packages/com.unity.cloud.gltfast/Runtime/Scripts/VertexBufferBones.cs using Guid(ecc0609ec6ff546e587a11c857a0e818) Importer(Primary)  -> (artifact id: 'aa371531fa3df56bb9099fd0c65adae0') in 0.001122 seconds
Start importing Packages/com.unity.mathematics/Unity.Mathematics/bool4x4.gen.cs using Guid(ec21b45eb93de4c05962f95aee69aee6) Importer(Primary)  -> (artifact id: '0c96b8f258b49bed0f4a219018324b43') in 0.001144 seconds
Start importing Packages/com.unity.cloud.gltfast/Runtime/Scripts/Newtonsoft/Schema/Root.cs using Guid(ecdb2d09c801244a18c579f36df81be7) Importer(Primary)  -> (artifact id: 'dcdbc9d7dc9629e0b506c0929529015b') in 0.001205 seconds
Start importing Packages/com.unity.cloud.gltfast/Runtime/Scripts/Newtonsoft/Schema/AccessorSparse.cs using Guid(ecfc141049e474c879518571edaa2377) Importer(Primary)  -> (artifact id: 'ea51f1b1fe2e50bfa70327831f4a8d68') in 0.001515 seconds
Start importing Packages/com.unity.mathematics/Tests/Tests/TestRandom.cs using Guid(ec2e0d8c659a52a45b0bd4f7a3d3981a) Importer(Primary)  -> (artifact id: '7066c5f3d5ead08cbc6275f8c2dc4ab2') in 0.001166 seconds
Start importing Packages/com.unity.collections/Unity.Collections/BitField.cs using Guid(ec1f6f558fc0b9a4fac43b21ec79cd5a) Importer(Primary)  -> (artifact id: '5026c8c41828169273b5def74a671d81') in 0.001337 seconds
Start importing Packages/com.unity.test-framework/UnityEditor.TestRunner/TestRun/Tasks/PrebuildSetupTask.cs using Guid(fc039194235714f48a39bd364885e744) Importer(Primary)  -> (artifact id: '5d3457b0b1e23a77d6801c174139efa2') in 0.001548 seconds
Start importing Packages/com.unity.mathematics/Tests/Tests/Shared/TestBool2.gen.cs using Guid(fc335ab357eef1346a23bc792570d94e) Importer(Primary)  -> (artifact id: 'ce84661933c34d58d0e46b67d28c8c33') in 0.001171 seconds
Start importing Packages/com.unity.test-framework/UnityEngine.TestRunner/Utils/StacktraceFilter.cs using Guid(fc748d99f1f0d484a811a566fc7915ec) Importer(Primary)  -> (artifact id: 'f48c7b8b0e879a34b0c139c855c0a7d7') in 0.001189 seconds
Start importing Packages/com.unity.collections/Unity.Collections.Tests/UnsafeTextTests.cs using Guid(fc59d1e6c6d24a569be25eea553b326f) Importer(Primary)  -> (artifact id: 'ea21c32b575171299bf0f8d058a8c3a1') in 0.001256 seconds
Start importing Packages/com.unity.burst/Editor/BurstMenu.cs using Guid(fc3edc1fe3ab3742b5a143805ddea9e2) Importer(Primary)  -> (artifact id: '08960376c9f7c2b564c2e372aceec1a7') in 0.001058 seconds
Start importing Packages/com.unity.test-framework/UnityEditor.TestRunner/Api/CallbacksDelegator.cs using Guid(0de03ebd74e2b474fa23d05ab42d0cd8) Importer(Primary)  -> (artifact id: '20951b89d6beb8f0bdf0ebf455795494') in 0.001112 seconds
Start importing Packages/com.unity.mathematics/Tests/Tests/Shared/TestBool4x4.gen.cs using Guid(0d44f89a4f95a124b9fc8296247d76d9) Importer(Primary)  -> (artifact id: '6d7a5973c0cd5d21e5d0e273c880a442') in 0.001880 seconds
Start importing Packages/com.unity.cloud.gltfast/Editor/Scripts/AssemblyInfo.cs using Guid(0da5eda5fa95e4275ad1af63eda3dd54) Importer(Primary)  -> (artifact id: 'abaffd99a1da4bf2e5814da0970c76a1') in 0.000980 seconds
Start importing Packages/com.unity.cloud.gltfast/Runtime/Scripts/IMaterialProvider.cs using Guid(0d8696b9fb074a23a6d76da293a8d98d) Importer(Primary)  -> (artifact id: '766b87a242e27b89b8686051e06d30ee') in 0.001163 seconds
Start importing Packages/com.unity.collections/Unity.Collections.Tests/CollectionsTestFixture.cs using Guid(0de8369d937c43f09392e4cd032cfe19) Importer(Primary)  -> (artifact id: '276cd936d1f9e30524d6142004bf831d') in 0.001297 seconds
Start importing Packages/com.unity.collections/Unity.Collections/NativeList.cs using Guid(0ddd82532ba0b41c7af9888fdbc562e1) Importer(Primary)  -> (artifact id: '2fe81dfde8feb8bddd2e388898f0e073') in 0.001030 seconds
Start importing Packages/com.unity.test-framework/UnityEngine.TestRunner/NUnitExtensions/Commands/OuterUnityTestActionCommand.cs using Guid(0d4fc309a0784294c8ab658b53b12320) Importer(Primary)  -> (artifact id: 'a01dae898b63ad2a61e05f7fa01958d0') in 0.001030 seconds
Start importing Packages/com.unity.collections/Unity.Collections.BurstCompatibilityGen/BurstCompatibilityTests.cs using Guid(1d503f3e3b7fd2147a8ddc4135fcc0e3) Importer(Primary)  -> (artifact id: 'a570a24433835f16a67b62643bb696cf') in 0.001054 seconds
Start importing Packages/com.unity.test-framework/UnityEditor.TestRunner/TestRun/TestRunCanceledException.cs using Guid(1d45b9d3cf85bee4f99c1492fca8438a) Importer(Primary)  -> (artifact id: 'cbe42cfe5508c490889a8abebfd1fa18') in 0.001574 seconds
Start importing Packages/com.unity.collections/Unity.Collections/NativeMultiHashMap.cs using Guid(1de5774def35a6642a480cfd1b8c11d7) Importer(Primary)  -> (artifact id: '1942eb0e5f09ab6a9574ad99bf5b0872') in 0.001330 seconds
Start importing Packages/com.unity.collections/Unity.Collections.Tests/NativeBitArrayTests.cs using Guid(1ddc4d01f93629947903155de21d90ff) Importer(Primary)  -> (artifact id: '109fac8000653477165b3cb88796b474') in 0.001260 seconds
Start importing Packages/com.unity.collections/Unity.Collections.Tests/UnsafeMultiHashMapTests.cs using Guid(2d33d4223be73b4448d51d31323799fd) Importer(Primary)  -> (artifact id: '1e0ffb59f2c4dc4ea59f57231653b031') in 0.001087 seconds
Start importing Packages/com.unity.mathematics/Unity.Mathematics/bool2x3.gen.cs using Guid(2da7f6798be134406a5cc96b770b5e70) Importer(Primary)  -> (artifact id: '5680aa292c0dfb6d4c4d5e74165e30b0') in 0.001385 seconds
Start importing Packages/com.unity.test-framework/UnityEngine.TestRunner/NUnitExtensions/Commands/TestActionCommand.cs using Guid(2de8ba3b840049641897e0da7ce1d5cd) Importer(Primary)  -> (artifact id: '4255e47e4928702a946c1132234957e6') in 0.001357 seconds
Start importing Packages/com.unity.collections/Unity.Collections/NativeQueue.cs using Guid(2d8c01f04a0874c9384ae360c07d0098) Importer(Primary)  -> (artifact id: 'd45bc5d73503abf9f56260dbd1baf1f7') in 0.001289 seconds
Start importing Packages/com.unity.burst/Runtime/CompilerServices/SPMD.cs using Guid(2d8f464f6c9033c89a0ee334f0aad30c) Importer(Primary)  -> (artifact id: '5481c3be36af753afb7b08e077e17e2a') in 0.001258 seconds
Start importing Packages/com.unity.cloud.gltfast/Runtime/Scripts/SceneObjectCreation.cs using Guid(3dd628d4dd9c42338924872f4e477b6e) Importer(Primary)  -> (artifact id: 'd2d7e5e3964db92896735bf2cc92a745') in 0.001024 seconds
Start importing Packages/com.unity.test-framework/UnityEditor.TestRunner/TestRunner/EditmodeWorkItemFactory.cs using Guid(3dde15f260b0dd1469e60d16eaa795dc) Importer(Primary)  -> (artifact id: 'ea704a46940d859d0b4cc33d80be1c1f') in 0.001076 seconds
Start importing Packages/com.unity.mathematics/Unity.Mathematics/int4x4.gen.cs using Guid(4d606f419b22349e1a0d1d639bdfac05) Importer(Primary)  -> (artifact id: '3884a7da4b5639da3154a87f8ad52058') in 0.001097 seconds
Start importing Packages/com.unity.cloud.gltfast/Runtime/Scripts/Export/GltfWriter.cs using Guid(4d9076bab5d8c46be9d03094dca7c95b) Importer(Primary)  -> (artifact id: '2edfdd375ae1395be0f9d8e4989d5723') in 0.001066 seconds
Start importing Packages/com.unity.test-framework/UnityEditor.TestRunner/CommandLineTest/TestStarter.cs using Guid(4d616d1a494edd144b262cf6cd5e5fda) Importer(Primary)  -> (artifact id: 'effde943ddb511ba863e53447c324e1c') in 0.001241 seconds
Start importing Packages/com.unity.burst/Runtime/Intrinsics/x86/Fma.cs using Guid(4d7325591616354d86b1492e282843f4) Importer(Primary)  -> (artifact id: '39a6223d84b1291b83375ada0df21641') in 0.001227 seconds
Start importing Packages/com.unity.test-framework/UnityEditor.TestRunner/TestRunnerWindow.cs using Guid(4dfcd3a631f61d248b7cc0b845d40345) Importer(Primary)  -> (artifact id: '8c77ec2841741b583498acdf57c153f5') in 0.001167 seconds
Start importing Packages/com.unity.mathematics/Unity.Mathematics/Noise/cellular2x2x2.cs using Guid(4d0dbb238670f4580aa39c5272c2911c) Importer(Primary)  -> (artifact id: '0a012b04926a7bbcaa54b095de6eb8e5') in 0.001016 seconds
Start importing Packages/com.unity.cloud.gltfast/Runtime/Scripts/InstantiationSettings.cs using Guid(4dafe9122543745fea4a8c7fcf9037d6) Importer(Primary)  -> (artifact id: '5540b25ce365866b91a7e5981ed87924') in 0.001202 seconds
Start importing Packages/com.unity.cloud.gltfast/Runtime/Scripts/FlatArray.cs using Guid(5dc388de8142146df920260e4fb37e0f) Importer(Primary)  -> (artifact id: '085aff5b72baf5c8090792136806e440') in 0.001064 seconds
Start importing Packages/com.unity.test-framework/UnityEditor.TestRunner/TestRunner/Messages/WaitForDomainReload.cs using Guid(5df3c21c5237c994db89660fbdfee07d) Importer(Primary)  -> (artifact id: '2f4be9c4a062e2e2ade11a5c0162b327') in 0.001050 seconds
Start importing Packages/com.unity.cloud.gltfast/Runtime/Scripts/AssemblyInfo.cs using Guid(5d4869bae2ff044a2a34703990de1679) Importer(Primary)  -> (artifact id: 'b0475a8bcb48193919df0ccf0e2d6407') in 0.000925 seconds
Start importing Packages/com.unity.test-framework/UnityEditor.TestRunner/TestLaunchers/AttributeFinderBase.cs using Guid(5d4de3d4682a8d641907cc75e4fb950e) Importer(Primary)  -> (artifact id: 'e180f5d6512fcb9ba2339cc55e181288') in 0.001313 seconds
Start importing Packages/com.unity.cloud.gltfast/Runtime/Scripts/VertexBufferTexCoords.cs using Guid(5d6dbafdcf6b24d39a114247ec3b8cc6) Importer(Primary)  -> (artifact id: '430f1de37269febc2786180a351350be') in 0.001192 seconds
Start importing Packages/com.unity.cloud.gltfast/Runtime/Scripts/Export/TextureComparer.cs using Guid(6d91c92c9aad04feab854d040e57c8b1) Importer(Primary)  -> (artifact id: 'f45261c5b61602e1d8a9cb061cbef0a1') in 0.001322 seconds
Start importing Packages/com.unity.test-framework/UnityEngine.TestRunner/NUnitExtensions/Commands/EnumerableRetryTestCommand.cs using Guid(6de2f178a24cd2e48a0816cacd9a0583) Importer(Primary)  -> (artifact id: '0f6fbb4c11ce23b822a794f77928c131') in 0.001250 seconds
Start importing Packages/com.unity.cloud.gltfast/Runtime/Scripts/Schema/InterpolationType.cs using Guid(6d1390e2835e4bc28906f2b01e563f37) Importer(Primary)  -> (artifact id: 'eb17a6c6895c98bb7054f1f60e1b9fc5') in 0.001048 seconds
Start importing Packages/com.unity.cloud.gltfast/Runtime/Scripts/DontDestroyOnLoad.cs using Guid(6d84adc1622094a29b4ac495436769e6) Importer(Primary)  -> (artifact id: 'f41b3e1477365900a877c9ee8d3c8655') in 0.001064 seconds
Start importing Packages/com.unity.burst/Runtime/DiagnosticId.cs using Guid(6dc46e7a016d3761a4586c439a8d9021) Importer(Primary)  -> (artifact id: '4e18a759ebea7aa31be578ce5d18eea6') in 0.000999 seconds
Start importing Packages/com.unity.test-framework/UnityEditor.TestRunner/TestRunner/EditModePCHelper.cs using Guid(6d16f2e78a356d34c9a32108929de932) Importer(Primary)  -> (artifact id: 'd040eb1e3f97f7f632984e1aa1f8150b') in 0.001157 seconds
Start importing Packages/com.unity.test-framework/UnityEditor.TestRunner/TestRunner/Callbacks/WindowResultUpdater.cs using Guid(6d468ee3657be7a43a2ef2178ec14239) Importer(Primary)  -> (artifact id: '8f2d55ba704340ecb242d4b3bf0657ac') in 0.001159 seconds
Start importing Packages/com.unity.test-framework/UnityEditor.TestRunner/UnityTestProtocol/ITestRunnerApiMapper.cs using Guid(6de79ae237e51554da96fd28f68b66a6) Importer(Primary)  -> (artifact id: '62ea82338cbe9eaa7c0c5c01c1205fc6') in 0.001351 seconds
Start importing Packages/com.unity.test-framework/UnityEngine.TestRunner/Assertions/Is.cs using Guid(6d5833966abeadb429de247e4316eef4) Importer(Primary)  -> (artifact id: '3b90919ad42edb73633bfe9d94e6a737') in 0.001359 seconds
Start importing Packages/com.unity.burst/Editor/BurstLoader.cs using Guid(6d3b5a05e2ea3974bda15d1a50e6df4d) Importer(Primary)  -> (artifact id: 'e6ba4df8cd62643172de6fe3b74f28f8') in 0.001428 seconds
Start importing Packages/com.unity.mathematics/Unity.Mathematics/int3x2.gen.cs using Guid(6ddb7ba42f65c4292afd32dd847c8d3e) Importer(Primary)  -> (artifact id: '946c35ba6676554c9e7f4abe2063d059') in 0.001213 seconds
Start importing Packages/com.unity.test-framework/UnityEditor.TestRunner/NUnitExtension/Attributes/ITestPlayerBuildModifier.cs using Guid(6d2f47eae5f447748892c46848956d5f) Importer(Primary)  -> (artifact id: 'da3dc6a4c782e27a70f70282abd3603e') in 0.001062 seconds
Start importing Packages/com.unity.test-framework/UnityEditor.TestRunner/TestLaunchers/RemotePlayerTestController.cs using Guid(7d36034e63ad8254b9b2f55280fcc040) Importer(Primary)  -> (artifact id: '9997f43b7ba7682732b9a3059124708e') in 0.001545 seconds
Start importing Packages/com.unity.collections/Unity.Collections.Tests/xxHash3Tests.cs using Guid(7d0e2c4064f24e889a36d5635f4f857d) Importer(Primary)  -> (artifact id: 'f2d294b80a2a507e0fa0970240b2d147') in 0.001106 seconds
Start importing Packages/com.unity.test-framework/UnityEditor.TestRunner/CommandLineTest/LogSavingCallbacks.cs using Guid(8d20eedbe40f0ce41a4c4f633f225de8) Importer(Primary)  -> (artifact id: 'bf45f183f29d344feae8eb2dec3977ae') in 0.001242 seconds
Start importing Packages/com.unity.mathematics/Unity.Mathematics/double2.gen.cs using Guid(8df28422e0a0640c1896e8de330e2640) Importer(Primary)  -> (artifact id: '16f33097e8906f357184d2c7bce93d87') in 0.001176 seconds
Start importing Packages/com.unity.mathematics/Unity.Mathematics/double4.gen.cs using Guid(8d041bf430fc14f4787b6f89d3326147) Importer(Primary)  -> (artifact id: '569377f5df69f371e1a35fc38bbfd718') in 0.001131 seconds
Start importing Packages/com.unity.test-framework/UnityEditor.TestRunner/TestLaunchers/PlatformSetup/IPlatformSetup.cs using Guid(9d614808f9add8a4f8e4860db2c7af0d) Importer(Primary)  -> (artifact id: '200f58353d30c6ec793909face6673bf') in 0.001424 seconds
Start importing Packages/com.unity.test-framework/UnityEditor.TestRunner/AssemblyInfo.cs using Guid(9db19a04003fca7439552acd4de9baa1) Importer(Primary)  -> (artifact id: 'fc9a11c27aba79a4877d03297ac46cf2') in 0.000990 seconds
Start importing Packages/com.unity.collections/Unity.Collections.Tests/UnsafeHashMapTests.cs using Guid(ad64d0820d4d7924d9ffb4f53ad1b75e) Importer(Primary)  -> (artifact id: 'e12b20b22c63b1c628e53f3f4567a11e') in 0.001144 seconds
Start importing Packages/com.unity.test-framework/UnityEditor.TestRunner/TestLaunchers/PlatformSetup/SwitchPlatformSetup.cs using Guid(adf7bea9401c1834380d55601add6cfb) Importer(Primary)  -> (artifact id: '712cab1964e2bff8865b9a7577566933') in 0.001386 seconds
Start importing Packages/com.unity.test-framework/UnityEditor.TestRunner/TestRun/Tasks/FileCleanupVerifierTaskBase.cs using Guid(ad7bb166069f8414e9ad26606b305e66) Importer(Primary)  -> (artifact id: '9d3ba96f5503b585c0be8d3849420015') in 0.001129 seconds
Start importing Packages/com.unity.burst/Editor/BurstDisassembler.Core.Wasm.cs using Guid(adfb797f3dde361eb406750c9eea1f62) Importer(Primary)  -> (artifact id: '009f71373906f5bfc8b4ceffb2809a65') in 0.001287 seconds
Start importing Packages/com.unity.cloud.gltfast/Runtime/Scripts/Schema/Asset.cs using Guid(bd77f2d23b4294a5f9955abdfdd41d1e) Importer(Primary)  -> (artifact id: 'bb3915efb1aad4955fa39941cf92ed49') in 0.001523 seconds
Start importing Packages/com.unity.test-framework/UnityEditor.TestRunner/UnityTestProtocol/TestStartedMessage.cs using Guid(bd3e81baa10021f4d877fa36382bab16) Importer(Primary)  -> (artifact id: '341bcd06870aa2633e8abb7680aedb13') in 0.001326 seconds
Start importing Packages/com.unity.cloud.gltfast/Runtime/Scripts/Loading/DefaultDownloadProvider.cs using Guid(cde7502e4d0bc40bbb8690ab2067a5b3) Importer(Primary)  -> (artifact id: '2e0b0d32522242cdfb292d00b6528a3d') in 0.001590 seconds
Start importing Packages/com.unity.mathematics/Unity.Mathematics/Noise/classicnoise2D.cs using Guid(cdfa008cc8af3440983f8c7beef680b9) Importer(Primary)  -> (artifact id: '297d809e2b04d230e756cfb973fb98d8') in 0.001187 seconds
Start importing Packages/com.unity.mathematics/Unity.Mathematics/uint2.gen.cs using Guid(cdcbf6c3d9b20634c90f40978594a52b) Importer(Primary)  -> (artifact id: 'c74007a53053924eeeb55089976da90c') in 0.001442 seconds
Start importing Packages/com.unity.cloud.gltfast/Runtime/Scripts/IGltfReadable.cs using Guid(cd5d527a7dbd74af4895c4aadcf5f16b) Importer(Primary)  -> (artifact id: 'd71c7a1d5ef511e77fb442720311643b') in 0.001256 seconds
Start importing Packages/com.unity.cloud.gltfast/Runtime/Scripts/Schema/AccessorSparseIndices.cs using Guid(ddd2d0a1e225f422eb8745214b3c8631) Importer(Primary)  -> (artifact id: '9adc983ad1bc77e6c10972b294d30e07') in 0.001156 seconds
Start importing Packages/com.unity.test-framework/UnityEngine.TestRunner/NUnitExtensions/Commands/EnumerableSetUpTearDownCommand.cs using Guid(dd85a35169d313840a0874aea1a28629) Importer(Primary)  -> (artifact id: 'dec2c9cd985d1495aa25e32cab8351af') in 0.002049 seconds
Start importing Packages/com.unity.test-framework/UnityEditor.TestRunner/NUnitExtension/Attributes/TestPlayerBuildModifierAttribute.cs using Guid(dd57b1176859fc84e93586103d3b5f73) Importer(Primary)  -> (artifact id: '9c1e0692be7ca2f81f3c3b304c60308f') in 0.001033 seconds
Start importing Packages/com.unity.burst/Unity.Burst.CodeGen/BurstILPostProcessor.cs using Guid(ddf71e25119f3861b687943b050c9971) Importer(Primary)  -> (artifact id: '8dc76de1ead48d8837c0166c39b05768') in 0.001194 seconds
Start importing Packages/com.unity.cloud.gltfast/Runtime/Scripts/MorphTargetsGenerator.cs using Guid(ddf8b3729d07f424fbb711e82633c09f) Importer(Primary)  -> (artifact id: 'd6641cb3815df848e390c7f027627c72') in 0.001315 seconds
Start importing Packages/com.unity.cloud.gltfast/Runtime/Scripts/Newtonsoft/Schema/Texture.cs using Guid(dd097d8c891e5408f9a31c651bc32784) Importer(Primary)  -> (artifact id: 'b0f01dd3fb3ad6f1a3a098d0b4724dd3') in 0.001284 seconds
Start importing Packages/com.unity.cloud.gltfast/Editor/Scripts/OnScriptsReloadHandler.cs using Guid(dd9d2e50cd6f34502ad61d8555c226bc) Importer(Primary)  -> (artifact id: 'dc315fe739c8baad3699e6152db5ad6e') in 0.001122 seconds
Start importing Packages/com.unity.test-framework/UnityEditor.TestRunner/TestLaunchers/RemotePlayerLogController.cs using Guid(edd2a1fe1acbbde43aad39862bb3f4a8) Importer(Primary)  -> (artifact id: '80c1ca09bbc67a8e676ffaf53a58e0b1') in 0.001503 seconds
Start importing Packages/com.unity.cloud.gltfast/Runtime/Scripts/DOTS/GltfEntityAsset.cs using Guid(ed63b69d2d259417e81f22bdec47df80) Importer(Primary)  -> (artifact id: '911a5855cddb05ee42d66f6c411a8ec0') in 0.001241 seconds
Start importing Packages/com.unity.cloud.gltfast/DocExamples/CustomGltfImport.cs using Guid(ed7eb2828185cf54896d0bc4e34c7d24) Importer(Primary)  -> (artifact id: '84e2a56f7381601173ea9e7cb36f81a0') in 0.001133 seconds
Start importing Packages/com.unity.cloud.gltfast/Runtime/Scripts/Export/DracoExportSettings.cs using Guid(fd92d7ccd0d2a4e0c931cc9e9baacc64) Importer(Primary)  -> (artifact id: 'f185650e4f5e8761f5efc16440d1d0d6') in 0.001292 seconds
Start importing Packages/com.unity.test-framework/UnityEditor.TestRunner/TestLaunchers/RemoteTestResultReciever.cs using Guid(fdb35ef8fc437e14fa4b6c74a0609e86) Importer(Primary)  -> (artifact id: '6f78835c3fb38dd77840c34c07b0629b') in 0.001525 seconds
Start importing Packages/com.unity.test-framework/UnityEditor.TestRunner/GUI/IGuiHelper.cs using Guid(fd57cf917f61bbb42b8f030436426ddd) Importer(Primary)  -> (artifact id: 'a6c7d79057be30b9d5a7a95c9f0539b7') in 0.001238 seconds
Start importing Packages/com.unity.collections/Unity.Collections.Tests/UnsafeUtilityTests.cs using Guid(fd28abb4e35d9472389061aeb5494474) Importer(Primary)  -> (artifact id: '3a98101110d14da754e848abc71add6d') in 0.001692 seconds
Start importing Packages/com.unity.cloud.gltfast/Runtime/Scripts/VertexBufferColors.cs using Guid(fd1f368dcd13847be84297465036659f) Importer(Primary)  -> (artifact id: 'bd3d6e5fe93d6e69d871c39658c1bc08') in 0.001069 seconds
Start importing Packages/com.unity.cloud.gltfast/Runtime/Scripts/GameObjectBoundsInstantiator.cs using Guid(0e7600ca5b99344b5815a37360cfc553) Importer(Primary)  -> (artifact id: 'e298d29faa48b01ebd3cc5dd3492918a') in 0.001298 seconds
Start importing Packages/com.unity.mathematics/Tests/Tests/Shared/TestRigidTransform.cs using Guid(0ea7743c8ecbfba4abe11751b744207e) Importer(Primary)  -> (artifact id: 'd49bc7b0f4d15feb4d701f82d0afa2a6') in 0.001448 seconds
Start importing Packages/com.unity.test-framework/UnityEditor.TestRunner/TestLaunchers/RuntimeTestLauncherBase.cs using Guid(0efb23ecb373b6d4bbe5217485785138) Importer(Primary)  -> (artifact id: 'ae8cc9c582c4567d8e4271b7f7188bf2') in 0.001523 seconds
Start importing Packages/com.unity.mathematics/Tests/Tests/Shared/TestInt3x3.gen.cs using Guid(1e50b53d0c552004db62a39d61d06297) Importer(Primary)  -> (artifact id: 'a0f8e5a04a550e9c61a1b75bb8f1bbf1') in 0.001078 seconds
Start importing Packages/com.unity.mathematics/Tests/Tests/Shared/TestUint3.gen.cs using Guid(1e540f901d21a5c4c94afaaa341f0eba) Importer(Primary)  -> (artifact id: 'f1016fb40d1264790f9c0ae7d5f637a3') in 0.001013 seconds
Start importing Packages/com.unity.burst/Editor/BurstDisassembler.Core.cs using Guid(1ea79974c5183e1383752c31ecbbb0d8) Importer(Primary)  -> (artifact id: 'd01615424253563fbda0dc2bcdb2fed2') in 0.001146 seconds
Start importing Packages/com.unity.burst/Runtime/BurstCompiler.cs using Guid(1ec7023d81033de6aa77e32be8ea9352) Importer(Primary)  -> (artifact id: '840025d796e7cc29f871adb6e86b7d30') in 0.001672 seconds
Start importing Packages/com.unity.test-framework/UnityEditor.TestRunner/TestRunner/EditorEnumeratorTestWorkItem.cs using Guid(1ebc1994f9a3d5649a1201d3a84b38df) Importer(Primary)  -> (artifact id: 'e92e40fab27f0e94baa43dac28cce7e6') in 0.001104 seconds
Start importing Packages/com.unity.cloud.gltfast/Runtime/Scripts/Material/Constants.cs using Guid(2ec0d38a2880d4e2886228f3008e670d) Importer(Primary)  -> (artifact id: '1aaafee6cdec57e8a5aece229e86a494') in 0.001053 seconds
Start importing Packages/com.unity.cloud.gltfast/Runtime/Scripts/DOTS/AssemblyInfo.cs using Guid(2ec27e64b669448cb850f90fd64deda8) Importer(Primary)  -> (artifact id: 'f328745d46c628e91110a8f887dbf59b') in 0.000924 seconds
Start importing Packages/com.unity.cloud.gltfast/Runtime/Scripts/Logging/CollectingLogger.cs using Guid(2e1487baffe934aa7897713f4f05e631) Importer(Primary)  -> (artifact id: '62784955994282df045c5739d7e8f2f9') in 0.001274 seconds
Start importing Packages/com.unity.cloud.gltfast/Runtime/Scripts/Schema/MaterialPbrMetallicRoughness.cs using Guid(2ea761ba8a88949f9853e3701abc486a) Importer(Primary)  -> (artifact id: '98e04afddd1c271ec0b57949b228f828') in 0.001233 seconds
Start importing Packages/com.unity.burst/Editor/BurstDisassembler.Core.x86.info.cs using Guid(2eea866710d936a0aa2b698e88b26884) Importer(Primary)  -> (artifact id: 'b39dff51ee133b999d2bb5fcd36b6afa') in 0.001198 seconds
Start importing Packages/com.unity.test-framework/UnityEngine.TestRunner/Utils/AssemblyProvider/AssemblyWrapper.cs using Guid(2e3b9bbf2c1a3cd4f88883ca32882ec6) Importer(Primary)  -> (artifact id: 'fc8965c8d9fd460c3f514859ddf857dd') in 0.001187 seconds
Start importing Packages/com.unity.cloud.gltfast/Runtime/Scripts/GltfImport.cs using Guid(2ecdf4a01fc4b428e8d8571876a43f78) Importer(Primary)  -> (artifact id: '1a9bca802f353834ef29bff439eb06d9') in 0.001106 seconds
Start importing Packages/com.unity.mathematics/Unity.Mathematics/double2x4.gen.cs using Guid(3e21dd148ae3e4bf98a4042d4756c4db) Importer(Primary)  -> (artifact id: '997d404feb67cb1b5996ed506ff8d006') in 0.001110 seconds
Start importing Packages/com.unity.cloud.gltfast/Runtime/Scripts/Export/ImageExportBase.cs using Guid(4e1122b5a7344378b5239f2ea982226e) Importer(Primary)  -> (artifact id: '7b66130bba8e0ae204962fbf28d96cdd') in 0.001386 seconds
Start importing Packages/com.unity.cloud.gltfast/Runtime/Scripts/Newtonsoft/Schema/Buffer.cs using Guid(4e5485bb951164f09b073d209ae19e29) Importer(Primary)  -> (artifact id: '77a711977f4a475a8a5c4b6702af45fc') in 0.001265 seconds
Start importing Packages/com.unity.cloud.gltfast/DocExamples/MultipleInstances.cs using Guid(5eb4588209c214a4e8be0ac7a9f33729) Importer(Primary)  -> (artifact id: '0f209e9c32f3622c2e1ae4202982385b') in 0.001131 seconds
Start importing Packages/com.unity.cloud.gltfast/Runtime/Scripts/Newtonsoft/Schema/Asset.cs using Guid(5e35d76c131bb44449b0ad50c6ab8ee7) Importer(Primary)  -> (artifact id: '608b91d6bebf52608608769c8c130b11') in 0.001064 seconds
Start importing Packages/com.unity.test-framework/UnityEngine.TestRunner/TestRunner/Callbacks/TestResultRenderer.cs using Guid(5ebb87899ca30b743bb4274bc00c02b4) Importer(Primary)  -> (artifact id: 'a2beae7e96789ebcafd6c67e4c4fead4') in 0.001574 seconds
Start importing Packages/com.unity.cloud.gltfast/Editor/Scripts/ShaderGraphGUI.cs using Guid(5e2f126a1146d494cb1f1664639f3205) Importer(Primary)  -> (artifact id: '3c67be804afd4f8b7dde67d171237de1') in 0.001099 seconds
Start importing Packages/com.unity.cloud.gltfast/Runtime/Scripts/Export/HDAdditionalLightDataExtensions.cs using Guid(6e5be4f317e841b98301597d5bb37dbf) Importer(Primary)  -> (artifact id: '7c32058d83b609d5a757b2373eccb4d8') in 0.001362 seconds
Start importing Packages/com.unity.test-framework/UnityEditor.TestRunner/Api/TestAdaptor.cs using Guid(6e0e62db88935c74288c97c907243bd0) Importer(Primary)  -> (artifact id: '50597c26e2ed388afe00eb97115b3025') in 0.001300 seconds
Start importing Packages/com.unity.mathematics/Unity.Mathematics/float3.gen.cs using Guid(6e8e5da9e769595428f8f1f51e642dd3) Importer(Primary)  -> (artifact id: '14171fe78b32ea108011a277942bbffa') in 0.001883 seconds
Start importing Packages/com.unity.test-framework/UnityEngine.TestRunner/NUnitExtensions/Runner/PlaymodeWorkItemFactory.cs using Guid(7ef6801a8b664544aa9f2ab1bc1f8b60) Importer(Primary)  -> (artifact id: '1a72ec928c445dc4c0e948074c74d836') in 0.001118 seconds
Start importing Packages/com.unity.cloud.gltfast/Runtime/Scripts/Export/ImageExport.cs using Guid(8e134528d7aa047e9837cf28e8cd5609) Importer(Primary)  -> (artifact id: '3909566520401e317fd8427c438fedce') in 0.001226 seconds
Start importing Packages/com.unity.mathematics/Unity.Mathematics/float3x4.gen.cs using Guid(8e85ad7d883b9468da066c1ad9de70d0) Importer(Primary)  -> (artifact id: '0d44dbaf2e0b30dbcd8c8cddd68269a8') in 0.001382 seconds
Start importing Packages/com.unity.burst/Runtime/Editor/BurstCompileTarget.cs using Guid(8e0e4e7742393f00808df3e4508a7327) Importer(Primary)  -> (artifact id: 'fb55bf65e3c583859124f80e8bd678ba') in 0.001168 seconds
Start importing Packages/com.unity.cloud.gltfast/Runtime/Scripts/IMaterialsVariantsProvider.cs using Guid(9e554426dbbd4f148438960e7e80db45) Importer(Primary)  -> (artifact id: 'b1ead3e482ac581cb9ab09f4a66b03bc') in 0.001309 seconds
Start importing Packages/com.unity.test-framework/UnityEditor.TestRunner/Api/TestStatus.cs using Guid(9ec94545c5b00344c9bd8e691f15d799) Importer(Primary)  -> (artifact id: '37402db33901462fd92bb6b160b42633') in 0.001116 seconds
Start importing Packages/com.unity.mathematics/Unity.Mathematics/int2x2.gen.cs using Guid(9ee90f66ec9324008b40d056f2a6fd46) Importer(Primary)  -> (artifact id: 'fe6ddf0c1ff0eb073d5826f5a0effa15') in 0.001147 seconds
Start importing Packages/com.unity.burst/Runtime/Intrinsics/x86/Sse.cs using Guid(9edae0ecbfb63f239983f9a81f80ddf9) Importer(Primary)  -> (artifact id: 'cf035c0a915464da21c48b870d20dca5') in 0.001249 seconds
Start importing Packages/com.unity.burst/Runtime/Intrinsics/x86/F16C.cs using Guid(ae12ed22401338869b648a8327f251da) Importer(Primary)  -> (artifact id: '7597ff780c255da16ceca3df38fd3ba9') in 0.001596 seconds
Start importing Packages/com.unity.burst/Runtime/Editor/BurstLoader.cs using Guid(aeb3ace3d48330a3b182da7ace6b5f65) Importer(Primary)  -> (artifact id: 'c41846fdde41054426b5cbd30c86e1fc') in 0.001048 seconds
Start importing Packages/com.unity.burst/Runtime/Intrinsics/Arm/NEON_AArch64_dotprod.cs using Guid(ae2473ecba7e346e806e9120b6533cf4) Importer(Primary)  -> (artifact id: 'cdd3f7b5399b665c8912885bda836b4e') in 0.001128 seconds
Start importing Packages/com.unity.test-framework/UnityEditor.TestRunner/TestLaunchers/PlatformSetup/XboxOnePlatformSetup.cs using Guid(aed7ab02155e43341a2dbcb7bc17c160) Importer(Primary)  -> (artifact id: 'd8f3414c7e34b63c88af309d6616c6a3') in 0.001026 seconds
Start importing Packages/com.unity.test-framework/UnityEngine.TestRunner/Utils/AttributeHelper.cs using Guid(ae8ce3ffe04ac2c42945fd27e0291fc3) Importer(Primary)  -> (artifact id: '0f314a0259ca70d8b2a7b3203bb9e292') in 0.001098 seconds
Start importing Packages/com.unity.burst/Runtime/Intrinsics/Arm/NEON.cs using Guid(ae0e31ea75d231429bb22041f90ea890) Importer(Primary)  -> (artifact id: '0e7d870b3f5f0089c78629bb7fafcec6') in 0.001232 seconds
Start importing Packages/com.unity.cloud.gltfast/Runtime/Scripts/Newtonsoft/Schema/Sampler.cs using Guid(aeae4863b04834c7ab49dc6db2c1cff5) Importer(Primary)  -> (artifact id: '622e951c9422e464ecc7235625536363') in 0.001507 seconds
Start importing Packages/com.unity.mathematics/Tests/Tests/Shared/TestUint3x2.gen.cs using Guid(bede9ed05d973fa43bff7c97121eab82) Importer(Primary)  -> (artifact id: '5e5ee52632c0d231e58bc877f8f5d893') in 0.001647 seconds
Start importing Packages/com.unity.collections/Unity.Collections.Tests/NativeStreamTests.cs using Guid(ce62bb2f0aba64563accb50660276cff) Importer(Primary)  -> (artifact id: '2e850c4a67157bf771c1d9d97655b16d') in 0.001107 seconds
Start importing Packages/com.unity.cloud.gltfast/Runtime/Scripts/PrimitiveComparer.cs using Guid(cec4d33f62854a75b4b8810dc6f1317d) Importer(Primary)  -> (artifact id: 'b714f46e2c0b2ccd53ccd6d29af84d38') in 0.001161 seconds
Start importing Packages/com.unity.test-framework/UnityEditor.TestRunner/GUI/TestListTreeView/TestTreeViewItem.cs using Guid(ce567ddbf30368344bc7b80e20cac36e) Importer(Primary)  -> (artifact id: '2a0fd97ba199f76bb3a9fb1a4988b0a5') in 0.001188 seconds
Start importing Packages/com.unity.mathematics/Tests/Tests/Shared/TestBool3x4.gen.cs using Guid(ce96cd62cfbd7e24c9173437069a42ad) Importer(Primary)  -> (artifact id: 'e89d97405de34ce7f9843bf534685aa0') in 0.001029 seconds
Start importing Packages/com.unity.test-framework/UnityEditor.TestRunner/GUI/TestListTreeView/TestListTreeViewDataSource.cs using Guid(ce87c287371edde43a4b5fcfdee7b9ef) Importer(Primary)  -> (artifact id: '78b3497c3c695926aaeb8be6700c1d53') in 0.001222 seconds
Start importing Packages/com.unity.burst/Runtime/Intrinsics/v128.cs using Guid(de21742a4b9139f3a58692cb231ecd51) Importer(Primary)  -> (artifact id: '3bf1f0043edc1e0e26a1f67e81ad0e06') in 0.001639 seconds
Start importing Packages/com.unity.test-framework/UnityEditor.TestRunner/TestRunner/Utils/TestListJob.cs using Guid(dec9066d4afefe444be0dad3f137730d) Importer(Primary)  -> (artifact id: 'e7a694e541dcb757b445b0381aa2cf58') in 0.001175 seconds
Start importing Packages/com.unity.cloud.gltfast/Runtime/Scripts/Schema/MaterialTransmission.cs using Guid(de3f0ad1a340b4da5a675c20b2eb036d) Importer(Primary)  -> (artifact id: 'b4f20d7043843828754dbcc187e5dd51') in 0.001586 seconds
Start importing Packages/com.unity.test-framework/UnityEditor.TestRunner/Api/ExecutionSettings.cs using Guid(eea34a28297f9bc4c9f4c573bc8d5d1c) Importer(Primary)  -> (artifact id: '06234614d811193d94cac88a0e525624') in 0.001281 seconds
Start importing Packages/com.unity.collections/Unity.Collections.Tests/NativeListTests_JobDebugger.cs using Guid(eebf40a7db1244e6782a238f4c5d279b) Importer(Primary)  -> (artifact id: '2f03b3a07049ca31922b767942dcb555') in 0.001046 seconds
Start importing Packages/com.unity.cloud.gltfast/Runtime/Scripts/Newtonsoft/Schema/AnimationSampler.cs using Guid(fe253601d805d4c29bacd03ed1c8f63c) Importer(Primary)  -> (artifact id: '13855836440346c478366cccbb1d3f6c') in 0.001103 seconds
Start importing Packages/com.unity.test-framework/UnityEngine.TestRunner/Utils/AssemblyProvider/IScriptingRuntimeProxy.cs using Guid(fe4aef60e4ace544c8430da8ef8acba2) Importer(Primary)  -> (artifact id: '99f19e7b5d6ac6921a414e8012b98970') in 0.001165 seconds
Start importing Packages/com.unity.test-framework/UnityEngine.TestRunner/NUnitExtensions/Attributes/UnityTestAttribute.cs using Guid(fedb0f9e5006b1943abae52f52f08a1a) Importer(Primary)  -> (artifact id: 'e35d30290e54802f87b39ba72930fa01') in 0.001209 seconds
Start importing Packages/com.unity.burst/Unity.Burst.CodeGen/ILPostProcessingLegacy.cs using Guid(0f204499a5833eb3ac929d6b00ec26e8) Importer(Primary)  -> (artifact id: '515897e20e29390a990587639b393390') in 0.001105 seconds
Start importing Packages/com.unity.cloud.gltfast/Runtime/Scripts/Schema/FakeSchema/Root.cs using Guid(0ff53205b504b47bbb7d5fcad1c6ce0f) Importer(Primary)  -> (artifact id: 'd0877f4aa8897edb5f0a3622cc877610') in 0.001329 seconds
Start importing Packages/com.unity.collections/Unity.Collections/NativeHashMap.cs using Guid(1f49bcab900e54c498a852d067a7636c) Importer(Primary)  -> (artifact id: '1ff00da9168724b9e8e2ed81adc7f6fa') in 0.001114 seconds
Start importing Packages/com.unity.cloud.gltfast/Runtime/Scripts/Schema/AccessorSparseValues.cs using Guid(1fbe6b4db971c4ca0b34466fc32ce5c0) Importer(Primary)  -> (artifact id: '3246df10db420837223959689cedc0be') in 0.001626 seconds
Start importing Packages/com.unity.burst/Runtime/NoAliasAttribute.cs using Guid(2f57b979d8843d3a95743ba60e9c33e3) Importer(Primary)  -> (artifact id: '0861651e0ed85f70202b2c33bd488bbb') in 0.001861 seconds
Start importing Packages/com.unity.test-framework/UnityEngine.TestRunner/Assertions/OutOfOrderExpectedLogMessageException.cs using Guid(2fcdb9402e0a4427bd5bd01f71ecf6d5) Importer(Primary)  -> (artifact id: '035c238a53d583fbb3a7b8bbf2540632') in 0.001175 seconds
Start importing Packages/com.unity.cloud.gltfast/Editor/Scripts/ShaderGUIBase.cs using Guid(3fc2baf04d5f44c57812b8e8a0d5dc4b) Importer(Primary)  -> (artifact id: '597d4a2b35dacd6c6cdbf132068afdcd') in 0.001158 seconds
Start importing Packages/com.unity.mathematics/Unity.Mathematics/double2x2.gen.cs using Guid(3faab235f9f6845bbbd1d94d1376d896) Importer(Primary)  -> (artifact id: '4f274414f99b5c5a5748fd1fcc84d22a') in 0.001183 seconds
Start importing Packages/com.unity.cloud.gltfast/Runtime/Scripts/Schema/FakeSchema/MaterialExtension.cs using Guid(3fbb61750909c47b8985966c487e74ee) Importer(Primary)  -> (artifact id: 'f70c18a7624f937292cc0f83d588e78f') in 0.001298 seconds
Start importing Packages/com.unity.test-framework/UnityEditor.TestRunner/CommandLineTest/RunData.cs using Guid(3f8c1075884df0249b80e23a0598f9c1) Importer(Primary)  -> (artifact id: 'e78abf93a6bd0d629f3c08d05b307f0a') in 0.001600 seconds
Start importing Packages/com.unity.mathematics/Unity.Mathematics/uint3.gen.cs using Guid(3f9d441c51e38d9488cbdd2f013adcd3) Importer(Primary)  -> (artifact id: 'ecd2dc9f269c37fce7539a2ff307b328') in 0.001801 seconds
Start importing Packages/com.unity.test-framework/UnityEditor.TestRunner/Api/ITestResultAdaptor.cs using Guid(4f90cfe4bf5cfb44f84a5b11387f2a42) Importer(Primary)  -> (artifact id: 'af38f96c8035a6ddfa229a03e21bb233') in 0.001167 seconds
Start importing Packages/com.unity.collections/Unity.Collections/Attributes.cs using Guid(4f31f524e51e467a9dc7691a41622766) Importer(Primary)  -> (artifact id: 'd7372499f9d3e8ea392a11ed4d579cbd') in 0.001105 seconds
Start importing Packages/com.unity.cloud.gltfast/Runtime/Scripts/Schema/GltfAccessorAttributeType.cs using Guid(4fe2905ca66b40f1998ea33256f5654e) Importer(Primary)  -> (artifact id: '4458fa1a7cd05a2ddbd97929379257a4') in 0.001772 seconds
Start importing Packages/com.unity.test-framework/UnityEngine.TestRunner/NUnitExtensions/ActionDelegator.cs using Guid(4f939b9e23a0946439b812551e07ac81) Importer(Primary)  -> (artifact id: '3776b98faf54f33099dae2aea9e1fbe7') in 0.001277 seconds
Start importing Packages/com.unity.mathematics/Tests/Tests/Shared/TestMath.cs using Guid(4fca0e2ff0321404da5c0ab527bdc756) Importer(Primary)  -> (artifact id: 'f0d60ff310e3ba8ed94af67619fc37eb') in 0.001288 seconds
Start importing Packages/com.unity.test-framework/UnityEngine.TestRunner/NUnitExtensions/IStateSerializer.cs using Guid(5f875a14565308a40a5262d2504da705) Importer(Primary)  -> (artifact id: 'fac2d7c6a526084e04953ccfad5ef5c3') in 0.001460 seconds
Start importing Packages/com.unity.mathematics/Tests/Tests/Shared/TestInt4x3.gen.cs using Guid(5ffba8e003136db4abab4542f240e632) Importer(Primary)  -> (artifact id: '0be49d39d7875a7f6e85ef9a39f63ee8') in 0.001373 seconds
Start importing Packages/com.unity.burst/Editor/BurstDisassembler.Core.x86.cs using Guid(6f21d73f40273eb4b102b79bda678e68) Importer(Primary)  -> (artifact id: 'b24e69eb490d6d8a78b9757bc69d9450') in 0.001158 seconds
Start importing Packages/com.unity.cloud.gltfast/Runtime/Scripts/Schema/Material.cs using Guid(6fc5461f38ba347c9af28d46af9eb719) Importer(Primary)  -> (artifact id: '615e6b1901af521b51e2c1e1630f1142') in 0.001109 seconds
Start importing Packages/com.unity.cloud.gltfast/Runtime/Scripts/DracoMeshGenerator.cs using Guid(6f2f7f10cdb5644bbb2760421003ad61) Importer(Primary)  -> (artifact id: '3e4d4a6fcd76207aed8a58c96929ff5a') in 0.001118 seconds
Start importing Packages/com.unity.collections/Unity.Collections.Tests/NativeMultiHashMapTests_JobDebugger.cs using Guid(7f00410a200de4d6d865ce65201c861f) Importer(Primary)  -> (artifact id: '728fdb4e6609485d82d5e317f5db9aed') in 0.001315 seconds
Start importing Packages/com.unity.cloud.gltfast/Runtime/Scripts/MaterialsVariants/MaterialsVariantsComponent.cs using Guid(7fc354af441a35b4eab3dd86d3f8d513) Importer(Primary)  -> (artifact id: '755481e64cee5cf766fd89b8aa045247') in 0.001064 seconds
Start importing Packages/com.unity.test-framework/UnityEngine.TestRunner/NUnitExtensions/Commands/BeforeAfterTestCommandState.cs using Guid(7f65567c9026afb4db5de3355accc636) Importer(Primary)  -> (artifact id: '2204d0f8dec7c981ee0699869e323e68') in 0.001194 seconds
Start importing Packages/com.unity.burst/Editor/LongTextArea.cs using Guid(7f3eb54e86493a18ab63896161080959) Importer(Primary)  -> (artifact id: 'c1e3760e0244aa42a86311223eeb66c3') in 0.001256 seconds
Start importing Packages/com.unity.cloud.gltfast/Runtime/Scripts/GameObjectInstantiator.cs using Guid(8f09d36b46b0842a3bcfbec880ccba9a) Importer(Primary)  -> (artifact id: '6a1db6f1c9c0a3feb85d52abc7c0906f') in 0.001154 seconds
Start importing Packages/com.unity.burst/Editor/BurstDisassembler.cs using Guid(8fcac8aba2ba344697e10c770e5e0bc0) Importer(Primary)  -> (artifact id: 'fb471f2cb887caaee08fcca2eb7bfdf4') in 0.001171 seconds
Start importing Packages/com.unity.mathematics/Tests/Tests/Shared/TestBool2x2.gen.cs using Guid(8ffa916172073c14499f3e88e1ddaccc) Importer(Primary)  -> (artifact id: 'e95a6597df2809ca2cddaf7c1ab9d2a0') in 0.001659 seconds
Start importing Packages/com.unity.test-framework/UnityEditor.TestRunner/Api/ICallbacksDelegator.cs using Guid(8f8f74fe8e363da42875d9cab025d3b2) Importer(Primary)  -> (artifact id: 'c3264898c26dd4ec7890e32835088556') in 0.001369 seconds
Start importing Packages/com.unity.cloud.gltfast/Runtime/Scripts/Schema/OcclusionTextureInfo.cs using Guid(9f4155f4f154d46368565048b3b9a02f) Importer(Primary)  -> (artifact id: 'aa2ca0a06f7d8f1a0c919ceab760fdc4') in 0.001589 seconds
Start importing Packages/com.unity.cloud.gltfast/Runtime/Scripts/Newtonsoft/Schema/MaterialExtensions.cs using Guid(9f0a4a9ec02f2482d9946d8a83c673c9) Importer(Primary)  -> (artifact id: '8c7b7c3dae887ce5c3d68490cd8b42fd') in 0.001151 seconds
Start importing Packages/com.unity.mathematics/Unity.Mathematics/uint4.gen.cs using Guid(9fdee5e687d86ef488fb8ebda7eb849b) Importer(Primary)  -> (artifact id: '8e91c253e8522eb7896c5acb785d15d3') in 0.001972 seconds
Start importing Packages/com.unity.test-framework/UnityEngine.TestRunner/Utils/FloatEqualityComparer.cs using Guid(af5042802f06c804c8abddd544b77a4a) Importer(Primary)  -> (artifact id: '83ec87c79a6ad748c416783b2fa0a419') in 0.001289 seconds
Start importing Packages/com.unity.collections/Unity.Collections/FixedStringParseMethods.cs using Guid(af16c54541e443e59c1fdf0919c1b9ea) Importer(Primary)  -> (artifact id: '5af005a1927dd9ab4d73534096ef99d9') in 0.001634 seconds
Start importing Packages/com.unity.cloud.gltfast/Runtime/Scripts/Material/MaterialGenerator.cs using Guid(afe9cec957cbc4e2d8d686c12da3b676) Importer(Primary)  -> (artifact id: 'f3e6abc2c2c5a8b5b4b70e2c989d9ed1') in 0.001078 seconds
Start importing Packages/com.unity.cloud.gltfast/Runtime/Scripts/AnimationMethod.cs using Guid(afdc0c08b0ba4248a2a7cd1a610f3d5a) Importer(Primary)  -> (artifact id: '0499b256feadf6d3f6ad4c33c089f4d9') in 0.001031 seconds
Start importing Packages/com.unity.collections/Unity.Collections/Deprecated.cs using Guid(bfb5034a42e3f8f4d97776cf8d2f0e37) Importer(Primary)  -> (artifact id: 'c9dfe83c377dfa2705eee656289689dc') in 0.001524 seconds
Start importing Packages/com.unity.cloud.gltfast/Runtime/Scripts/Newtonsoft/Schema/Material.cs using Guid(bf06d11797d2a4faf928a33dfba697df) Importer(Primary)  -> (artifact id: 'cc4f258f6d14eb3242039c07b053beda') in 0.001535 seconds
Start importing Packages/com.unity.mathematics/Tests/Tests/Shared/TestUtils.cs using Guid(cff1594319560b44ba925eb76a273c80) Importer(Primary)  -> (artifact id: '70b2509d516867b47d27138ba0e9f791') in 0.001173 seconds
Start importing Packages/com.unity.collections/Unity.Collections/BurstCompatibleAttribute.cs using Guid(cf57aae738013234baa585dee44cf5ac) Importer(Primary)  -> (artifact id: 'db120e5fc3a70040e65fb35ea7a5c1ac') in 0.001146 seconds
Start importing Packages/com.unity.test-framework/UnityEngine.TestRunner/TestRunner/Callbacks/TestResultRendererCallback.cs using Guid(dfc336f10b83bd74eaded16a658275c7) Importer(Primary)  -> (artifact id: '2eefe726f5ca4c7e6e1a521876b46f1c') in 0.002119 seconds
Start importing Packages/com.unity.cloud.gltfast/Editor/Scripts/AsyncHelpers.cs using Guid(df7900cf92aa0420bad0006e7cf0eebc) Importer(Primary)  -> (artifact id: '119b2cf6e57589bdf9273f5540316242') in 0.001281 seconds
Start importing Packages/com.unity.cloud.gltfast/Runtime/Scripts/AnimationUtils.cs using Guid(ef505ff2a2ed74b1c8c346a506e2c93e) Importer(Primary)  -> (artifact id: '18f67eae99310c0127f59292e9b30ba2') in 0.001251 seconds
Start importing Packages/com.unity.cloud.gltfast/Runtime/Scripts/ManagedNativeArray.cs using Guid(ef615afcb33bd4a8794a78655228d0aa) Importer(Primary)  -> (artifact id: '3856c3d82cafb4f53dc9a274674ca600') in 0.001144 seconds
Start importing Packages/com.unity.cloud.gltfast/Runtime/Scripts/DataUri.cs using Guid(efb2b98de420048b5800c69688ffe0a6) Importer(Primary)  -> (artifact id: 'c3ae5e4f0599494c3def84bbef203f56') in 0.001118 seconds
Start importing Packages/com.unity.test-framework/UnityEditor.TestRunner/CommandLineTest/ResultsSavingCallbacks.cs using Guid(ef563c5a6ecf64d4193dc144cb7d472a) Importer(Primary)  -> (artifact id: 'f25b0d7e99483c6bc9bb245defa164e4') in 0.001311 seconds
Start importing Packages/com.unity.test-framework/UnityEngine.TestRunner/Assertions/UnityTestTimeoutException.cs using Guid(ffb335140c799c4408411d81789fb05c) Importer(Primary)  -> (artifact id: 'ecc88b76379c8b58d996d45a5b074767') in 0.001255 seconds
Start importing Packages/com.unity.collections/Unity.Collections/FixedStringMethods.cs using Guid(ff34e3b577f44d67b146cc64b598b67d) Importer(Primary)  -> (artifact id: '8ea17fac7aee6b9a144d61a6afc76770') in 0.001323 seconds
Start importing Packages/com.unity.mathematics/Unity.Mathematics/math_unity_conversion.cs using Guid(ff55c152384775745b54032825a4ef2c) Importer(Primary)  -> (artifact id: '0ae1313014744ee054b1042439456381') in 0.001163 seconds
Start importing Packages/com.unity.cloud.gltfast/Runtime/Scripts/IDefaultImageFormatLoader.cs using Guid(ff9526918ad44d09bf31bf28991e0a64) Importer(Primary)  -> (artifact id: '556b6bf0448184cfc31e7e090f32c4b7') in 0.001257 seconds
Start importing Packages/com.unity.test-framework/UnityEngine.TestRunner/Utils/IPostBuildCleanup.cs using Guid(ff67c526455160f4690a44f74dee4cbe) Importer(Primary)  -> (artifact id: '101e4f1591ea4e9f74669607c2b84d8e') in 0.001203 seconds
Start importing Packages/com.unity.mathematics/Tests/Tests/Shared/TestMinMaxAABB.cs using Guid(ff79137b66b3348278b1936f9080f495) Importer(Primary)  -> (artifact id: '6f663afc9b51ad38ebed773715b3f0fd') in 0.001652 seconds
Start importing Packages/com.unity.collections/Unity.Collections.Tests/NativeSortTests.gen.cs using Guid(ff0ba7aa14bc81c4cb4b1c28cd3460ed) Importer(Primary)  -> (artifact id: '3f11fafd869d3b0e10a78b3dc48ca654') in 0.001294 seconds
Refreshing native plugins compatible for Editor in 0.19 ms, found 0 plugins.
Native extension for WindowsStandalone target not found
Mono: successfully reloaded assembly
- Finished resetting the current domain, in  1.701 seconds
Domain Reload Profiling: 2010ms
	BeginReloadAssembly (131ms)
		ExecutionOrderSort (0ms)
		DisableScriptedObjects (4ms)
		BackupInstance (0ms)
		ReleaseScriptingObjects (0ms)
		CreateAndSetChildDomain (26ms)
	RebuildCommonClasses (26ms)
	RebuildNativeTypeToScriptingClass (10ms)
	initialDomainReloadingComplete (18ms)
	LoadAllAssembliesAndSetupDomain (122ms)
		LoadAssemblies (174ms)
		RebuildTransferFunctionScriptingTraits (0ms)
		AnalyzeDomain (29ms)
			TypeCache.Refresh (23ms)
				TypeCache.ScanAssembly (18ms)
			ScanForSourceGeneratedMonoScriptInfo (4ms)
			ResolveRequiredComponents (1ms)
	FinalizeReload (1702ms)
		ReleaseScriptCaches (0ms)
		RebuildScriptCaches (0ms)
		SetupLoadedEditorAssemblies (1616ms)
			LogAssemblyErrors (0ms)
			InitializePlatformSupportModulesInManaged (2ms)
			SetLoadedEditorAssemblies (3ms)
			RefreshPlugins (0ms)
			BeforeProcessingInitializeOnLoad (10ms)
			ProcessInitializeOnLoadAttributes (1430ms)
			ProcessInitializeOnLoadMethodAttributes (167ms)
			AfterProcessingInitializeOnLoad (3ms)
			EditorAssembliesLoaded (0ms)
		ExecutionOrderSort2 (0ms)
		AwakeInstancesAfterBackupRestoration (12ms)
Start importing Packages/com.unity.collections/Unity.Collections/NativeText.tt using Guid(50504580bca9eb0409fcceea1af68eb5) Importer(Primary)  -> (artifact id: '4dbdb1889e4b351ce4021f278dc4210c') in 0.020492 seconds
Start importing Packages/com.unity.collections/Unity.Collections/FixedList.tt using Guid(f16da17e34bf5f149a196c3f6b32e37f) Importer(Primary)  -> (artifact id: 'a0f9fab6de3cad0b3f53a57301943dfa') in 0.000502 seconds
Start importing Packages/com.unity.collections/Unity.Collections/FixedStringFormat.tt using Guid(059659011adc4f67a43b9d9bcc5dfd01) Importer(Primary)  -> (artifact id: '24dcc5e325416a85dbf5dc81688f0209') in 0.000638 seconds
Start importing Packages/com.unity.collections/Unity.Collections.Tests/NativeSortTests.tt using Guid(175a9e4a17bf01748b02c5c1c653d091) Importer(Primary)  -> (artifact id: '8878a8d9a45d0d1ebfa2690c9de19584') in 0.000849 seconds
Start importing Packages/com.unity.collections/Unity.Collections.Tests/FixedListTests.tt using Guid(775a8d1badc640e45a6030c3822a83d7) Importer(Primary)  -> (artifact id: '9c224bcbb6fd4b50b97c12068f754339') in 0.000620 seconds
Start importing Packages/com.unity.collections/Unity.Collections/HeapString.tt using Guid(e910f3b476804d65b90652c09d991834) Importer(Primary)  -> (artifact id: '715618aa5998c32d6b3622ea7f995d0c') in 0.000465 seconds
Start importing Packages/com.unity.collections/Unity.Collections.Tests/WordsTests.tt using Guid(0ae36389f9190364281d886af2bc17ad) Importer(Primary)  -> (artifact id: 'e8c5535aa40298e38c6637780bd864a5') in 0.000541 seconds
Start importing Packages/com.unity.collections/Unity.Collections/FixedString.tt using Guid(0a845769eb1dc4f459f64e5c840d07de) Importer(Primary)  -> (artifact id: 'ea4b653d87ea04cca069e939e0d577bd') in 0.000588 seconds
Start importing Packages/com.unity.collections/Unity.Collections.Tests.Playmode/FixedListPlayModeTests.tt using Guid(6a88e2cd1798bb445bc5517141684031) Importer(Primary)  -> (artifact id: '71253e9e4fd30b2790dc9cce304748cb') in 0.000513 seconds
Start importing Packages/com.unity.collections/Unity.Collections.Tests/FixedStringSizedTests.tt using Guid(0be05385fc513c143a5b5249b7ad6211) Importer(Primary)  -> (artifact id: 'd8a07d28ce092fb3a7b62adbdf7e1765') in 0.000544 seconds
Start importing Packages/com.unity.collections/Unity.Collections/UnsafeHashSetExtensions.tt using Guid(dbd3ca1753e44d04dbf3e27c3cfa4a1b) Importer(Primary)  -> (artifact id: '15f032619fa355c75c31d4cde792e8e3') in 0.000581 seconds
Start importing Packages/com.unity.collections/Unity.Collections/FixedStringFormatMethods.tt using Guid(0cdef7b1946241588e9a3b52426940e4) Importer(Primary)  -> (artifact id: '231a6d61cdab3b071d0a318c62bdfd02') in 0.000521 seconds
Start importing Packages/com.unity.collections/Unity.Collections.Tests/NativeHashSetTests.tt using Guid(edf89c00aa475ae48a7726b87fc0f00c) Importer(Primary)  -> (artifact id: '73b81ba71360f90cebc6438dbf571430') in 0.000513 seconds
Start importing Packages/com.unity.collections/Unity.Collections/NativeHashSetExtensions.tt using Guid(6f9fa81af98728e4f8a0db3762124ff9) Importer(Primary)  -> (artifact id: '0c369600ab8e914678c21e5df692236d') in 0.000547 seconds
Start importing Packages/com.unity.mathematics/Unity.Mathematics/Noise/README using Guid(16687ba1ea1804a9fb7cb7c2410eab23) Importer(Primary)  -> (artifact id: 'aafe48a54757240c8fb12735731f4303') in 0.000651 seconds
Start importing Packages/com.unity.cloud.gltfast/Runtime/Shader/glTF-unlit.shadergraph using Guid(c87047c884d9843f5b0f4cce282aa760) Importer(Primary)  -> (artifact id: '968c35103075a738f948c97afc6a7494') in 0.003649 seconds
Start importing Packages/com.unity.mathematics/Unity.Mathematics/Noise/LICENSE using Guid(e8895079ca68e498482a3075d7e34508) Importer(Primary)  -> (artifact id: '6e2fc5255c453f3cc98bfbc49c1bc1be') in 0.000468 seconds
Start importing Packages/com.unity.cloud.gltfast/Runtime/Shader/glTF-pbrMetallicRoughness.shadergraph using Guid(b9d29dfa1474148e792ac720cbd45122) Importer(Primary)  -> (artifact id: 'd0246ff2b11bd60ef2a8393e9292c5f6') in 0.000439 seconds
Start importing Packages/com.unity.cloud.gltfast/Runtime/Shader/glTF-pbrSpecularGlossiness.shadergraph using Guid(9a07dad0f3c4e43ff8312e3b5fa42300) Importer(Primary)  -> (artifact id: 'f7ff8131739bd976edf20b3ba01a8eea') in 0.000604 seconds
Start importing Packages/com.unity.cloud.gltfast/Runtime/Shader/SubGraphs/PBR_metallic_roughness.shadersubgraph using Guid(0011ac3bd216c4242baafcf7d0ee237b) Importer(Primary)  -> (artifact id: 'faa059475eac8672263b391884803c3e') in 0.003435 seconds
Start importing Packages/com.unity.cloud.gltfast/Runtime/Shader/SubGraphs/BaseColor.shadersubgraph using Guid(8128dba25d89b4e0e99b91d27f058f07) Importer(Primary)  -> (artifact id: '3f2fc451d25a4aa1209894ca9a18a38a') in 0.000583 seconds
Start importing Packages/com.unity.cloud.gltfast/Runtime/Shader/URP/glTF-pbrMetallicRoughness-Clearcoat.shadergraph using Guid(c18c97ae1ce021b4980c5d19a54f0d3c) Importer(Primary)  -> (artifact id: 'fb785771f7359054ffb57a35dd59a6f0') in 0.000515 seconds
Start importing Packages/com.unity.cloud.gltfast/Runtime/Shader/HDRP/glTF-pbrMetallicRoughnessStackLit.shadergraph using Guid(429ab83ee9ef05b4f8a76e58ea5d5ad4) Importer(Primary)  -> (artifact id: 'a8ea30048d02d99d262e126a0377895e') in 0.000529 seconds
Start importing Packages/com.unity.cloud.gltfast/Runtime/Shader/SubGraphs/MetallicRoughness.shadersubgraph using Guid(04256d74e79e741c5a94eebba619687e) Importer(Primary)  -> (artifact id: 'f4ebcb5637f95ab575bb3f9fd05bb0c3') in 0.000678 seconds
Start importing Packages/com.unity.cloud.gltfast/Runtime/Shader/SubGraphs/ScreenGrab.shadersubgraph using Guid(34bce5e04fd5d474286972968941bb2a) Importer(Primary)  -> (artifact id: '4fc09141598e17356642b6b8149a201d') in 0.000474 seconds
Start importing Packages/com.unity.cloud.gltfast/Runtime/Shader/SubGraphs/PBR_specular_glossiness.shadersubgraph using Guid(a604ef8f6e4b643cf9807d62c5c98463) Importer(Primary)  -> (artifact id: '04d3f6092cf6f8f995c0f0409eaae8a5') in 0.000562 seconds
Start importing Packages/com.unity.cloud.gltfast/Runtime/Shader/SubGraphs/Occlusion.shadersubgraph using Guid(a61e32a8ab2b744a3837d668b8fc3155) Importer(Primary)  -> (artifact id: '799e35a3d5eb9095e54011f521d4cc90') in 0.000709 seconds
Start importing Packages/com.unity.cloud.gltfast/Runtime/Shader/SubGraphs/Emission.shadersubgraph using Guid(c65a0769f13ae46a28263a75eed49ecc) Importer(Primary)  -> (artifact id: '737f8e769963ffc07640cbf4aff3aaf7') in 0.000623 seconds
Start importing Packages/com.unity.cloud.gltfast/Runtime/Shader/SubGraphs/Clearcoat.shadersubgraph using Guid(18406ca198f2c334fba4ef90d55e8525) Importer(Primary)  -> (artifact id: '86fc5a230dee76f4827352f6b58e7eb2') in 0.000495 seconds
Start importing Packages/com.unity.cloud.gltfast/Runtime/Shader/SubGraphs/TextureTransform.shadersubgraph using Guid(9a44a43ef44bd4a9dbc883ebde01cc72) Importer(Primary)  -> (artifact id: '18afaf721471014a50ada5a68b96a72b') in 0.000440 seconds
Start importing Packages/com.unity.cloud.gltfast/Runtime/Shader/SubGraphs/PBR_metallic_roughness_advanced.shadersubgraph using Guid(8b71ed958f7c7a948b89b79fbc75f945) Importer(Primary)  -> (artifact id: '2992dcd6ac8e1c3317b4d93f872d73db') in 0.000644 seconds
Start importing Packages/com.unity.cloud.gltfast/Runtime/Shader/SubGraphs/SpecularGlossiness.shadersubgraph using Guid(7c57fa3e768cc40d2abb3b1b4ccd18d4) Importer(Primary)  -> (artifact id: '0f6ed2dab056b01ad0b1b6a192440edb') in 0.000597 seconds
Start importing Packages/com.unity.cloud.gltfast/Runtime/Shader/SubGraphs/Normal.shadersubgraph using Guid(3d23f3f9d39dc4621898db0a20884fcd) Importer(Primary)  -> (artifact id: 'aff6522950e33ecc44cd70c895235ad8') in 0.000593 seconds
Start importing Packages/com.unity.cloud.gltfast/Runtime/Shader/SubGraphs/Unlit.shadersubgraph using Guid(be4372d6443624882a2e9c3b62ab6ee7) Importer(Primary)  -> (artifact id: '5e1fd8d211babede2cb8f722a9e750af') in 0.000628 seconds
Start importing Packages/com.unity.cloud.gltfast/Editor/UI/gltf-icon-bug.png using Guid(3b6a1cb26d29941f2a3cc902680e2e03) Importer(Primary)  -> (artifact id: 'd3d72059d7daf345e6143e8944ea9d90') in 0.017707 seconds
Start importing Packages/com.unity.cloud.gltfast/Editor/UI/gltf-logo.png using Guid(dfde62efb4ba642ea968adab4e674d01) Importer(Primary)  -> (artifact id: 'a09dcbea96514fa681b22c142643e34f') in 0.009716 seconds
Start importing Packages/com.unity.cloud.gltfast/Runtime/Shader/Includes/Normal.cginc using Guid(30d0f0e3f526585408342f8854723a88) Importer(Primary)  -> (artifact id: '40bf895563cbebd9d66bc105cf7e41af') in 0.007216 seconds
Start importing Packages/com.unity.cloud.gltfast/Runtime/Shader/Includes/Emission.cginc using Guid(b07ab7368cb744626bd2239241a24105) Importer(Primary)  -> (artifact id: 'f088c8d63b069d9b7d1813063e04ce9c') in 0.001380 seconds
Start importing Packages/com.unity.cloud.gltfast/Runtime/Shader/Built-In/glTFIncludes/glTFUnityStandardCoreForward.cginc using Guid(919a7c90a60cf42689edaf61f0243ea9) Importer(Primary)  -> (artifact id: '4c59beea38cf71d10fe0d841ed694943') in 0.001912 seconds
Start importing Packages/com.unity.cloud.gltfast/Runtime/Shader/Built-In/glTFIncludes/glTFUnityStandardInput.cginc using Guid(22fcb7fc782bb4f8eaf2525eb63660b6) Importer(Primary)  -> (artifact id: '45062f118ef25f0b76fb5e2dc0398402') in 0.001790 seconds
Start importing Packages/com.unity.cloud.gltfast/Runtime/Shader/Built-In/glTFIncludes/glTFUnityStandardMeta.cginc using Guid(23e02a8538d6f478793725d6e1194956) Importer(Primary)  -> (artifact id: 'd8e0ea5a9fb0da830404e317b0ad62fb') in 0.001284 seconds
Start importing Packages/com.unity.cloud.gltfast/Runtime/Shader/Built-In/glTFIncludes/glTFUnityStandardCoreForwardSimple.cginc using Guid(c57490bb2a74e4ed89522038739cc471) Importer(Primary)  -> (artifact id: '3cfe72d5930fb968ce3aa57901def0cb') in 0.001581 seconds
Start importing Packages/com.unity.cloud.gltfast/Runtime/Shader/Built-In/glTFIncludes/glTF.cginc using Guid(db55034c1cd3e48e6a5964befa1f0f0b) Importer(Primary)  -> (artifact id: '95f75ee665d04140b8815db81cd937cc') in 0.001933 seconds
Start importing Packages/com.unity.cloud.gltfast/Runtime/Shader/Built-In/glTFIncludes/glTFUnityStandardCore.cginc using Guid(6c21434ebcc3b45d19826a76a50323b1) Importer(Primary)  -> (artifact id: '95bea7d0c7e154cdca4310b5d92e3bb8') in 0.001355 seconds
Start importing Packages/com.unity.cloud.gltfast/Runtime/Shader/Export/glTFExportNormal.shader using Guid(223792947f6cb461c93ef4d8df7b859c) Importer(Primary) Launched and connected shader compiler TuanjieShaderCompiler.exe after 0.59 seconds
 -> (artifact id: '5e5221fa13a7e67467bd5c01fc76b637') in 0.625446 seconds
Start importing Packages/com.unity.cloud.gltfast/Runtime/Shader/Export/glTFExportMetalGloss.shader using Guid(b2339366be04e4cf197c6cf4bd5a84dc) Importer(Primary)  -> (artifact id: 'ec9a1c18dff6ab8ca3a6d2a111e107b2') in 0.003065 seconds
Start importing Packages/com.unity.cloud.gltfast/Runtime/Shader/Built-In/glTFUnlit.shader using Guid(4340a3cf1cde6416d957808a6ac79eed) Importer(Primary)  -> (artifact id: '8ea336730a98bb4713bb75d5140709ac') in 0.014624 seconds
Start importing Packages/com.unity.cloud.gltfast/Runtime/Shader/Export/glTFExportSmoothness.shader using Guid(b325a765e406c458f88111b5ba9b2ce1) Importer(Primary)  -> (artifact id: 'cae2c5ced56ae0466e296d8f315e485c') in 0.002740 seconds
Start importing Packages/com.unity.cloud.gltfast/Runtime/Shader/Export/glTFExportOcclusion.shader using Guid(5415cfa8493204ba5ae288a245ca7616) Importer(Primary)  -> (artifact id: 'b41d91526cb27923a3a0982db4a0df5c') in 0.003284 seconds
Start importing Packages/com.unity.cloud.gltfast/Runtime/Shader/Built-In/glTFPbrSpecularGlossiness.shader using Guid(f853aafa0bc764a138f572608a37a73c) Importer(Primary)  -> (artifact id: 'e4964635ab741057df2bb0360cbe0e66') in 0.019791 seconds
Start importing Packages/com.unity.cloud.gltfast/Runtime/Shader/Built-In/glTFPbrMetallicRoughness.shader using Guid(99fa998bbbed3408aafa652b466d261d) Importer(Primary)  -> (artifact id: '88d7a9f1857a8226a2f83f1a5b2c60f5') in 0.015926 seconds
Start importing Packages/com.unity.cloud.gltfast/Runtime/Shader/Export/glTFExportColor.shader using Guid(8b605e834d6d2408a9e781775006555e) Importer(Primary)  -> (artifact id: 'ef3433def58ef373de8895e28307a85d') in 0.002656 seconds
Start importing Packages/com.unity.cloud.gltfast/Runtime/Shader/Export/glTFExportMaskMap.shader using Guid(4eb7e251dc88045e9b33e3f643084108) Importer(Primary)  -> (artifact id: 'd2b74bea71193bf5b9945a5be86ed8ba') in 0.002461 seconds
Start importing Packages/com.unity.cloud.gltfast/Runtime/Shader/Export/glTFExport.shadervariants using Guid(9911a98f6fe084c45a817a4af9e299fa) Importer(Primary)  -> (artifact id: 'fd7e8b956766cba818023e9c4d2fa003') in 0.005173 seconds
Start importing Packages/com.unity.burst/package.json using Guid(60714b3a36613ab2918a1439869a826f) Importer(Primary)  -> (artifact id: '2e154d1123bf1435d65c49b5accda5ab') in 0.001852 seconds
Start importing Packages/com.unity.collections/Unity.Collections.LowLevel.ILSupport/README.txt using Guid(11246cfa909f81542b920bd109592bf5) Importer(Primary)  -> (artifact id: '44e07d7361ab7d4274ee65185c6b3d2a') in 0.001790 seconds
Start importing Packages/com.unity.ext.nunit/package.json using Guid(8143d3a8390f2c64685e3bc272bd9e90) Importer(Primary)  -> (artifact id: '22dd40544d7ee2cbe1a3564fb913d6ed') in 0.001391 seconds
Start importing Packages/com.unity.mathematics/package.json using Guid(d34d0af25c21141a98c0cf3c0066444f) Importer(Primary)  -> (artifact id: '8ba76f1879d0e3689f0b9ab24d9d6219') in 0.001510 seconds
Start importing Packages/com.unity.burst/ValidationExceptions.json using Guid(f383c015504b380698ba4a8681b1223e) Importer(Primary)  -> (artifact id: '075ea59d1be3d3f58c00a08b4263f184') in 0.001369 seconds
Start importing Packages/com.unity.burst/CHANGELOG.md using Guid(544e4fbf839e39e1b693958db86e8cc8) Importer(Primary)  -> (artifact id: '02bf993c18fa645fd83d3edd3f941458') in 0.001324 seconds
Start importing Packages/com.unity.ext.nunit/CHANGELOG.md using Guid(f49bbe06ffa5ae24abe32abdab430c24) Importer(Primary)  -> (artifact id: '91273debf78769e21436374f03f19189') in 0.001136 seconds
Start importing Packages/com.unity.collections/CHANGELOG.md using Guid(a5d815866ec304e56b03ec5cfc5f8b0a) Importer(Primary)  -> (artifact id: '796f4ed2ed4da3db5751a00ff062be34') in 0.001897 seconds
Start importing Packages/com.unity.cloud.gltfast/README.md using Guid(e56ab7110179f4e6a8c5562d60b8e514) Importer(Primary)  -> (artifact id: 'd2c7c51efcaae6ea284201416109f267') in 0.001526 seconds
Start importing Packages/com.unity.mathematics/CHANGELOG.md using Guid(56de866d5032f461baa43decd9ce3bd8) Importer(Primary)  -> (artifact id: '4cb3d0eb2bc5a5d9c700568fc5956340') in 0.001338 seconds
Start importing Packages/com.unity.collections/LICENSE.md using Guid(568f02fe7676e4d659782d6038df91de) Importer(Primary)  -> (artifact id: '4c3c955561ae1ffc5367939b195cd3dc') in 0.001309 seconds
Start importing Packages/com.unity.cloud.gltfast/LICENSE.md using Guid(a6f1c11b2fcea4ea69d44fea7045741c) Importer(Primary)  -> (artifact id: 'a48cae5eea6da87d0a0a54841c7e0389') in 0.001763 seconds
Start importing Packages/com.unity.test-framework/CHANGELOG.md using Guid(d691174143fd3774ba63d7c493633b99) Importer(Primary)  -> (artifact id: '94432e554731e771fcdf26cd16931037') in 0.001775 seconds
Start importing Packages/com.unity.test-framework/package.json using Guid(d6a2e6e4803de7b43baacdc355fc144d) Importer(Primary)  -> (artifact id: 'ac2d8dbaffca16316a36872c46ad7778') in 0.001180 seconds
Start importing Packages/com.unity.test-framework/CONTRIBUTING.md using Guid(57d2ac5c7d5786e499d4794973fe0d4e) Importer(Primary)  -> (artifact id: 'eb2f7edb17717403a736f25de965e558') in 0.001241 seconds
Start importing Packages/com.unity.mathematics/LICENSE.md using Guid(a7f87992cd1d44040ae42b05e5fbdaa5) Importer(Primary)  -> (artifact id: '9bd39d5d26ee1e91e17a27916efc080c') in 0.001394 seconds
Start importing Packages/com.unity.burst/Third Party Notices.md using Guid(28c762070e0d3359b18a59f9402d5013) Importer(Primary)  -> (artifact id: 'fece7f593dd465068218636f2cd191a8') in 0.001367 seconds
Start importing Packages/com.unity.cloud.gltfast/CHANGELOG.md using Guid(1907d48165c914f65909bac3ebdeb857) Importer(Primary)  -> (artifact id: '91f1e70767f95ccbd71019d6f7bd254e') in 0.001328 seconds
Start importing Packages/com.unity.cloud.gltfast/package.json using Guid(f9b381701ee454bcdb792099f6b4e4a4) Importer(Primary)  -> (artifact id: '3cad4fffa1b54672fdc64b2e349bfaa1') in 0.001588 seconds
Start importing Packages/com.unity.ext.nunit/LICENSE.md using Guid(f91a00d2dca52b843b2d50ccf750737d) Importer(Primary)  -> (artifact id: 'c2f2c60446a739b624c440d7957f1b8b') in 0.001664 seconds
Start importing Packages/com.unity.burst/LICENSE.md using Guid(3adebabc9c53348aab08029333dba930) Importer(Primary)  -> (artifact id: '95751adcffb93881dece977ad0c27155') in 0.001189 seconds
Start importing Packages/com.unity.ext.nunit/README.md using Guid(5da62a0c1c5218c4aa16b74546a7822d) Importer(Primary)  -> (artifact id: 'b1a543d1cfc8c7e3c79b586cde12f411') in 0.001238 seconds
Start importing Packages/com.unity.cloud.gltfast/ValidationExceptions.json using Guid(9d424dc8891c2489d965ab9e46bdbbe7) Importer(Primary)  -> (artifact id: '3bd7dfc737509f9397c9957ca9cdb452') in 0.004087 seconds
Start importing Packages/com.unity.collections/package.json using Guid(bd605698a338c4de88bb5b3c4632af68) Importer(Primary)  -> (artifact id: '56570b19f3febbc3a4bcfaa138a5a729') in 0.001826 seconds
Start importing Packages/com.unity.test-framework/LICENSE.md using Guid(3ec7596410385054a9e0bc90377fbe63) Importer(Primary)  -> (artifact id: 'ebd70c7830c4a548068d4770f6788909') in 0.001940 seconds
Start importing Packages/com.unity.mathematics/ValidationExceptions.json using Guid(5ed727127196a4ecc90e24e2cd7af338) Importer(Primary)  -> (artifact id: '163fab39e017a568f3dad7d4ebf5103f') in 0.001667 seconds
Start importing Packages/com.unity.collections/ValidationExceptions.json using Guid(fee59c2b2318a7e4fa7a2c2af28d9553) Importer(Primary)  -> (artifact id: '55e3f4517f1a26d379ea8567d0b94c1d') in 0.001676 seconds
Start importing Packages/com.unity.burst/Unity.Burst.Unsafe.xml using Guid(1f35a383fc36434aaf9e13a75fba3b24) Importer(Primary)  -> (artifact id: 'c0d65a3557bc96e8877445433227b20e') in 0.001762 seconds
Start importing Packages/com.unity.collections/README.md using Guid(af5aad29a2c56fd449428c9041fc68bb) Importer(Primary)  -> (artifact id: 'df585227691eccfc0bf7256d58608bb7') in 0.002044 seconds
Start importing Packages/com.unity.cloud.gltfast/Runtime/Prefabs/glTF-StableFramerate.prefab using Guid(025e8a05d2e5841afa3cab01a58d2379) Importer(Primary)  -> (artifact id: '0c5ae7ce02d274149a42a915652c36ba') in 0.011617 seconds
Start importing Packages/com.unity.cloud.gltfast/Runtime/Prefabs/glTF-FastestLoading.prefab using Guid(ed786e03151c44364bc646894a518c1b) Importer(Primary)  -> (artifact id: '1e01cb357cd231f3771426000e7128f3') in 0.004662 seconds
Start importing Packages/com.unity.cloud.gltfast/Editor/UI/ReportItem-style.uss using Guid(f09b0781de4034af894fbb72266cf498) Importer(Primary)  -> (artifact id: 'a3bf56dca02cc59b2110e21bf52a71d9') in 0.053216 seconds
Start importing Packages/com.unity.cloud.gltfast/Editor/UI/Dependency-style.uss using Guid(8b07415b3b6e441cfa55e9187248229c) Importer(Primary)  -> (artifact id: 'e869b4cba34fe0144f278bb68beaf9de') in 0.003935 seconds
Start importing Packages/com.unity.cloud.gltfast/Editor/UI/GltfImporter-style.uss using Guid(3f6f1f186c9e446d880d267adc629f1b) Importer(Primary)  -> (artifact id: '274fd26274c0a2f0cbb708c9c8bb8cd7') in 0.004186 seconds
Start importing Packages/com.unity.cloud.gltfast/Editor/UI/ReportItem.uxml using Guid(727aa1886d86e4b3faa4ca8f263a6ee4) Importer(Primary)  -> (artifact id: '48881ee209ceba2fd5d0d2b87c6a138c') in 0.021790 seconds
Start importing Packages/com.unity.cloud.gltfast/Editor/UI/MaterialsVariantsComponentInspector.uxml using Guid(d61d79f8a5b6648529e9ae112313759d) Importer(Primary)  -> (artifact id: '08bcc363c8d4f92252ee7c1e23a4ee9d') in 0.006176 seconds
Start importing Packages/com.unity.cloud.gltfast/Editor/UI/GltfImporter.uxml using Guid(d72633e56500240858af54bf878c907d) Importer(Primary)  -> (artifact id: '5ad496d65f8d425066477fa07bd755b4') in 0.049538 seconds
Start importing Packages/com.unity.cloud.gltfast/Editor/UI/Dependency.uxml using Guid(4df82ef208e584428bdb29715790cd6f) Importer(Primary)  -> (artifact id: 'c9cf99034ed46da21aa561bcf0462dfe') in 0.012607 seconds
Launched and connected shader compiler TuanjieShaderCompiler.exe after 0.05 seconds
Launched and connected shader compiler TuanjieShaderCompiler.exe after 0.07 seconds
Refreshing native plugins compatible for Editor in 0.21 ms, found 0 plugins.
Preloading 0 native plugins for Editor in 0.00 ms.
Asset Pipeline Refresh (id=7b20301b3123f4744a63da23e6993694): Total: 13.068 seconds - Initiated by InitialRefreshV2(ForceSynchronousImport)
	Summary:
		Imports: total=1159 (actual=1159, local cache=0, cache server=0)
		Asset DB Process Time: managed=34 ms, native=3041 ms
		Asset DB Callback time: managed=137 ms, native=75 ms
		Scripting: domain reloads=1, domain reload time=2023 ms, compile time=7747 ms, other=8 ms
		Project Asset Count: scripts=1153, non-scripts=125
		Asset File Changes: new=1159, changed=1159, moved=0, deleted=1
		Scan Filter Count: 0
		OnDemandAssets Count:0
	InvokeBeforeRefreshCallbacks: 0.367ms
	ApplyChangesToAssetFolders: 0.037ms
	Scan: 150.523ms
	OnSourceAssetsModified: 18.574ms
	UnregisterDeletedAssets: 0.004ms
	GetAllGuidsForCategorization: 0.150ms
	CategorizeAssets: 6.632ms
	ImportOutOfDateAssets: 4481.831ms (-6039.819ms without children)
		ImportManagerImport: 2773.692ms (280.609ms without children)
			ImportInProcess: 2490.217ms
			UpdateCategorizedAssets: 2.866ms
		CompileScripts: 7747.092ms
		ReloadNativeAssets: 0.001ms
		UnloadImportedAssets: 0.306ms
		ReloadImportedAssets: 0.109ms
		EnsureUptoDateAssetsAreRegisteredWithGuidPM: 0.178ms
		InitializingProgressBar: 0.005ms
		PostProcessAllAssetNotificationsAddChangedAssets: 0.001ms
		OnDemandSchedulerStart: 0.266ms
	PostProcessAllAssets: 196.272ms
	Hotreload: 1.003ms
	GatherAllCurrentPrimaryArtifactRevisions: 0.000ms
	UnloadStreamsBegin: 0.221ms
	PersistCurrentRevisions: 0.971ms
	UnloadStreamsEnd: 0.006ms
	GenerateScriptTypeHashes: 0.216ms
	Untracked: 8211.710ms
Application.AssetDatabase Initial Refresh End
Launched and connected shader compiler TuanjieShaderCompiler.exe after 0.05 seconds
Launched and connected shader compiler TuanjieShaderCompiler.exe after 0.05 seconds
Launched and connected shader compiler TuanjieShaderCompiler.exe after 0.04 seconds
Launched and connected shader compiler TuanjieShaderCompiler.exe after 0.04 seconds
Launched and connected shader compiler TuanjieShaderCompiler.exe after 0.04 seconds
Launched and connected shader compiler TuanjieShaderCompiler.exe after 0.04 seconds
Launched and connected shader compiler TuanjieShaderCompiler.exe after 0.05 seconds
Launched and connected shader compiler TuanjieShaderCompiler.exe after 0.04 seconds
Launched and connected shader compiler TuanjieShaderCompiler.exe after 0.05 seconds
Launched and connected shader compiler TuanjieShaderCompiler.exe after 0.05 seconds
Launched and connected shader compiler TuanjieShaderCompiler.exe after 0.04 seconds
Launched and connected shader compiler TuanjieShaderCompiler.exe after 0.05 seconds
Launched and connected shader compiler TuanjieShaderCompiler.exe after 0.05 seconds
Launched and connected shader compiler TuanjieShaderCompiler.exe after 0.04 seconds
Launched and connected shader compiler TuanjieShaderCompiler.exe after 0.05 seconds
Launched and connected shader compiler TuanjieShaderCompiler.exe after 0.05 seconds
Launched and connected shader compiler TuanjieShaderCompiler.exe after 0.04 seconds
Launched and connected shader compiler TuanjieShaderCompiler.exe after 0.05 seconds
Launched and connected shader compiler TuanjieShaderCompiler.exe after 0.05 seconds
Launched and connected shader compiler TuanjieShaderCompiler.exe after 0.04 seconds
Launched and connected shader compiler TuanjieShaderCompiler.exe after 0.05 seconds
Launched and connected shader compiler TuanjieShaderCompiler.exe after 0.05 seconds
Launched and connected shader compiler TuanjieShaderCompiler.exe after 0.05 seconds
Launched and connected shader compiler TuanjieShaderCompiler.exe after 0.05 seconds
Launched and connected shader compiler TuanjieShaderCompiler.exe after 0.04 seconds
Launched and connected shader compiler TuanjieShaderCompiler.exe after 0.05 seconds
Launched and connected shader compiler TuanjieShaderCompiler.exe after 0.04 seconds
Launched and connected shader compiler TuanjieShaderCompiler.exe after 0.06 seconds
Launched and connected shader compiler TuanjieShaderCompiler.exe after 0.05 seconds
Scanning for USB devices : 7.040ms
Initializing Tuanjie extensions:
Start importing Library/Resources using Guid(840bfc3c774d294469c4d86f8f31bae7) Importer(Primary)  -> (artifact id: '1c5643aa2d3e1f22ae69b0eacadb3e80') in 0.000491 seconds
Refreshing native plugins compatible for Editor in 0.21 ms, found 0 plugins.
Preloading 0 native plugins for Editor in 0.00 ms.
Asset Pipeline Refresh (id=07f4df4418ba85b418dda89dcd4fa54d): Total: 0.015 seconds - Initiated by StopAssetImportingV2(NoUpdateAssetOptions)
[Licensing::Client] Successfully send message: {"AuthorizationCheck":"Enen7DlZl1vSvA==","messageType":"ProductNameRequest","Value":"com.DefaultCompany.companion-cat"} at 1779188238
[Licensing::Client] Successfully receive message: {"responseCode":200,"messageType":"ProductNameResponse"} at 1779188238
[Licensing::Client] Error: ProductNameResponse could not be deserialized
[MODES] ModeService[none].Initialize
[MODES] ModeService[none].LoadModes
[MODES] Loading mode Default (0) for mode-current-id-companion-cat
Unloading 3 Unused Serialized files (Serialized files now loaded: 0)
Unloading 50 unused Assets / (474.5 KB). Loaded Objects now: 1481.
Memory consumption went from 91.2 MB to 90.8 MB.
Total: 3.510600 ms (FindLiveObjects: 0.110400 ms CreateObjectMapping: 0.016700 ms MarkObjects: 3.146700 ms  DeleteObjects: 0.236400 ms)

Copied Xiaohei GLB into Unity project: Assets/Models/mao-xiaohei-rigged.glb
UnityEngine.StackTraceUtility:ExtractStackTrace ()
UnityEngine.DebugLogHandler:LogFormat (UnityEngine.LogType,UnityEngine.Object,string,object[])
UnityEngine.Logger:Log (UnityEngine.LogType,object)
UnityEngine.Debug:Log (object)
Maomaomao.CompanionCat.EditorTools.CompanionCatProjectBuilder:CopyGeneratedModel () (at Assets/Editor/CompanionCatProjectBuilder.cs:72)
Maomaomao.CompanionCat.EditorTools.CompanionCatProjectBuilder:BuildAll () (at Assets/Editor/CompanionCatProjectBuilder.cs:37)

(Filename: Assets/Editor/CompanionCatProjectBuilder.cs Line: 72)

Start importing Assets/Models/mao-xiaohei-rigged.glb using Guid(e6770b71634abfd48ba0cc3f17e08a78) Importer(Primary)  -> (artifact id: '608a3ddb5ccefae881ad6cda3a3bfc61') in 0.150666 seconds
Refreshing native plugins compatible for Editor in 0.18 ms, found 0 plugins.
Preloading 0 native plugins for Editor in 0.00 ms.
Asset Pipeline Refresh (id=1b9dec9e9dfa0214e82a77de681e5d9f): Total: 0.329 seconds - Initiated by RefreshV2(NoUpdateAssetOptions)
	Summary:
		Imports: total=1 (actual=1, local cache=0, cache server=0)
		Asset DB Process Time: managed=0 ms, native=325 ms
		Asset DB Callback time: managed=0 ms, native=2 ms
		Scripting: domain reloads=0, domain reload time=0 ms, compile time=0 ms, other=0 ms
		Project Asset Count: scripts=1154, non-scripts=126
		Asset File Changes: new=1, changed=1, moved=0, deleted=0
		Scan Filter Count: 0
		OnDemandAssets Count:0
	InvokeBeforeRefreshCallbacks: 0.001ms
	ApplyChangesToAssetFolders: 0.039ms
	Scan: 110.322ms
	OnSourceAssetsModified: 0.029ms
	GetAllGuidsForCategorization: 0.110ms
	CategorizeAssets: 0.771ms
	ImportOutOfDateAssets: 152.235ms (0.287ms without children)
		ImportManagerImport: 151.458ms (0.258ms without children)
			ImportInProcess: 151.182ms
			UpdateCategorizedAssets: 0.018ms
		ReloadNativeAssets: 0.001ms
		UnloadImportedAssets: 0.079ms
		ReloadImportedAssets: 0.000ms
		EnsureUptoDateAssetsAreRegisteredWithGuidPM: 0.114ms
		InitializingProgressBar: 0.005ms
		PostProcessAllAssetNotificationsAddChangedAssets: 0.001ms
		OnDemandSchedulerStart: 0.291ms
	PostProcessAllAssets: 2.494ms
	Hotreload: 0.578ms
	GatherAllCurrentPrimaryArtifactRevisions: 0.071ms
	UnloadStreamsBegin: 0.013ms
	PersistCurrentRevisions: 0.074ms
	UnloadStreamsEnd: 0.005ms
	Untracked: 62.310ms
Start importing Assets/Models/mao-xiaohei-rigged.glb using Guid(e6770b71634abfd48ba0cc3f17e08a78) Importer(Primary)  -> (artifact id: '608a3ddb5ccefae881ad6cda3a3bfc61') in 0.032949 seconds
Refreshing native plugins compatible for Editor in 0.21 ms, found 0 plugins.
Preloading 0 native plugins for Editor in 0.00 ms.
Asset Pipeline Refresh (id=3399502272b8eac4081587ad4240b2fd): Total: 0.039 seconds - Initiated by StopAssetImportingV2(NoUpdateAssetOptions)
The GLB file was copied into Assets/Models, but this Unity installation did not expose it as a ModelImporter. Install/enable a GLB importer such as Unity glTFast if the prefab is missing.
UnityEngine.StackTraceUtility:ExtractStackTrace ()
UnityEngine.DebugLogHandler:LogFormat (UnityEngine.LogType,UnityEngine.Object,string,object[])
UnityEngine.Logger:Log (UnityEngine.LogType,object)
UnityEngine.Debug:LogWarning (object)
Maomaomao.CompanionCat.EditorTools.CompanionCatProjectBuilder:ConfigureImportedModel () (at Assets/Editor/CompanionCatProjectBuilder.cs:82)
Maomaomao.CompanionCat.EditorTools.CompanionCatProjectBuilder:BuildAll () (at Assets/Editor/CompanionCatProjectBuilder.cs:39)

(Filename: Assets/Editor/CompanionCatProjectBuilder.cs Line: 82)

Start importing Assets/Animations/XiaoheiCompanion.controller using Guid(fea2b344aa421fe4c8613051a9998a03) Importer(Primary)  -> (artifact id: 'f0df72be5c945e2db3f49786de3cafe8') in 0.002149 seconds
Refreshing native plugins compatible for Editor in 0.18 ms, found 0 plugins.
Preloading 0 native plugins for Editor in 0.00 ms.
Asset Pipeline Refresh (id=004ed76a7227d5e4fb0cebc6d9800f44): Total: 0.009 seconds - Initiated by StopAssetImportingV2(NoUpdateAssetOptions)
Created Animator Controller with states: Idle, Observe, Pet, Drink, Eat, Happy
UnityEngine.StackTraceUtility:ExtractStackTrace ()
UnityEngine.DebugLogHandler:LogFormat (UnityEngine.LogType,UnityEngine.Object,string,object[])
UnityEngine.Logger:Log (UnityEngine.LogType,object)
UnityEngine.Debug:Log (object)
Maomaomao.CompanionCat.EditorTools.CompanionCatProjectBuilder:RecreateAnimatorController () (at Assets/Editor/CompanionCatProjectBuilder.cs:152)
Maomaomao.CompanionCat.EditorTools.CompanionCatProjectBuilder:CreateAnimatorControllerAndScene () (at Assets/Editor/CompanionCatProjectBuilder.cs:95)
Maomaomao.CompanionCat.EditorTools.CompanionCatProjectBuilder:BuildAll () (at Assets/Editor/CompanionCatProjectBuilder.cs:40)

(Filename: Assets/Editor/CompanionCatProjectBuilder.cs Line: 152)

Unloading 2 Unused Serialized files (Serialized files now loaded: 0)
Unloading 70 unused Assets / (14.6 KB). Loaded Objects now: 1495.
Memory consumption went from 156.8 MB to 156.8 MB.
Total: 4.213300 ms (FindLiveObjects: 0.113500 ms CreateObjectMapping: 0.020000 ms MarkObjects: 3.882300 ms  DeleteObjects: 0.196600 ms)

Start importing Assets/Materials/CompanionStageGround.mat using Guid(e26781cc00135fe4b9eb887f18c83086) Importer(Primary)  -> (artifact id: 'fee63738f402da0a7f8edd4b6a26d9b9') in 0.001478 seconds
Refreshing native plugins compatible for Editor in 0.18 ms, found 0 plugins.
Preloading 0 native plugins for Editor in 0.00 ms.
Asset Pipeline Refresh (id=0f9415c685bf45d4e9024ed58d128fe5): Total: 0.014 seconds - Initiated by StopAssetImportingV2(NoUpdateAssetOptions)
Start importing Assets/Animations/XiaoheiCompanion.controller using Guid(fea2b344aa421fe4c8613051a9998a03) Importer(Primary)  -> (artifact id: '5b7207342b5b9b974a24506731577bbc') in 0.001596 seconds
Refreshing native plugins compatible for Editor in 0.17 ms, found 0 plugins.
Preloading 0 native plugins for Editor in 0.00 ms.
Asset Pipeline Refresh (id=e37ecea3c6aa5d84b983fd6365480783): Total: 0.007 seconds - Initiated by StopAssetImportingV2(NoUpdateAssetOptions)
Start importing Assets/Scenes/CompanionCat.unity using Guid(be9f24aee12eebd4f8a5c02130e9fbeb) Importer(Primary)  -> (artifact id: '5488e94dff63c89ed2f87b6f2ad000f0') in 0.000629 seconds
Refreshing native plugins compatible for Editor in 0.18 ms, found 0 plugins.
Preloading 0 native plugins for Editor in 0.00 ms.
Asset Pipeline Refresh (id=bf78de185a2bcb54894d4f9b2e7560dc): Total: 0.007 seconds - Initiated by StopAssetImportingV2(NoUpdateAssetOptions)
Saved companion cat Unity scene: Assets/Scenes/CompanionCat.unity
UnityEngine.StackTraceUtility:ExtractStackTrace ()
UnityEngine.DebugLogHandler:LogFormat (UnityEngine.LogType,UnityEngine.Object,string,object[])
UnityEngine.Logger:Log (UnityEngine.LogType,object)
UnityEngine.Debug:Log (object)
Maomaomao.CompanionCat.EditorTools.CompanionCatProjectBuilder:CreateAnimatorControllerAndScene () (at Assets/Editor/CompanionCatProjectBuilder.cs:123)
Maomaomao.CompanionCat.EditorTools.CompanionCatProjectBuilder:BuildAll () (at Assets/Editor/CompanionCatProjectBuilder.cs:40)

(Filename: Assets/Editor/CompanionCatProjectBuilder.cs Line: 123)

Start importing ProjectSettings/ProjectSettings.asset using Guid(00000000000000004000000000000000) Importer(Primary)  -> (artifact id: '32122f8affee945612b17a3326d68225') in 0.002598 seconds
Start importing ProjectSettings/EditorBuildSettings.asset using Guid(0000000000000000b000000000000000) Importer(Primary)  -> (artifact id: '436a47eee399249177767f96afda69ed') in 0.001495 seconds
Refreshing native plugins compatible for Editor in 0.20 ms, found 0 plugins.
Preloading 0 native plugins for Editor in 0.00 ms.
Asset Pipeline Refresh (id=02b3167828f094147a19caa2f81dbee0): Total: 0.010 seconds - Initiated by StopAssetImportingV2(NoUpdateAssetOptions)
Asset Pipeline Refresh (id=b5ecfb968617d804a9d9b3c723c92606): Total: 0.014 seconds - Initiated by RefreshV2(NoUpdateAssetOptions)
CompanionCatProjectBuilder completed successfully.
UnityEngine.StackTraceUtility:ExtractStackTrace ()
UnityEngine.DebugLogHandler:LogFormat (UnityEngine.LogType,UnityEngine.Object,string,object[])
UnityEngine.Logger:Log (UnityEngine.LogType,object)
UnityEngine.Debug:Log (object)
Maomaomao.CompanionCat.EditorTools.CompanionCatProjectBuilder:BuildAll () (at Assets/Editor/CompanionCatProjectBuilder.cs:44)

(Filename: Assets/Editor/CompanionCatProjectBuilder.cs Line: 44)

Batchmode quit successfully invoked - shutting down!
Input System module state changed to: ShutdownInProgress.
Input System polling thread exited.
Input System module state changed to: Shutdown.
[Licensing::IpcConnector] License Notification channel disconnected successfully.
[Licensing::IpcConnector] License Client channel disconnected successfully.
Shutting down server...
Cleanup mono
[Performance] WinEditorMain                                                                                                   :        1 samples, Peak.  2.27 s (1.0x), Avg.  2.27 s, Total. 2.270 s (8.3%)
[Performance] WinEditorMain.ConfigureCrashHandler                                                                             :        1 samples, Peak.  21.9 us (1.0x), Avg.  21.9 us, Total. 21.90 us (0.0%)
[Performance] WinEditorMain.CurlRequestInitialize                                                                             :        1 samples, Peak.  1.95 ms (1.0x), Avg.  1.95 ms, Total. 1.948 ms (0.0%)
[Performance] WinEditorMain.SetupLogFile                                                                                      :        1 samples, Peak.   231 us (1.0x), Avg.   231 us, Total. 231.5 us (0.0%)
[Performance] WinEditorMain.RunNativeTestsIfRequiredAndExit                                                                   :        1 samples, Peak.   100 ns (1.0x), Avg.   100 ns, Total. 100.0 ns (0.0%)
[Performance] WinEditorMain.Licensing                                                                                         :        1 samples, Peak.  2.22 s (1.0x), Avg.  2.22 s, Total. 2.218 s (8.1%)
[Performance] WinEditorMain.InitializeCrashHandler                                                                            :        1 samples, Peak.  47.2 ms (1.0x), Avg.  47.2 ms, Total. 47.22 ms (0.2%)
[Performance] WinEditorMain.CreateApplication                                                                                 :        1 samples, Peak.   163 us (1.0x), Avg.   163 us, Total. 163.4 us (0.0%)
[Performance] Application.InitializeProject                                                                                   :        1 samples, Peak.  22.0 s (1.0x), Avg.  22.0 s, Total. 22.02 s (80.7%)
[Performance] Application.PackageManager.StartServer                                                                          :        1 samples, Peak.  2.97 ms (1.0x), Avg.  2.97 ms, Total. 2.971 ms (0.0%)
[Performance] Application.AcquireProjectLock                                                                                  :        1 samples, Peak.  4.86 ms (1.0x), Avg.  4.86 ms, Total. 4.861 ms (0.0%)
[Performance] Application.InitializeEngineNoGraphics                                                                          :        1 samples, Peak.   214 ms (1.0x), Avg.   214 ms, Total. 213.8 ms (0.8%)
[Performance] Application.PackageManager.Initialize                                                                           :        1 samples, Peak.   160 ms (1.0x), Avg.   160 ms, Total. 160.1 ms (0.6%)
[Performance] Connecting to Package Manager                                                                                   :       17 samples, Peak.  68.9 us (12.8x), Avg.  5.37 us, Total. 91.30 us (0.0%)
[Performance] PackageManager::Api::RunRequestSynchronously                                                                    :       94 samples, Peak.  46.5 us (8.8x), Avg.  5.26 us, Total. 494.1 us (0.0%)
[Performance] Application.EngineGraphics.Initialize                                                                           :        1 samples, Peak.  29.9 ms (1.0x), Avg.  29.9 ms, Total. 29.91 ms (0.1%)
[Performance] Application.GI.Initialize                                                                                       :        1 samples, Peak.  4.99 ms (1.0x), Avg.  4.99 ms, Total. 4.986 ms (0.0%)
[Performance] Application.LoadAllDefaultResourcesFromEditor                                                                   :        1 samples, Peak.  1.68 ms (1.0x), Avg.  1.68 ms, Total. 1.681 ms (0.0%)
[Performance] Application.LoadMonoAssemblies                                                                                  :        1 samples, Peak.   467 ms (1.0x), Avg.   467 ms, Total. 467.0 ms (1.7%)
[Performance] RestoreManagedReferences                                                                                        :        2 samples, Peak.  30.4 ms (2.0x), Avg.  15.2 ms, Total. 30.35 ms (0.1%)
[Performance] InitializeOnLoad SettingsService                                                                                :        2 samples, Peak.   134 us (1.0x), Avg.   132 us, Total. 263.0 us (0.0%)
[Performance] InitializeOnLoad ConsoleEntrance                                                                                :        2 samples, Peak.   424 us (1.1x), Avg.   395 us, Total. 790.0 us (0.0%)
[Performance] InitializeOnLoad TuanjiePathAndNameFix                                                                          :        2 samples, Peak.   691 us (1.2x), Avg.   594 us, Total. 1.187 ms (0.0%)
[Performance] InitializeOnLoad BuildProfileHelperManager                                                                      :        2 samples, Peak.  22.5 ms (1.5x), Avg.  14.6 ms, Total. 29.20 ms (0.1%)
[Performance] InitializeOnLoad ShortcutIntegration                                                                            :        2 samples, Peak.  47.5 us (1.0x), Avg.  46.0 us, Total. 91.90 us (0.0%)
[Performance] InitializeOnLoad PrefabInstanceChangedListener                                                                  :        2 samples, Peak.  94.8 us (1.0x), Avg.  93.3 us, Total. 186.6 us (0.0%)
[Performance] InitializeOnLoad AssetStoreContext                                                                              :        2 samples, Peak.  19.2 ms (1.0x), Avg.  19.1 ms, Total. 38.16 ms (0.1%)
[Performance] InitializeOnLoad AddComponentWindow                                                                             :        2 samples, Peak.  87.9 us (1.1x), Avg.  82.8 us, Total. 165.6 us (0.0%)
[Performance] InitializeOnLoad ManagedDebugger                                                                                :        2 samples, Peak.   454 us (1.1x), Avg.   421 us, Total. 841.0 us (0.0%)
[Performance] InitializeOnLoad PlayableAdsHtmlChannelManager                                                                  :        2 samples, Peak.   256 us (1.0x), Avg.   244 us, Total. 488.6 us (0.0%)
[Performance] InitializeOnLoad EditMode                                                                                       :        2 samples, Peak.   254 us (1.1x), Avg.   241 us, Total. 482.1 us (0.0%)
[Performance] InitializeOnLoad SceneSearch                                                                                    :        2 samples, Peak.   105 us (1.1x), Avg.  95.1 us, Total. 190.3 us (0.0%)
[Performance] InitializeOnLoad MixerEffectDefinitionReloader                                                                  :        2 samples, Peak.  1.50 ms (1.0x), Avg.  1.43 ms, Total. 2.860 ms (0.0%)
[Performance] InitializeOnLoad NativeFormatImporterUtility                                                                    :        2 samples, Peak.  2.01 ms (1.2x), Avg.  1.72 ms, Total. 3.446 ms (0.0%)
[Performance] InitializeOnLoad CloudBuild                                                                                     :        2 samples, Peak.  5.00 us (1.2x), Avg.  4.30 us, Total. 8.600 us (0.0%)
[Performance] InitializeOnLoad SearchService                                                                                  :        2 samples, Peak.  81.1 us (1.1x), Avg.  76.2 us, Total. 152.3 us (0.0%)
[Performance] InitializeOnLoad ProjectSearch                                                                                  :        2 samples, Peak.  73.8 us (1.3x), Avg.  57.7 us, Total. 115.4 us (0.0%)
[Performance] InitializeOnLoad PoolManager                                                                                    :        2 samples, Peak.  41.5 us (1.1x), Avg.  38.8 us, Total. 77.50 us (0.0%)
[Performance] InitializeOnLoad MenuItems                                                                                      :        2 samples, Peak.   387 us (1.1x), Avg.   362 us, Total. 723.6 us (0.0%)
[Performance] InitializeOnLoad UISystemProfilerRenderService                                                                  :        2 samples, Peak.  18.7 us (1.5x), Avg.  12.2 us, Total. 24.50 us (0.0%)
[Performance] InitializeOnLoad DrivenRectTransformUndo                                                                        :        2 samples, Peak.   158 us (1.0x), Avg.   157 us, Total. 313.9 us (0.0%)
[Performance] InitializeOnLoad PlayModeDownload                                                                               :        2 samples, Peak.   332 us (1.6x), Avg.   212 us, Total. 423.5 us (0.0%)
[Performance] InitializeOnLoad UnityConnect                                                                                   :        2 samples, Peak.   500 ns (1.1x), Avg.   450 ns, Total. 900.0 ns (0.0%)
[Performance] InitializeOnLoad CacheServerWindow                                                                              :        2 samples, Peak.  14.9 us (1.3x), Avg.  11.8 us, Total. 23.70 us (0.0%)
[Performance] InitializeOnLoad ManagedDebuggerWindow                                                                          :        2 samples, Peak.  88.3 us (1.0x), Avg.  84.5 us, Total. 168.9 us (0.0%)
[Performance] InitializeOnLoad ProfilerConnectionPopupWindow                                                                  :        2 samples, Peak.  18.2 us (1.0x), Avg.  17.7 us, Total. 35.40 us (0.0%)
[Performance] InitializeOnLoad WindowLayout                                                                                   :        2 samples, Peak.  22.9 us (1.1x), Avg.  21.6 us, Total. 43.20 us (0.0%)
[Performance] InitializeOnLoad ObjectSelectorSearch                                                                           :        2 samples, Peak.  29.3 us (1.2x), Avg.  24.9 us, Total. 49.80 us (0.0%)
[Performance] InitializeOnLoad EditorMonitor                                                                                  :        2 samples, Peak.   525 us (1.2x), Avg.   450 us, Total. 900.5 us (0.0%)
[Performance] InitializeOnLoad RetainedMode                                                                                   :        2 samples, Peak.  1.88 ms (1.1x), Avg.  1.69 ms, Total. 3.390 ms (0.0%)
[Performance] InitializeOnLoad EditorShaderLoader                                                                             :        2 samples, Peak.   495 us (1.0x), Avg.   477 us, Total. 954.1 us (0.0%)
[Performance] InitializeOnLoad EditorDelegateRegistration                                                                     :        2 samples, Peak.   855 us (1.0x), Avg.   832 us, Total. 1.664 ms (0.0%)
[Performance] InitializeOnLoad UIDocumentHierarchyWatcher                                                                     :        2 samples, Peak.  59.4 us (1.1x), Avg.  55.9 us, Total. 111.8 us (0.0%)
[Performance] InitializeOnLoad LiveReloadTrackerCreator                                                                       :        2 samples, Peak.   136 us (1.1x), Avg.   123 us, Total. 246.0 us (0.0%)
[Performance] InitializeOnLoad UxmlObjectEditorFactories                                                                      :        2 samples, Peak.   420 us (1.1x), Avg.   396 us, Total. 792.0 us (0.0%)
[Performance] InitializeOnLoad UXMLEditorFactories                                                                            :        2 samples, Peak.  46.8 ms (1.1x), Avg.  42.9 ms, Total. 85.79 ms (0.3%)
[Performance] InitializeOnLoad PurchasingService                                                                              :        2 samples, Peak.  5.69 ms (1.1x), Avg.  5.25 ms, Total. 10.50 ms (0.0%)
[Performance] InitializeOnLoad CloudBuildPoller                                                                               :        2 samples, Peak.   113 us (1.2x), Avg.  93.8 us, Total. 187.7 us (0.0%)
[Performance] InitializeOnLoad EditorGameServicesAnalytics                                                                    :        2 samples, Peak.  2.00 ms (1.5x), Avg.  1.34 ms, Total. 2.679 ms (0.0%)
[Performance] InitializeOnLoad AnalyticsService                                                                               :        2 samples, Peak.   137 us (1.1x), Avg.   128 us, Total. 256.7 us (0.0%)
[Performance] InitializeOnLoad BuildService                                                                                   :        2 samples, Peak.   106 us (1.0x), Avg.   101 us, Total. 202.7 us (0.0%)
[Performance] InitializeOnLoad AdsService                                                                                     :        2 samples, Peak.   284 us (1.0x), Avg.   274 us, Total. 547.9 us (0.0%)
[Performance] InitializeOnLoad UDPService                                                                                     :        2 samples, Peak.   114 us (1.0x), Avg.   109 us, Total. 217.5 us (0.0%)
[Performance] InitializeOnLoad CrashService                                                                                   :        2 samples, Peak.   106 us (1.1x), Avg.  99.4 us, Total. 198.9 us (0.0%)
[Performance] InitializeOnLoad ServicesRepository                                                                             :        2 samples, Peak.   500 ns (1.2x), Avg.   400 ns, Total. 800.0 ns (0.0%)
[Performance] InitializeOnLoad SearchWindow                                                                                   :        2 samples, Peak.   109 us (1.2x), Avg.  93.1 us, Total. 186.1 us (0.0%)
[Performance] InitializeOnLoad CustomIndexers                                                                                 :        2 samples, Peak.  13.4 ms (1.0x), Avg.  12.9 ms, Total. 25.84 ms (0.1%)
[Performance] InitializeOnLoad SearchMonitor                                                                                  :        2 samples, Peak.   829 us (1.2x), Avg.   694 us, Total. 1.388 ms (0.0%)
[Performance] InitializeOnLoad ParameterControllerEditor                                                                      :        2 samples, Peak.  40.0 us (1.4x), Avg.  27.7 us, Total. 55.40 us (0.0%)
[Performance] InitializeOnLoad LayerSettingsWindow                                                                            :        2 samples, Peak.  48.6 us (1.9x), Avg.  25.9 us, Total. 51.80 us (0.0%)
[Performance] InitializeOnLoad PackageManagerHookGUIDConverter.RegisterPackagesEventHandler                                   :        2 samples, Peak.   557 us (1.4x), Avg.   410 us, Total. 819.8 us (0.0%)
[Performance] InitializeOnLoad EditorDragAndDrop.RegisterEditorClient                                                         :        2 samples, Peak.   297 us (1.4x), Avg.   217 us, Total. 434.4 us (0.0%)
[Performance] InitializeOnLoad EditorEventCallbacks.InitializeFontAssetResourceChangeCallBacks                                :        2 samples, Peak.  1.78 ms (1.4x), Avg.  1.28 ms, Total. 2.558 ms (0.0%)
[Performance] InitializeOnLoad SceneTemplateService.Init                                                                      :        2 samples, Peak.  1.95 ms (1.4x), Avg.  1.36 ms, Total. 2.727 ms (0.0%)
[Performance] InitializeOnLoad DiagnosticSwitchesConsoleMessage.Init                                                          :        2 samples, Peak.  6.85 ms (1.7x), Avg.  4.12 ms, Total. 8.240 ms (0.0%)
[Performance] InitializeOnLoad PackageManagerWindow.EditorInitializedInSafeMode                                               :        2 samples, Peak.   153 us (1.1x), Avg.   141 us, Total. 282.3 us (0.0%)
[Performance] InitializeOnLoad ScopedRegistryAddedPopup.SubscribeToRegistriesAdded                                            :        2 samples, Peak.   256 us (1.6x), Avg.   163 us, Total. 325.9 us (0.0%)
[Performance] InitializeOnLoad AssetPostprocessingInternal.RefreshCustomDependencies                                          :        2 samples, Peak.  3.18 ms (1.2x), Avg.  2.67 ms, Total. 5.346 ms (0.0%)
[Performance] InitializeOnLoad MemoryProfilerCompilationGuard.InjectCompileGuard                                              :        2 samples, Peak.   124 us (1.0x), Avg.   121 us, Total. 241.3 us (0.0%)
[Performance] InitializeOnLoad SysrootManager.Initialize                                                                      :        2 samples, Peak.   656 us (1.3x), Avg.   491 us, Total. 983.0 us (0.0%)
[Performance] InitializeOnLoad SceneVisibilityManager.Initialize                                                              :        2 samples, Peak.  3.50 ms (1.5x), Avg.  2.37 ms, Total. 4.737 ms (0.0%)
[Performance] InitializeOnLoad EditorWindow.Initialize                                                                        :        2 samples, Peak.   342 us (1.4x), Avg.   248 us, Total. 496.5 us (0.0%)
[Performance] InitializeOnLoad ToolShortcutContext.Init                                                                       :        2 samples, Peak.   170 us (1.4x), Avg.   123 us, Total. 245.9 us (0.0%)
[Performance] AssemblyReloadEvents.afterAssemblyReload: UnityEditor.PackageManager.TuanjiePathAndNameFix.FixTuanjieNameOrPath :        2 samples, Peak.  3.80 ms (1.2x), Avg.  3.21 ms, Total. 6.410 ms (0.0%)
[Performance] AssemblyReloadEvents.afterAssemblyReload: UnityEditor.SceneTemplate.SceneTemplateService.AfterAssemblyReload    :        2 samples, Peak.  5.46 ms (1.9x), Avg.  2.83 ms, Total. 5.667 ms (0.0%)
[Performance] ProcessService.EditorAfterLoadAllAssemblies                                                                     :        2 samples, Peak.   955 us (1.6x), Avg.   597 us, Total. 1.194 ms (0.0%)
[Performance] Application.ReadLicenseInfo                                                                                     :        1 samples, Peak.  28.1 ms (1.0x), Avg.  28.1 ms, Total. 28.15 ms (0.1%)
[Performance] Application.InitialRefresh                                                                                      :        1 samples, Peak.  13.1 s (1.0x), Avg.  13.1 s, Total. 13.07 s (47.9%)
[Performance] BuilderAssetModificationProcessor.OnWillCreateAsset                                                             :       15 samples, Peak.   675 us (8.4x), Avg.  79.9 us, Total. 1.198 ms (0.0%)
[Performance] ShaderImporter.SourceAssetModified                                                                              :        9 samples, Peak.  2.22 ms (4.6x), Avg.   488 us, Total. 4.392 ms (0.0%)
[Performance] UpgradeShaderAsset                                                                                              :       18 samples, Peak.   513 us (2.1x), Avg.   240 us, Total. 4.315 ms (0.0%)
[Performance] ShaderIncludeImporter.SourceAssetModified                                                                       :        9 samples, Peak.  3.15 ms (4.5x), Avg.   699 us, Total. 6.293 ms (0.0%)
[Performance] UpgradeShaderIncludeAsset                                                                                       :       16 samples, Peak.  1.40 ms (3.7x), Avg.   380 us, Total. 6.088 ms (0.0%)
[Performance] Compiling Scripts                                                                                               :        1 samples, Peak.  7.75 s (1.0x), Avg.  7.75 s, Total. 7.746 s (28.4%)
[Performance] AssemblyReloadEvents.beforeAssemblyReload: UnityEditor.SceneTemplate.SceneTemplateService.BeforeAssemblyReload  :        1 samples, Peak.   366 us (1.0x), Avg.   366 us, Total. 366.4 us (0.0%)
[Performance] PresetManagerPostProcessor.OnPreprocessAsset                                                                    :     1168 samples, Peak.   959 us (123.6x), Avg.  7.76 us, Total. 9.067 ms (0.0%)
[Performance] CancelSplashScreenOnAssetChange.OnPreprocessAsset                                                               :     1168 samples, Peak.   229 us (106.0x), Avg.  2.16 us, Total. 2.524 ms (0.0%)
[Performance] InitializeOnLoad BurstLoader                                                                                    :        1 samples, Peak.  1.29 s (1.0x), Avg.  1.29 s, Total. 1.295 s (4.7%)
[Performance] InitializeOnLoad PackageSetupCheck                                                                              :        1 samples, Peak.  17.2 ms (1.0x), Avg.  17.2 ms, Total. 17.16 ms (0.1%)
[Performance] InitializeOnLoad BackgroundWatcher                                                                              :        1 samples, Peak.   173 us (1.0x), Avg.   173 us, Total. 172.6 us (0.0%)
[Performance] InitializeOnLoad RerunCallbackInitializer                                                                       :        1 samples, Peak.  7.01 ms (1.0x), Avg.  7.01 ms, Total. 7.006 ms (0.0%)
[Performance] InitializeOnLoad TestStarter                                                                                    :        1 samples, Peak.  1.45 ms (1.0x), Avg.  1.45 ms, Total. 1.452 ms (0.0%)
[Performance] InitializeOnLoad UnityTestProtocolStarter                                                                       :        1 samples, Peak.   466 us (1.0x), Avg.   466 us, Total. 466.0 us (0.0%)
[Performance] InitializeOnLoad TestJobDataHolder.ResumeRunningJobs                                                            :        1 samples, Peak.  1.05 ms (1.0x), Avg.  1.05 ms, Total. 1.054 ms (0.0%)
[Performance] InitializeOnLoad AnalyticsReporter.RegisterCallbacks                                                            :        1 samples, Peak.   207 us (1.0x), Avg.   207 us, Total. 206.8 us (0.0%)
[Performance] InitializeOnLoad $BurstDirectCallInitializer.Initialize                                                         :        3 samples, Peak.   117 ms (2.4x), Avg.  48.6 ms, Total. 145.9 ms (0.5%)
[Performance] DidReloadScriptsTestRunnerWindow.CompilationCallback                                                            :        1 samples, Peak.   856 us (1.0x), Avg.   856 us, Total. 855.7 us (0.0%)
[Performance] DidReloadScriptsTestListCache.ScriptReloaded                                                                    :        1 samples, Peak.  1.39 ms (1.0x), Avg.  1.39 ms, Total. 1.387 ms (0.0%)
[Performance] DidReloadScriptsOnScriptsReloadHandler.OnScriptsReloaded                                                        :        1 samples, Peak.   221 us (1.0x), Avg.   221 us, Total. 220.8 us (0.0%)
[Performance] DidReloadScriptsAdvancedDropdownWindow.OnScriptReload                                                           :        1 samples, Peak.   191 us (1.0x), Avg.   191 us, Total. 191.3 us (0.0%)
[Performance] TextureImporter.Import                                                                                          :        2 samples, Peak.  6.72 ms (1.3x), Avg.  5.37 ms, Total. 10.74 ms (0.0%)
[Performance] ShaderImporter.Import                                                                                           :        9 samples, Peak.   622 ms (8.4x), Avg.  74.3 ms, Total. 668.7 ms (2.5%)
[Performance] EditorApplication.projectChanged: UnityEditor.Audio.MixerEffectDefinitionReloader.OnProjectChanged              :        7 samples, Peak.  1.01 ms (2.6x), Avg.   384 us, Total. 2.689 ms (0.0%)
[Performance] AssetDatabase.ImportAssets                                                                                      :       15 samples, Peak.  10.3 ms (8.7x), Avg.  1.18 ms, Total. 17.74 ms (0.1%)
[Performance] VersionControl.Task.Wait                                                                                        :        1 samples, Peak.  7.20 us (1.0x), Avg.  7.20 us, Total. 7.200 us (0.0%)
[Performance] AgentToolDefinitionAssetPostListener.OnPostprocessAllAssets                                                     :       18 samples, Peak.  1.04 ms (8.7x), Avg.   119 us, Total. 2.147 ms (0.0%)
[Performance] BuilderAssetPostprocessor.OnPostprocessAllAssets                                                                :       18 samples, Peak.  22.3 ms (9.0x), Avg.  2.49 ms, Total. 44.76 ms (0.2%)
[Performance] ArtifactBrowserPostProcessor.OnPostprocessAllAssets                                                             :       18 samples, Peak.   551 us (8.8x), Avg.  62.6 us, Total. 1.127 ms (0.0%)
[Performance] AssetEvents.OnPostprocessAllAssets                                                                              :       36 samples, Peak.   174 us (11.3x), Avg.  15.4 us, Total. 553.1 us (0.0%)
[Performance] AudioMixerPostprocessor.OnPostprocessAllAssets                                                                  :       18 samples, Peak.   361 us (8.7x), Avg.  41.6 us, Total. 748.1 us (0.0%)
[Performance] DomainReloadPostprocessor.OnPostprocessAllAssets                                                                :       18 samples, Peak.   395 us (6.6x), Avg.  59.5 us, Total. 1.070 ms (0.0%)
[Performance] StyleCatalogPostProcessor.OnPostprocessAllAssets                                                                :       18 samples, Peak.  22.8 ms (9.0x), Avg.  2.54 ms, Total. 45.75 ms (0.2%)
[Performance] BuildCatalog                                                                                                    :        1 samples, Peak.  21.8 ms (1.0x), Avg.  21.8 ms, Total. 21.81 ms (0.1%)
[Performance] ModelImporterPostProcessor.OnPostprocessAllAssets                                                               :       18 samples, Peak.  3.14 ms (7.4x), Avg.   425 us, Total. 7.646 ms (0.0%)
[Performance] RetainedModeAssetPostprocessor.OnPostprocessAllAssets                                                           :       18 samples, Peak.  10.0 ms (8.9x), Avg.  1.13 ms, Total. 20.27 ms (0.1%)
[Performance] AssetChangedListener.OnPostprocessAllAssets                                                                     :       18 samples, Peak.  6.28 ms (8.7x), Avg.   723 us, Total. 13.01 ms (0.0%)
[Performance] SpeedTreePostProcessor.OnPostprocessAllAssets                                                                   :       18 samples, Peak.  5.12 ms (8.9x), Avg.   576 us, Total. 10.37 ms (0.0%)
[Performance] TextAssetPostProcessor.OnPostprocessAllAssets                                                                   :       18 samples, Peak.  4.97 ms (8.9x), Avg.   558 us, Total. 10.04 ms (0.0%)
[Performance] SyncVS.PostprocessSyncProject                                                                                   :        9 samples, Peak.  1.64 ms (7.5x), Avg.   218 us, Total. 1.960 ms (0.0%)
[Performance] Application.ImportPackagesAndSetTemplateWhenCreatingProject                                                     :        1 samples, Peak.  13.8 ms (1.0x), Avg.  13.8 ms, Total. 13.75 ms (0.1%)
[Performance] Application.SyncCurrentColorSpace                                                                               :        1 samples, Peak.  1.61 s (1.0x), Avg.  1.61 s, Total. 1.608 s (5.9%)
[Performance] Application.OnUsbDevicesChanged                                                                                 :        1 samples, Peak.  7.10 ms (1.0x), Avg.  7.10 ms, Total. 7.100 ms (0.0%)
[Performance] Application.AssetInstanceCacheUpdate                                                                            :        1 samples, Peak.   200 ns (1.0x), Avg.   200 ns, Total. 200.0 ns (0.0%)
[Performance] Application.UnityExtensions.Initialize                                                                          :        1 samples, Peak.  1.13 ms (1.0x), Avg.  1.13 ms, Total. 1.127 ms (0.0%)
[Performance] CodeEditorProjectSync.SyncEditorProject                                                                         :        1 samples, Peak.  92.9 us (1.0x), Avg.  92.9 us, Total. 92.90 us (0.0%)
[Performance] Application.ExecuteStartups                                                                                     :        1 samples, Peak.  37.6 ms (1.0x), Avg.  37.6 ms, Total. 37.56 ms (0.1%)
[Performance] Menu.RegisterMenuInterface                                                                                      :       26 samples, Peak.   600 ns (4.2x), Avg.   142 ns, Total. 3.700 us (0.0%)
[Performance] Gizmo.RebuildRenderers                                                                                          :        1 samples, Peak.  36.5 ms (1.0x), Avg.  36.5 ms, Total. 36.49 ms (0.1%)
[Performance] Gizmo.AddGizmoRenderers                                                                                         :       44 samples, Peak.  1.49 ms (18.9x), Avg.  78.7 us, Total. 3.463 ms (0.0%)
[Performance] Application.editorInitializingProject                                                                           :        1 samples, Peak.   425 ms (1.0x), Avg.   425 ms, Total. 424.5 ms (1.6%)
[Performance] Application.InitializeMenu                                                                                      :        1 samples, Peak.  51.6 ms (1.0x), Avg.  51.6 ms, Total. 51.59 ms (0.2%)
[Performance] Menu.RebuildAll                                                                                                 :        1 samples, Peak.  51.6 ms (1.0x), Avg.  51.6 ms, Total. 51.58 ms (0.2%)
[Performance] Menu.BuildRegisteredMenuInterfaces                                                                              :        1 samples, Peak.  49.8 ms (1.0x), Avg.  49.8 ms, Total. 49.83 ms (0.2%)
[Performance] Menu.FilterMenuItem                                                                                             :      530 samples, Peak.  24.6 ms (523.4x), Avg.  47.0 us, Total. 24.90 ms (0.1%)
[Performance] UpdateAllMenus                                                                                                  :        1 samples, Peak.   408 us (1.0x), Avg.   408 us, Total. 408.3 us (0.0%)
[Performance] Menu.RebuildOSMainMenu                                                                                          :        2 samples, Peak.  1.25 ms (1.0x), Avg.  1.23 ms, Total. 2.450 ms (0.0%)
[Performance] EditorSceneManager.sceneClosing: UnityEditor.SceneVisibilityManager.EditorSceneManagerOnSceneClosing            :        2 samples, Peak.   196 us (2.0x), Avg.  99.9 us, Total. 199.8 us (0.0%)
[Performance] GUIView.RepaintAll.PlayerLoopController                                                                         :        2 samples, Peak.  1.30 us (1.1x), Avg.  1.15 us, Total. 2.300 us (0.0%)
[Performance] EditorSceneManager.newSceneCreated: UnityEditor.SceneTemplate.SceneTemplateService.OnNewSceneCreated            :        2 samples, Peak.   195 us (2.0x), Avg.  98.8 us, Total. 197.6 us (0.0%)
[Performance] EditorSceneManager.newSceneCreated: UnityEditor.SceneVisibilityManager.EditorSceneManagerOnNewSceneCreated      :        2 samples, Peak.   133 us (1.9x), Avg.  69.6 us, Total. 139.2 us (0.0%)
[Performance] EditorSceneManager.newSceneCreated: UnityEditor.SceneManagement.StageNavigationManager.OnNewSceneCreated        :        2 samples, Peak.  48.6 us (2.0x), Avg.  24.9 us, Total. 49.80 us (0.0%)
[Performance] Application.InvokeFinishedLoadingProject                                                                        :        1 samples, Peak.  1.84 ms (1.0x), Avg.  1.84 ms, Total. 1.837 ms (0.0%)
[Performance] ProcessService.OnProjectLoaded                                                                                  :        1 samples, Peak.  36.9 us (1.0x), Avg.  36.9 us, Total. 36.90 us (0.0%)
[Performance] AssetDatabase.Refresh                                                                                           :        2 samples, Peak.   329 ms (1.9x), Avg.   172 ms, Total. 343.0 ms (1.3%)
[Performance] SceneDataContainer.TransformHierarchyChangedSetParentCallback                                                   :      174 samples, Peak.  12.7 us (12.3x), Avg.  1.03 us, Total. 179.1 us (0.0%)
[Performance] SceneVisibilityState.IsFlagSetInParents                                                                         :     1104 samples, Peak.  2.30 us (6.1x), Avg.   377 ns, Total. 415.8 us (0.0%)
[Performance] BuilderAssetModificationProcessor.OnWillSaveAssets                                                              :        4 samples, Peak.   173 us (3.6x), Avg.  48.8 us, Total. 195.3 us (0.0%)
[Performance] TerrainModificationProcessor.OnWillSaveAssets                                                                   :        4 samples, Peak.   457 us (3.9x), Avg.   116 us, Total. 462.6 us (0.0%)
[Performance] AssetDatabase.ImportAsset                                                                                       :        2 samples, Peak.  38.9 ms (1.7x), Avg.  23.0 ms, Total. 45.95 ms (0.2%)
[Performance] EditorSceneManager.sceneSaving: UnityEditor.SceneTemplate.SceneTemplateService.OnSceneSaving                    :        1 samples, Peak.   206 us (1.0x), Avg.   206 us, Total. 205.9 us (0.0%)
[Performance] EditorSceneManager.sceneSaving: UnityEditor.SceneVisibilityManager.EditorSceneManagerOnSceneSaving              :        1 samples, Peak.  85.0 us (1.0x), Avg.  85.0 us, Total. 85.00 us (0.0%)
[Performance] EditorSceneManager.sceneSaved: UnityEditor.SceneTemplate.SceneTemplateService.OnSceneSaved                      :        1 samples, Peak.  9.65 ms (1.0x), Avg.  9.65 ms, Total. 9.654 ms (0.0%)
[Performance] EditorSceneManager.sceneSaved: UnityEditor.SceneVisibilityManager.EditorSceneManagerOnSceneSaved                :        1 samples, Peak.  95.3 us (1.0x), Avg.  95.3 us, Total. 95.30 us (0.0%)
[Performance] EditorApplication.quitting: Unity.Burst.Editor.BurstLoader.OnEditorApplicationQuitting                          :        1 samples, Peak.  30.1 us (1.0x), Avg.  30.1 us, Total. 30.10 us (0.0%)
[Performance] EditorApplication.quitting: callback in UnityEditor.TextCore.Text.EditorEventCallbacks                          :        1 samples, Peak.  4.97 ms (1.0x), Avg.  4.97 ms, Total. 4.970 ms (0.0%)
[Performance] Application.Shutdown.PauseProfilerSession                                                                       :        1 samples, Peak.  22.8 us (1.0x), Avg.  22.8 us, Total. 22.80 us (0.0%)
[Performance] Application.Shutdown.PauseAssetImportWorkers                                                                    :        1 samples, Peak.  75.6 us (1.0x), Avg.  75.6 us, Total. 75.60 us (0.0%)
[Performance] Application.Shutdown.SaveAssets                                                                                 :        1 samples, Peak.  2.00 ms (1.0x), Avg.  2.00 ms, Total. 2.003 ms (0.0%)
[Performance] Application.Shutdown.CleanupRenderPipeline                                                                      :        1 samples, Peak.  6.40 us (1.0x), Avg.  6.40 us, Total. 6.400 us (0.0%)
[Performance] Application.Shutdown.StopPreloadManager                                                                         :        1 samples, Peak.  9.82 ms (1.0x), Avg.  9.82 ms, Total. 9.823 ms (0.0%)
[Performance] Application.Shutdown.DestroyWorld                                                                               :        1 samples, Peak.   607 us (1.0x), Avg.   607 us, Total. 607.2 us (0.0%)
[Performance] Application.Shutdown.CleanupAfterLoad                                                                           :        1 samples, Peak.   160 ms (1.0x), Avg.   160 ms, Total. 160.3 ms (0.6%)
[Performance] Application.Shutdown.Progress                                                                                   :        1 samples, Peak.  6.40 us (1.0x), Avg.  6.40 us, Total. 6.400 us (0.0%)
[Performance] Application.Shutdown.GICleanupManagers                                                                          :        1 samples, Peak.   772 us (1.0x), Avg.   772 us, Total. 772.2 us (0.0%)
[Performance] Application.Shutdown.MenuCleanupClass                                                                           :        1 samples, Peak.   174 us (1.0x), Avg.   174 us, Total. 174.2 us (0.0%)
[Performance] Application.Shutdown.ADBSaveStateBeforeShutdown                                                                 :        1 samples, Peak.  12.3 us (1.0x), Avg.  12.3 us, Total. 12.30 us (0.0%)
[Performance] Application.Shutdown.RemoteShutdown                                                                             :        1 samples, Peak.   900 ns (1.0x), Avg.   900 ns, Total. 900.0 ns (0.0%)
[Performance] Application.Shutdown.CleanupVCProvider                                                                          :        1 samples, Peak.  7.50 us (1.0x), Avg.  7.50 us, Total. 7.500 us (0.0%)
[Performance] Application.Shutdown.InputShutdown                                                                              :        1 samples, Peak.   600 ns (1.0x), Avg.   600 ns, Total. 600.0 ns (0.0%)
[Performance] Application.Shutdown.GizmoManagerDestroy                                                                        :        1 samples, Peak.   867 us (1.0x), Avg.   867 us, Total. 867.3 us (0.0%)
[Performance] Application.Shutdown.ProfilerSession                                                                            :        1 samples, Peak.   116 us (1.0x), Avg.   116 us, Total. 115.8 us (0.0%)
[Performance] Application.Shutdown.ReleaseGfxWindowOnAllGUIViews                                                              :        1 samples, Peak.   400 ns (1.0x), Avg.   400 ns, Total. 400.0 ns (0.0%)
[Performance] Application.Shutdown.CleanupEngine                                                                              :        1 samples, Peak.  80.2 ms (1.0x), Avg.  80.2 ms, Total. 80.16 ms (0.3%)
[Performance] Application.Shutdown.CleanupAssetDatabase                                                                       :        1 samples, Peak.  7.85 ms (1.0x), Avg.  7.85 ms, Total. 7.847 ms (0.0%)
[Performance] Application.Shutdown.ScriptCompilationCleanUp                                                                   :        1 samples, Peak.  28.4 ms (1.0x), Avg.  28.4 ms, Total. 28.37 ms (0.1%)
[Performance] Application.Shutdown.DestroyJobSystem                                                                           :        1 samples, Peak.   108 us (1.0x), Avg.   108 us, Total. 107.7 us (0.0%)
[Performance] Application.Shutdown.CleanupPersistentManager                                                                   :        1 samples, Peak.   631 us (1.0x), Avg.   631 us, Total. 631.0 us (0.0%)
[Performance] Application.Shutdown.CleanupAsyncReadManager                                                                    :        1 samples, Peak.   285 us (1.0x), Avg.   285 us, Total. 285.2 us (0.0%)
[Performance] Application.Shutdown.CleanupProgressBar                                                                         :        1 samples, Peak.   400 ns (1.0x), Avg.   400 ns, Total. 400.0 ns (0.0%)
[Performance] Application.Shutdown.CleanupMono                                                                                :        1 samples, Peak.  1.89 s (1.0x), Avg.  1.89 s, Total. 1.888 s (6.9%)
[Performance] Application.Shutdown.CleanupStdConverters                                                                       :        1 samples, Peak.  8.40 us (1.0x), Avg.  8.40 us, Total. 8.400 us (0.0%)
[Performance] Application.Shutdown.UnloadAllPlatformSupportModuleNativeDlls                                                   :        1 samples, Peak.   600 ns (1.0x), Avg.   600 ns, Total. 600.0 ns (0.0%)
[Performance] Application.Shutdown.UnloadAllPlatformSupportNativeLibraries                                                    :        1 samples, Peak.   100 ns (1.0x), Avg.   100 ns, Total. 100.0 ns (0.0%)
[Performance] Application.Shutdown.CleanupAutoDocumentation                                                                   :        1 samples, Peak.   362 us (1.0x), Avg.   362 us, Total. 362.0 us (0.0%)
[Performance] Application.Shutdown.ShaderNameManagerDestroy                                                                   :        1 samples, Peak.  54.9 us (1.0x), Avg.  54.9 us, Total. 54.90 us (0.0%)
[Performance] Application.Shutdown.CleanupCacheServer                                                                         :        1 samples, Peak. 0.0 (-nan(ind)x), Avg. 0.0, Total. 0.0 (0.0%)
[Performance] Application.Shutdown.Virtualization_Shutdown                                                                    :        1 samples, Peak.   200 ns (1.0x), Avg.   200 ns, Total. 200.0 ns (0.0%)
[Performance] Application.Shutdown.DevConnections                                                                             :        1 samples, Peak.   207 us (1.0x), Avg.   207 us, Total. 206.5 us (0.0%)
Exiting batchmode successfully now!
Exiting without the bug reporter. Application will terminate with return code 0