[Licensing::Module] Trying to connect to existing licensing client channel...
[Licensing::IpcConnector] Successfully connected to the License Client on channel: "LicenseClient-Dev.LI" at "2026-05-24T14:55:02.275565Z"
[Licensing::Client] Error: Code 0 while verifying Licensing Client signature (process Id: 34360, path: "D:/unity Hub/Tuanjie Hub/TuanjieLicensingClient_V1/Tuanjie.Licensing.Client.exe")
[Licensing::Module] Error: LicensingClient has failed validation; ignoring
[Licensing::Client] Successfully send message: {"AuthorizationCheck":"Ewh0rCmhBek4og==","messageType":"HandshakeRequest","protocolVersion":"1.12","userAgent":"TuanjieEditor/2022.3.62t8 (Windows; U; Windows NT 10.0; zh)","externalCorrelationId":"3238363666581943005"} at 1779634502
[Licensing::Client] Successfully receive message: {"protocolVersion":"1.12","sessionId":"652633054e7c4a0db94473a96d1219e1","context":{"DeviceName":"DEV-LI","DeviceModel":"82WM (LENOVO)","PhysicalMemoryMB":"32448","SystemLanguageISO":"zh","ProcessorCount":"32","ProcessorType":"AMD Ryzen 9 7945HX with Radeon Graphics        ","OperatingSystem":"Windows 10  (10.0.26200) 64bit","OperatingSystemNumeric":"1000","Legacy.MachineBinding1":"00330-80000-00000-AA963","Legacy.MachineBinding2":"C5FDB_08_404071_E6.9","Legacy.MachineBinding4":"QkgwMDdHTTk=","Legacy.MachineBinding5":"00:ff:62:7d:43:93","EnvironmentUser":"Dev.LI","EnvironmentDomain":"DEV-LI","EnvironmentHostname":"DEV-LI"},"assemblyProductVersion":"1.14.0+249b3dc","machineId":"bonVfytvD87nvYY7zQjTorUyMJ8=","correlationId":"d5460788977d8261f3bcfd19cf5fbd27","responseCode":200,"responseStatus":"Handshake successful","messageType":"HandshakeResponse"} at 1779634502
[Licensing::Client] Handshaking with LicensingClient:
  Version:                 1.14.0+249b3dc
  Session Id:              652633054e7c4a0db94473a96d1219e1
  Correlation Id:          d5460788977d8261f3bcfd19cf5fbd27
  External correlation Id: 3238363666581943005
  Machine Id:              bonVfytvD87nvYY7zQjTorUyMJ8=
[Licensing::Module] Successfully connected to LicensingClient on channel: "LicenseClient-Dev.LI" (connect: 0.00s, validation: 0.01s, handshake: 0.07s)
[Licensing::IpcConnector] Successfully connected to the License Notification on channel: "LicenseClient-Dev.LI-notifications" at "2026-05-24T14:55:02.3578958Z"
[Licensing::Module] Error: Access token is unavailable; failed to update
[Licensing::Client] Successfully send message: {"AuthorizationCheck":"1DigkvtdDmyEXQ==","messageType":"UpdateLicenseRequest","AccessToken":"","OrgId":"","ProjectId":"","forceUpdateLicense":true} at 1779634502
[Licensing::Client] Successfully receive message: {"responseCode":200,"responseStatus":"Licenses updated.","messageType":"UpdateLicenseResponse","authorizationCheck":"1DigkvtdDmyEXSvKAULoPK+vZIii"} at 1779634503
[Licensing::Client] Attempt to check time stamp (startTime: 1779634502, endTime: 1779634503)
[Licensing::Client] Successfully updated license
Built from 'tuanjie/1.9/staging' branch; Version is '2022.3.62t8 (eaa6929bf4e5) revision 15378066'; Using compiler version '192829333'; Build Type 'Release'
OS: 'Windows 11  (10.0.26200) 64bit Professional' Language: 'zh' Physical Memory: 32448 MB
[Licensing::Client] Successfully send message: {"AuthorizationCheck":"Yq49OFZdRlCh3g==","messageType":"EntitlementDetailsRequest","entitlementIds":["com.unity.editor.legacy.pro","com.unity.editor.headless"],"packageEntitlementIds":[],"includeCustomData":false} at 1779634503
[Licensing::Client] Successfully receive message: {"entitlementGroups":[{"entitlementGroupId":"F4-6FHY-5BZF-BSUA-7WFB-3YQF","entitlementGroupIdHash":"6f799ff5df1ccc813733ac3e82bd392958bed8ce","productName":"Unity Personal","productType":"TuanjieEditor","licenseType":"ULF","expiration":1779897302000,"matchedEntitlements":[{"entitlementId":"com.unity.editor.headless","isPackage":false,"count":1}]}],"responseCode":200,"responseStatus":"Found 1 entitlement groups and 0 free entitlements matching requested entitlement ids","messageType":"EntitlementDetailsResponse","authorizationCheck":"Yq49OFZdRlCh3lcl9ySfbj8atLaq"} at 1779634503
[Licensing::Client] Attempt to check time stamp (startTime: 1779634503, endTime: 1779634503)
[Licensing::Client] Successfully resolved entitlement details
[Licensing::Module] Serial number assigned to: "F4-6FHY-5BZF-BSUA-7WFB-XXXX"
BatchMode: 1, IsHumanControllingUs: 0, StartBugReporterOnCrash: 0, Is64bit: 1, IsPro: 0
[Licensing::Client] Successfully send message: {"AuthorizationCheck":"Yq49OFZdRlCh3g==","messageType":"EntitlementDetailsRequest","entitlementIds":["com.unity.editor.headless","com.unity.editor.ui"],"packageEntitlementIds":[],"includeCustomData":false} at 1779634503
[Licensing::Client] Successfully receive message: {"entitlementGroups":[{"entitlementGroupId":"F4-6FHY-5BZF-BSUA-7WFB-3YQF","entitlementGroupIdHash":"6f799ff5df1ccc813733ac3e82bd392958bed8ce","productName":"Unity Personal","productType":"TuanjieEditor","licenseType":"ULF","expiration":1779897302000,"matchedEntitlements":[{"entitlementId":"com.unity.editor.ui","isPackage":false,"count":1},{"entitlementId":"com.unity.editor.headless","isPackage":false,"count":1}]}],"responseCode":200,"responseStatus":"Found 1 entitlement groups and 0 free entitlements matching requested entitlement ids","messageType":"EntitlementDetailsResponse","authorizationCheck":"Yq49OFZdRlCh3lcl9ySfbj8atLaq"} at 1779634503
[Licensing::Client] Attempt to check time stamp (startTime: 1779634503, endTime: 1779634503)
[Licensing::Client] Successfully resolved entitlement details

COMMAND LINE ARGUMENTS:
D:\Tuanjie\2022.3.62t8\Editor\Tuanjie.exe
-batchmode
-quit
-nographics
-projectPath
G:\maomaomao\unity\companion-cat
-executeMethod
Maomaomao.CompanionCat.EditorTools.CompanionCatAndroidExporter.ExportAndroidGradleProject
-logFile
G:\maomaomao\ulw\tuanjie-export-android-62t8-2.log
Successfully changed project path to: G:\maomaomao\unity\companion-cat
G:/maomaomao/unity/companion-cat
[Memory] Configuration Parameters - Can be set up in boot.config
    "memorysetup-bucket-allocator-granularity=16"
    "memorysetup-bucket-allocator-bucket-count=8"
    "memorysetup-bucket-allocator-block-size=33554432"
    "memorysetup-bucket-allocator-block-count=8"
    "memorysetup-main-allocator-block-size=16777216"
    "memorysetup-thread-allocator-block-size=16777216"
    "memorysetup-gfx-main-allocator-block-size=16777216"
    "memorysetup-gfx-thread-allocator-block-size=16777216"
    "memorysetup-cache-allocator-block-size=4194304"
    "memorysetup-typetree-allocator-block-size=2097152"
    "memorysetup-profiler-bucket-allocator-granularity=16"
    "memorysetup-profiler-bucket-allocator-bucket-count=8"
    "memorysetup-profiler-bucket-allocator-block-size=33554432"
    "memorysetup-profiler-bucket-allocator-block-count=8"
    "memorysetup-profiler-allocator-block-size=16777216"
    "memorysetup-profiler-editor-allocator-block-size=1048576"
    "memorysetup-temp-allocator-size-main=16777216"
    "memorysetup-job-temp-allocator-block-size=2097152"
    "memorysetup-job-temp-allocator-block-size-background=1048576"
    "memorysetup-job-temp-allocator-reduction-small-platforms=262144"
    "memorysetup-allocator-temp-initial-block-size-main=262144"
    "memorysetup-allocator-temp-initial-block-size-worker=262144"
    "memorysetup-temp-allocator-size-gfx=262144"
    "memorysetup-temp-allocator-size-background-worker=32768"
    "memorysetup-temp-allocator-size-job-worker=262144"
    "memorysetup-temp-allocator-size-preload-manager=33554432"
    "memorysetup-temp-allocator-size-nav-mesh-worker=65536"
    "memorysetup-temp-allocator-size-audio-worker=65536"
    "memorysetup-temp-allocator-size-cloud-worker=32768"
    "memorysetup-temp-allocator-size-gi-baking-worker=262144"
    "memorysetup-temp-allocator-size-gfx=262144"
Player connection [44188]  Target information:

Player connection [44188]  * "[IP] 10.60.155.129 [Port] 55504 [Flags] 2 [Guid] 3293731443 [EditorId] 3293731443 [Version] 1048832 [Id] WindowsEditor(7,Dev-Li) [Debug] 1 [PackageName] WindowsEditor [ProjectName] Editor" 

Player connection [44188] Host joined multi-casting on [225.0.0.222:54997]...
Player connection [44188] Host joined alternative multi-casting on [225.0.0.222:34997]...
Input System module state changed to: Initialized.
AS: AutoStreaming module initializing.
[LiveLink] LiveLink library is loaded successfully. Initializing...
Begin write certificate to file.
Write certificate complete, return 1.
InitScreenManager.StartServer, cert is C:/Users/Dev.LI/AppData/Roaming/Tuanjie/42116-rest-certificate.pem
Start HTTP server port 38000, HTTPS server port 38443.
[Package Manager] UpmClient::Connect -- Connected to IPC stream "Upm-42116" after 0.2 seconds.
[Licensing::Client] Successfully send message: {"AuthorizationCheck":"Yq49OFZdRlCh3g==","messageType":"EntitlementDetailsRequest","entitlementIds":["com.unity.editor.ui","com.unity.editor.headless","com.unity.editor.dark-skin","com.unity.editor.disable-splash-screen","com.unity.editor.legacy.embedded","com.unity.editor.legacy.pro","com.unity.editor.platforms.android","com.unity.editor.platforms.android.pro","com.unity.editor.platforms.ios","com.unity.editor.platforms.ios.pro","com.unity.editor.platforms.nintendo3ds","com.unity.editor.platforms.ps4","com.unity.editor.platforms.pzazz","com.unity.editor.platforms.uwp","com.unity.editor.platforms.uwp.pro","com.unity.editor.platforms.vita","com.unity.editor.platforms.xboxone","com.unity.editor.watermarks.disable","com.unity.editor.watermarks.edu","com.unity.editor.watermarks.prototyping","com.unity.editor.watermarks.trial","com.unity.editor.time-limited-license","com.unity.editor.internal-developer","com.unity.tiny","com.unity.editor.unity.compliant","com.unity.editor.platforms.minigame","com.unity.editor.watermarks.forcedisable","com.unity.editor.guid.encryption","com.unity.editor.open-harmony.analytics.disabled","com.unity.editor.mini-game.analytics.disabled","com.unity.editor.last.activation.date","com.unity.editor.unity.expiration.2d","com.unity.editor.unity.expiration.7d","com.unity.editor.playableads.watermark","com.unity.editor.android.analytics.enable","com.unity.editor.ios.analytics.enable"],"packageEntitlementIds":[],"includeCustomData":false} at 1779634503
[Licensing::Client] Successfully receive message: {"entitlementGroups":[{"entitlementGroupId":"F4-6FHY-5BZF-BSUA-7WFB-3YQF","entitlementGroupIdHash":"6f799ff5df1ccc813733ac3e82bd392958bed8ce","productName":"Unity Personal","productType":"TuanjieEditor","licenseType":"ULF","expiration":1779897302000,"matchedEntitlements":[{"entitlementId":"com.unity.editor.platforms.android","isPackage":false,"count":1},{"entitlementId":"com.unity.editor.platforms.uwp","isPackage":false,"count":1},{"entitlementId":"com.unity.editor.platforms.minigame","isPackage":false,"count":1},{"entitlementId":"com.unity.editor.platforms.ios","isPackage":false,"count":1},{"entitlementId":"com.unity.editor.guid.encryption","isPackage":false,"count":1},{"entitlementId":"com.unity.editor.ui","isPackage":false,"count":1},{"entitlementId":"com.unity.editor.headless","isPackage":false,"count":1},{"entitlementId":"com.unity.editor.unity.expiration.2d","isPackage":false,"count":1},{"entitlementId":"com.unity.editor.ios.analytics.enable","isPackage":false,"count":1},{"entitlementId":"com.unity.editor.android.analytics.enable","isPackage":false,"count":1},{"entitlementId":"com.unity.editor.watermarks.forcedisable","isPackage":false,"count":1},{"entitlementId":"com.unity.editor.last.activation.date","isPackage":false,"count":1},{"entitlementId":"com.unity.editor.unity.compliant","isPackage":false,"count":1},{"entitlementId":"com.unity.editor.mini-game.analytics.disabled","isPackage":false,"count":1},{"entitlementId":"com.unity.editor.time-limited-license","isPackage":false,"count":1}]}],"responseCode":200,"responseStatus":"Found 1 entitlement groups and 0 free entitlements matching requested entitlement ids","messageType":"EntitlementDetailsResponse","authorizationCheck":"Yq49OFZdRlCh3lcl9ySfbj8atLaq"} at 1779634503
[Licensing::Client] Attempt to check time stamp (startTime: 1779634503, endTime: 1779634503)
[Licensing::Client] Successfully resolved entitlement details
[Licensing::Client] Successfully send message: {"AuthorizationCheck":"Yq49OFZdRlCh3g==","messageType":"EntitlementDetailsRequest","entitlementIds":["com.unity.editor.allow-mix-usage","com.unity.editor.headless"],"packageEntitlementIds":[],"includeCustomData":false} at 1779634503
[Licensing::Client] Successfully receive message: {"entitlementGroups":[{"entitlementGroupId":"F4-6FHY-5BZF-BSUA-7WFB-3YQF","entitlementGroupIdHash":"6f799ff5df1ccc813733ac3e82bd392958bed8ce","productName":"Unity Personal","productType":"TuanjieEditor","licenseType":"ULF","expiration":1779897302000,"matchedEntitlements":[{"entitlementId":"com.unity.editor.headless","isPackage":false,"count":1}]}],"responseCode":200,"responseStatus":"Found 1 entitlement groups and 0 free entitlements matching requested entitlement ids","messageType":"EntitlementDetailsResponse","authorizationCheck":"Yq49OFZdRlCh3lcl9ySfbj8atLaq"} at 1779634503
[Licensing::Client] Attempt to check time stamp (startTime: 1779634503, endTime: 1779634503)
[Licensing::Client] Successfully resolved entitlement details
[Package Manager] Restoring resolved packages state from cache
[Licensing::Client] Successfully send message: {"AuthorizationCheck":"Yq49OFZdRlCh3g==","messageType":"EntitlementDetailsRequest","entitlementIds":[],"packageEntitlementIds":["com.unity.cloud.gltfast","com.unity.modules.ai","com.unity.modules.androidjni","com.unity.modules.animation","com.unity.modules.assetbundle","com.unity.modules.audio","com.unity.modules.cloth","com.unity.modules.director","com.unity.modules.imageconversion","com.unity.modules.imgui","com.unity.modules.infinity","com.unity.modules.jsonserialize","com.unity.modules.particlesystem","com.unity.modules.physics","com.unity.modules.physics2d","com.unity.modules.screencapture","com.unity.modules.terrain","com.unity.modules.terrainphysics","com.unity.modules.tilemap","com.unity.modules.ui","com.unity.modules.uielements","com.unity.modules.unityanalytics","com.unity.modules.unitywebrequest","com.unity.modules.unitywebrequestassetbundle","com.unity.modules.unitywebrequestaudio","com.unity.modules.unitywebrequesttexture","com.unity.modules.unitywebrequestwww","com.unity.modules.vehicles","com.unity.modules.video","com.unity.modules.vr","com.unity.modules.wind","com.unity.modules.xr","com.unity.modules.subsystems","com.unity.burst","com.unity.collections","com.unity.mathematics","com.unity.test-framework","com.unity.ext.nunit"],"includeCustomData":false} at 1779634503
[Licensing::Client] Successfully receive message: {"freeEntitlementIds":["com.unity.cloud.gltfast","com.unity.modules.ai","com.unity.modules.androidjni","com.unity.modules.animation","com.unity.modules.assetbundle","com.unity.modules.audio","com.unity.modules.cloth","com.unity.modules.director","com.unity.modules.imageconversion","com.unity.modules.imgui","com.unity.modules.infinity","com.unity.modules.jsonserialize","com.unity.modules.particlesystem","com.unity.modules.physics","com.unity.modules.physics2d","com.unity.modules.screencapture","com.unity.modules.terrain","com.unity.modules.terrainphysics","com.unity.modules.tilemap","com.unity.modules.ui","com.unity.modules.uielements","com.unity.modules.unityanalytics","com.unity.modules.unitywebrequest","com.unity.modules.unitywebrequestassetbundle","com.unity.modules.unitywebrequestaudio","com.unity.modules.unitywebrequesttexture","com.unity.modules.unitywebrequestwww","com.unity.modules.vehicles","com.unity.modules.video","com.unity.modules.vr","com.unity.modules.wind","com.unity.modules.xr","com.unity.modules.subsystems","com.unity.burst","com.unity.collections","com.unity.mathematics","com.unity.test-framework","com.unity.ext.nunit"],"responseCode":200,"responseStatus":"Found 0 entitlement groups and 38 free entitlements matching requested entitlement ids","messageType":"EntitlementDetailsResponse","authorizationCheck":"Yq49OFZdRlCh3lcl9ySfbj8atLaq"} at 1779634503
[Licensing::Client] Attempt to check time stamp (startTime: 1779634503, endTime: 1779634503)
[Licensing::Client] Successfully resolved entitlement details
[Package Manager] Registered 38 packages:
  Packages from [https://packages.tuanjie.cn]:
    com.unity.cloud.gltfast@6.17.0 (location: G:\maomaomao\unity\companion-cat\Library\PackageCache\com.unity.cloud.gltfast@6.17.0)
    com.unity.burst@1.8.26 (location: G:\maomaomao\unity\companion-cat\Library\PackageCache\com.unity.burst@1.8.26)
    com.unity.collections@1.2.4 (location: G:\maomaomao\unity\companion-cat\Library\PackageCache\com.unity.collections@1.2.4)
    com.unity.mathematics@1.2.6 (location: G:\maomaomao\unity\companion-cat\Library\PackageCache\com.unity.mathematics@1.2.6)
    com.unity.test-framework@1.1.33 (location: G:\maomaomao\unity\companion-cat\Library\PackageCache\com.unity.test-framework@1.1.33)
    com.unity.ext.nunit@1.0.6 (location: G:\maomaomao\unity\companion-cat\Library\PackageCache\com.unity.ext.nunit@1.0.6)
  Built-in packages:
    com.unity.modules.ai@1.0.0 (location: G:\maomaomao\unity\companion-cat\Library\PackageCache\com.unity.modules.ai@1.0.0)
    com.unity.modules.androidjni@1.0.0 (location: G:\maomaomao\unity\companion-cat\Library\PackageCache\com.unity.modules.androidjni@1.0.0)
    com.unity.modules.animation@1.0.0 (location: G:\maomaomao\unity\companion-cat\Library\PackageCache\com.unity.modules.animation@1.0.0)
    com.unity.modules.assetbundle@1.0.0 (location: G:\maomaomao\unity\companion-cat\Library\PackageCache\com.unity.modules.assetbundle@1.0.0)
    com.unity.modules.audio@1.0.0 (location: G:\maomaomao\unity\companion-cat\Library\PackageCache\com.unity.modules.audio@1.0.0)
    com.unity.modules.cloth@1.0.0 (location: G:\maomaomao\unity\companion-cat\Library\PackageCache\com.unity.modules.cloth@1.0.0)
    com.unity.modules.director@1.0.0 (location: G:\maomaomao\unity\companion-cat\Library\PackageCache\com.unity.modules.director@1.0.0)
    com.unity.modules.imageconversion@1.0.0 (location: G:\maomaomao\unity\companion-cat\Library\PackageCache\com.unity.modules.imageconversion@1.0.0)
    com.unity.modules.imgui@1.0.0 (location: G:\maomaomao\unity\companion-cat\Library\PackageCache\com.unity.modules.imgui@1.0.0)
    com.unity.modules.infinity@1.0.0 (location: G:\maomaomao\unity\companion-cat\Library\PackageCache\com.unity.modules.infinity@1.0.0)
    com.unity.modules.jsonserialize@1.0.0 (location: G:\maomaomao\unity\companion-cat\Library\PackageCache\com.unity.modules.jsonserialize@1.0.0)
    com.unity.modules.particlesystem@1.0.0 (location: G:\maomaomao\unity\companion-cat\Library\PackageCache\com.unity.modules.particlesystem@1.0.0)
    com.unity.modules.physics@1.0.0 (location: G:\maomaomao\unity\companion-cat\Library\PackageCache\com.unity.modules.physics@1.0.0)
    com.unity.modules.physics2d@1.0.0 (location: G:\maomaomao\unity\companion-cat\Library\PackageCache\com.unity.modules.physics2d@1.0.0)
    com.unity.modules.screencapture@1.0.0 (location: G:\maomaomao\unity\companion-cat\Library\PackageCache\com.unity.modules.screencapture@1.0.0)
    com.unity.modules.terrain@1.0.0 (location: G:\maomaomao\unity\companion-cat\Library\PackageCache\com.unity.modules.terrain@1.0.0)
    com.unity.modules.terrainphysics@1.0.0 (location: G:\maomaomao\unity\companion-cat\Library\PackageCache\com.unity.modules.terrainphysics@1.0.0)
    com.unity.modules.tilemap@1.0.0 (location: G:\maomaomao\unity\companion-cat\Library\PackageCache\com.unity.modules.tilemap@1.0.0)
    com.unity.modules.ui@1.0.0 (location: G:\maomaomao\unity\companion-cat\Library\PackageCache\com.unity.modules.ui@1.0.0)
    com.unity.modules.uielements@1.0.0 (location: G:\maomaomao\unity\companion-cat\Library\PackageCache\com.unity.modules.uielements@1.0.0)
    com.unity.modules.unityanalytics@1.0.0 (location: G:\maomaomao\unity\companion-cat\Library\PackageCache\com.unity.modules.unityanalytics@1.0.0)
    com.unity.modules.unitywebrequest@1.0.0 (location: G:\maomaomao\unity\companion-cat\Library\PackageCache\com.unity.modules.unitywebrequest@1.0.0)
    com.unity.modules.unitywebrequestassetbundle@1.0.0 (location: G:\maomaomao\unity\companion-cat\Library\PackageCache\com.unity.modules.unitywebrequestassetbundle@1.0.0)
    com.unity.modules.unitywebrequestaudio@1.0.0 (location: G:\maomaomao\unity\companion-cat\Library\PackageCache\com.unity.modules.unitywebrequestaudio@1.0.0)
    com.unity.modules.unitywebrequesttexture@1.0.0 (location: G:\maomaomao\unity\companion-cat\Library\PackageCache\com.unity.modules.unitywebrequesttexture@1.0.0)
    com.unity.modules.unitywebrequestwww@1.0.0 (location: G:\maomaomao\unity\companion-cat\Library\PackageCache\com.unity.modules.unitywebrequestwww@1.0.0)
    com.unity.modules.vehicles@1.0.0 (location: G:\maomaomao\unity\companion-cat\Library\PackageCache\com.unity.modules.vehicles@1.0.0)
    com.unity.modules.video@1.0.0 (location: G:\maomaomao\unity\companion-cat\Library\PackageCache\com.unity.modules.video@1.0.0)
    com.unity.modules.vr@1.0.0 (location: G:\maomaomao\unity\companion-cat\Library\PackageCache\com.unity.modules.vr@1.0.0)
    com.unity.modules.wind@1.0.0 (location: G:\maomaomao\unity\companion-cat\Library\PackageCache\com.unity.modules.wind@1.0.0)
    com.unity.modules.xr@1.0.0 (location: G:\maomaomao\unity\companion-cat\Library\PackageCache\com.unity.modules.xr@1.0.0)
    com.unity.modules.subsystems@1.0.0 (location: G:\maomaomao\unity\companion-cat\Library\PackageCache\com.unity.modules.subsystems@1.0.0)
[Subsystems] No new subsystems found in resolved package list.
Package Manager log level set to [2]
[Package Manager] Done registering packages in 0.22 seconds
[Package Manager] Done resolving packages in 0.59 seconds
[Package Manager] Registered 38 packages:
  Packages from [https://packages.tuanjie.cn]:
    com.unity.cloud.gltfast@6.17.0 (location: G:\maomaomao\unity\companion-cat\Library\PackageCache\com.unity.cloud.gltfast@6.17.0)
    com.unity.burst@1.8.26 (location: G:\maomaomao\unity\companion-cat\Library\PackageCache\com.unity.burst@1.8.26)
    com.unity.collections@1.2.4 (location: G:\maomaomao\unity\companion-cat\Library\PackageCache\com.unity.collections@1.2.4)
    com.unity.mathematics@1.2.6 (location: G:\maomaomao\unity\companion-cat\Library\PackageCache\com.unity.mathematics@1.2.6)
    com.unity.test-framework@1.1.33 (location: G:\maomaomao\unity\companion-cat\Library\PackageCache\com.unity.test-framework@1.1.33)
    com.unity.ext.nunit@1.0.6 (location: G:\maomaomao\unity\companion-cat\Library\PackageCache\com.unity.ext.nunit@1.0.6)
  Built-in packages:
    com.unity.modules.ai@1.0.0 (location: G:\maomaomao\unity\companion-cat\Library\PackageCache\com.unity.modules.ai@1.0.0)
    com.unity.modules.androidjni@1.0.0 (location: G:\maomaomao\unity\companion-cat\Library\PackageCache\com.unity.modules.androidjni@1.0.0)
    com.unity.modules.animation@1.0.0 (location: G:\maomaomao\unity\companion-cat\Library\PackageCache\com.unity.modules.animation@1.0.0)
    com.unity.modules.assetbundle@1.0.0 (location: G:\maomaomao\unity\companion-cat\Library\PackageCache\com.unity.modules.assetbundle@1.0.0)
    com.unity.modules.audio@1.0.0 (location: G:\maomaomao\unity\companion-cat\Library\PackageCache\com.unity.modules.audio@1.0.0)
    com.unity.modules.cloth@1.0.0 (location: G:\maomaomao\unity\companion-cat\Library\PackageCache\com.unity.modules.cloth@1.0.0)
    com.unity.modules.director@1.0.0 (location: G:\maomaomao\unity\companion-cat\Library\PackageCache\com.unity.modules.director@1.0.0)
    com.unity.modules.imageconversion@1.0.0 (location: G:\maomaomao\unity\companion-cat\Library\PackageCache\com.unity.modules.imageconversion@1.0.0)
    com.unity.modules.imgui@1.0.0 (location: G:\maomaomao\unity\companion-cat\Library\PackageCache\com.unity.modules.imgui@1.0.0)
    com.unity.modules.infinity@1.0.0 (location: G:\maomaomao\unity\companion-cat\Library\PackageCache\com.unity.modules.infinity@1.0.0)
    com.unity.modules.jsonserialize@1.0.0 (location: G:\maomaomao\unity\companion-cat\Library\PackageCache\com.unity.modules.jsonserialize@1.0.0)
    com.unity.modules.particlesystem@1.0.0 (location: G:\maomaomao\unity\companion-cat\Library\PackageCache\com.unity.modules.particlesystem@1.0.0)
    com.unity.modules.physics@1.0.0 (location: G:\maomaomao\unity\companion-cat\Library\PackageCache\com.unity.modules.physics@1.0.0)
    com.unity.modules.physics2d@1.0.0 (location: G:\maomaomao\unity\companion-cat\Library\PackageCache\com.unity.modules.physics2d@1.0.0)
    com.unity.modules.screencapture@1.0.0 (location: G:\maomaomao\unity\companion-cat\Library\PackageCache\com.unity.modules.screencapture@1.0.0)
    com.unity.modules.terrain@1.0.0 (location: G:\maomaomao\unity\companion-cat\Library\PackageCache\com.unity.modules.terrain@1.0.0)
    com.unity.modules.terrainphysics@1.0.0 (location: G:\maomaomao\unity\companion-cat\Library\PackageCache\com.unity.modules.terrainphysics@1.0.0)
    com.unity.modules.tilemap@1.0.0 (location: G:\maomaomao\unity\companion-cat\Library\PackageCache\com.unity.modules.tilemap@1.0.0)
    com.unity.modules.ui@1.0.0 (location: G:\maomaomao\unity\companion-cat\Library\PackageCache\com.unity.modules.ui@1.0.0)
    com.unity.modules.uielements@1.0.0 (location: G:\maomaomao\unity\companion-cat\Library\PackageCache\com.unity.modules.uielements@1.0.0)
    com.unity.modules.unityanalytics@1.0.0 (location: G:\maomaomao\unity\companion-cat\Library\PackageCache\com.unity.modules.unityanalytics@1.0.0)
    com.unity.modules.unitywebrequest@1.0.0 (location: G:\maomaomao\unity\companion-cat\Library\PackageCache\com.unity.modules.unitywebrequest@1.0.0)
    com.unity.modules.unitywebrequestassetbundle@1.0.0 (location: G:\maomaomao\unity\companion-cat\Library\PackageCache\com.unity.modules.unitywebrequestassetbundle@1.0.0)
    com.unity.modules.unitywebrequestaudio@1.0.0 (location: G:\maomaomao\unity\companion-cat\Library\PackageCache\com.unity.modules.unitywebrequestaudio@1.0.0)
    com.unity.modules.unitywebrequesttexture@1.0.0 (location: G:\maomaomao\unity\companion-cat\Library\PackageCache\com.unity.modules.unitywebrequesttexture@1.0.0)
    com.unity.modules.unitywebrequestwww@1.0.0 (location: G:\maomaomao\unity\companion-cat\Library\PackageCache\com.unity.modules.unitywebrequestwww@1.0.0)
    com.unity.modules.vehicles@1.0.0 (location: G:\maomaomao\unity\companion-cat\Library\PackageCache\com.unity.modules.vehicles@1.0.0)
    com.unity.modules.video@1.0.0 (location: G:\maomaomao\unity\companion-cat\Library\PackageCache\com.unity.modules.video@1.0.0)
    com.unity.modules.vr@1.0.0 (location: G:\maomaomao\unity\companion-cat\Library\PackageCache\com.unity.modules.vr@1.0.0)
    com.unity.modules.wind@1.0.0 (location: G:\maomaomao\unity\companion-cat\Library\PackageCache\com.unity.modules.wind@1.0.0)
    com.unity.modules.xr@1.0.0 (location: G:\maomaomao\unity\companion-cat\Library\PackageCache\com.unity.modules.xr@1.0.0)
    com.unity.modules.subsystems@1.0.0 (location: G:\maomaomao\unity\companion-cat\Library\PackageCache\com.unity.modules.subsystems@1.0.0)
[Subsystems] No new subsystems found in resolved package list.
[Package Manager] Done registering packages in 0.00 seconds
Refreshing native plugins compatible for Editor in 2.62 ms, found 0 plugins.
Preloading 0 native plugins for Editor in 0.00 ms.
Initialize engine version: 2022.3.62t8 (eaa6929bf4e5)
THR RenderingThread disabled!
[Subsystems] Discovering subsystems at path D:/Tuanjie/2022.3.62t8/Editor/Data/Resources/UnitySubsystems
[Subsystems] Discovering subsystems at path G:/maomaomao/unity/companion-cat/Assets
Forcing GfxDevice: Null
GfxDevice: creating device client; threaded=0; jobified=0
CreateRealGfxDevice: 4NullGfxDevice:
    Version:  NULL 1.0 [1.0]
    Renderer: Null Device
    Vendor:   Unity Technologies
[Licensing::Client] Successfully send message: {"AuthorizationCheck":"Yq49OFZdRlCh2Q==","messageType":"EntitlementDetailsRequest","entitlementIds":["com.unity.editor.cluster","com.unity.editor.headless"],"packageEntitlementIds":[],"includeCustomData":false} at 1779634504
[Licensing::Client] Successfully receive message: {"entitlementGroups":[{"entitlementGroupId":"F4-6FHY-5BZF-BSUA-7WFB-3YQF","entitlementGroupIdHash":"6f799ff5df1ccc813733ac3e82bd392958bed8ce","productName":"Unity Personal","productType":"TuanjieEditor","licenseType":"ULF","expiration":1779897302000,"matchedEntitlements":[{"entitlementId":"com.unity.editor.headless","isPackage":false,"count":1}]}],"responseCode":200,"responseStatus":"Found 1 entitlement groups and 0 free entitlements matching requested entitlement ids","messageType":"EntitlementDetailsResponse","authorizationCheck":"Yq49OFZdRlCh2Vcl9ySfbme19M1I"} at 1779634504
[Licensing::Client] Attempt to check time stamp (startTime: 1779634504, endTime: 1779634504)
[Licensing::Client] Successfully resolved entitlement details
Initialize mono
Mono path[0] = 'D:/Tuanjie/2022.3.62t8/Editor/Data/Managed'
Mono path[1] = 'D:/Tuanjie/2022.3.62t8/Editor/Data/MonoBleedingEdge/lib/mono/unityjit-win32'
Mono config path = 'D:/Tuanjie/2022.3.62t8/Editor/Data/MonoBleedingEdge/etc'
Using monoOptions --debugger-agent=transport=dt_socket,embedding=1,server=y,suspend=n,address=0.0.0.0:56116
Using cacheserver namespaces - metadata:defaultmetadata, artifacts:defaultartifacts
Using cacheserver namespaces - metadata:defaultmetadata, artifacts:defaultartifacts
ImportWorker Server TCP listen port: 0
Begin MonoManager ReloadAssembly
Registering precompiled tuanjie dll's ...
Register platform support module: D:/Tuanjie/2022.3.62t8/Editor/Data/PlaybackEngines/AndroidPlayer/UnityEditor.Android.Extensions.dll
Register platform support module: D:/Tuanjie/2022.3.62t8/Editor/Data/PlaybackEngines/WindowsStandaloneSupport/UnityEditor.WindowsStandalone.Extensions.dll
Registered in 0.003146 seconds.
- Loaded All Assemblies, in  0.251 seconds
Native extension for WindowsStandalone target not found
Native extension for Android target not found
Android Extension - Scanning For ADB Devices 236 ms
[Licensing::Client] Successfully send message: {"AuthorizationCheck":"Yq49OFZdRlCh2A==","messageType":"EntitlementDetailsRequest","entitlementIds":["com.unity.editor.minigame.subplatform.wechat","com.unity.editor.headless"],"packageEntitlementIds":[],"includeCustomData":false} at 1779634505
[Licensing::Client] Successfully receive message: {"entitlementGroups":[{"entitlementGroupId":"F4-6FHY-5BZF-BSUA-7WFB-3YQF","entitlementGroupIdHash":"6f799ff5df1ccc813733ac3e82bd392958bed8ce","productName":"Unity Personal","productType":"TuanjieEditor","licenseType":"ULF","expiration":1779897302000,"matchedEntitlements":[{"entitlementId":"com.unity.editor.headless","isPackage":false,"count":1},{"entitlementId":"com.unity.editor.minigame.subplatform.wechat","isPackage":false,"count":1}]}],"responseCode":200,"responseStatus":"Found 1 entitlement groups and 0 free entitlements matching requested entitlement ids","messageType":"EntitlementDetailsResponse","authorizationCheck":"Yq49OFZdRlCh2Fcl9ySfbg7a3dAs"} at 1779634505
[Licensing::Client] Attempt to check time stamp (startTime: 1779634505, endTime: 1779634505)
[Licensing::Client] Successfully resolved entitlement details
[Licensing::Client] Successfully send message: {"AuthorizationCheck":"Yq49OFZdRlCh2A==","messageType":"EntitlementDetailsRequest","entitlementIds":["com.unity.editor.minigame.subplatform.douyin","com.unity.editor.headless"],"packageEntitlementIds":[],"includeCustomData":false} at 1779634505
[Licensing::Client] Successfully receive message: {"entitlementGroups":[{"entitlementGroupId":"F4-6FHY-5BZF-BSUA-7WFB-3YQF","entitlementGroupIdHash":"6f799ff5df1ccc813733ac3e82bd392958bed8ce","productName":"Unity Personal","productType":"TuanjieEditor","licenseType":"ULF","expiration":1779897302000,"matchedEntitlements":[{"entitlementId":"com.unity.editor.headless","isPackage":false,"count":1},{"entitlementId":"com.unity.editor.minigame.subplatform.douyin","isPackage":false,"count":1}]}],"responseCode":200,"responseStatus":"Found 1 entitlement groups and 0 free entitlements matching requested entitlement ids","messageType":"EntitlementDetailsResponse","authorizationCheck":"Yq49OFZdRlCh2Fcl9ySfbg7a3dAs"} at 1779634505
[Licensing::Client] Attempt to check time stamp (startTime: 1779634505, endTime: 1779634505)
[Licensing::Client] Successfully resolved entitlement details
[Licensing::Client] Successfully send message: {"AuthorizationCheck":"Yq49OFZdRlCh2A==","messageType":"EntitlementDetailsRequest","entitlementIds":["com.unity.editor.minigame.subplatform.xiaomi","com.unity.editor.headless"],"packageEntitlementIds":[],"includeCustomData":false} at 1779634505
[Licensing::Client] Successfully receive message: {"entitlementGroups":[{"entitlementGroupId":"F4-6FHY-5BZF-BSUA-7WFB-3YQF","entitlementGroupIdHash":"6f799ff5df1ccc813733ac3e82bd392958bed8ce","productName":"Unity Personal","productType":"TuanjieEditor","licenseType":"ULF","expiration":1779897302000,"matchedEntitlements":[{"entitlementId":"com.unity.editor.headless","isPackage":false,"count":1},{"entitlementId":"com.unity.editor.minigame.subplatform.xiaomi","isPackage":false,"count":1}]}],"responseCode":200,"responseStatus":"Found 1 entitlement groups and 0 free entitlements matching requested entitlement ids","messageType":"EntitlementDetailsResponse","authorizationCheck":"Yq49OFZdRlCh2Fcl9ySfbg7a3dAs"} at 1779634505
[Licensing::Client] Attempt to check time stamp (startTime: 1779634505, endTime: 1779634505)
[Licensing::Client] Successfully resolved entitlement details
[Licensing::Client] Successfully send message: {"AuthorizationCheck":"Yq49OFZdRlCh2A==","messageType":"EntitlementDetailsRequest","entitlementIds":["com.unity.editor.minigame.subplatform.kuaishou","com.unity.editor.headless"],"packageEntitlementIds":[],"includeCustomData":false} at 1779634505
[Licensing::Client] Successfully receive message: {"entitlementGroups":[{"entitlementGroupId":"F4-6FHY-5BZF-BSUA-7WFB-3YQF","entitlementGroupIdHash":"6f799ff5df1ccc813733ac3e82bd392958bed8ce","productName":"Unity Personal","productType":"TuanjieEditor","licenseType":"ULF","expiration":1779897302000,"matchedEntitlements":[{"entitlementId":"com.unity.editor.headless","isPackage":false,"count":1},{"entitlementId":"com.unity.editor.minigame.subplatform.kuaishou","isPackage":false,"count":1}]}],"responseCode":200,"responseStatus":"Found 1 entitlement groups and 0 free entitlements matching requested entitlement ids","messageType":"EntitlementDetailsResponse","authorizationCheck":"Yq49OFZdRlCh2Fcl9ySfbg7a3dAs"} at 1779634505
[Licensing::Client] Attempt to check time stamp (startTime: 1779634505, endTime: 1779634505)
[Licensing::Client] Successfully resolved entitlement details
[Licensing::Client] Successfully send message: {"AuthorizationCheck":"Yq49OFZdRlCh2A==","messageType":"EntitlementDetailsRequest","entitlementIds":["com.unity.editor.minigame.subplatform.taptap","com.unity.editor.headless"],"packageEntitlementIds":[],"includeCustomData":false} at 1779634505
[Licensing::Client] Successfully receive message: {"entitlementGroups":[{"entitlementGroupId":"F4-6FHY-5BZF-BSUA-7WFB-3YQF","entitlementGroupIdHash":"6f799ff5df1ccc813733ac3e82bd392958bed8ce","productName":"Unity Personal","productType":"TuanjieEditor","licenseType":"ULF","expiration":1779897302000,"matchedEntitlements":[{"entitlementId":"com.unity.editor.headless","isPackage":false,"count":1},{"entitlementId":"com.unity.editor.minigame.subplatform.taptap","isPackage":false,"count":1}]}],"responseCode":200,"responseStatus":"Found 1 entitlement groups and 0 free entitlements matching requested entitlement ids","messageType":"EntitlementDetailsResponse","authorizationCheck":"Yq49OFZdRlCh2Fcl9ySfbg7a3dAs"} at 1779634505
[Licensing::Client] Attempt to check time stamp (startTime: 1779634505, endTime: 1779634505)
[Licensing::Client] Successfully resolved entitlement details
[Licensing::Client] Successfully send message: {"AuthorizationCheck":"Yq49OFZdRlCh2A==","messageType":"EntitlementDetailsRequest","entitlementIds":["com.unity.editor.minigame.subplatform.metaapp233","com.unity.editor.headless"],"packageEntitlementIds":[],"includeCustomData":false} at 1779634505
[Licensing::Client] Successfully receive message: {"entitlementGroups":[{"entitlementGroupId":"F4-6FHY-5BZF-BSUA-7WFB-3YQF","entitlementGroupIdHash":"6f799ff5df1ccc813733ac3e82bd392958bed8ce","productName":"Unity Personal","productType":"TuanjieEditor","licenseType":"ULF","expiration":1779897302000,"matchedEntitlements":[{"entitlementId":"com.unity.editor.headless","isPackage":false,"count":1},{"entitlementId":"com.unity.editor.minigame.subplatform.metaapp233","isPackage":false,"count":1}]}],"responseCode":200,"responseStatus":"Found 1 entitlement groups and 0 free entitlements matching requested entitlement ids","messageType":"EntitlementDetailsResponse","authorizationCheck":"Yq49OFZdRlCh2Fcl9ySfbg7a3dAs"} at 1779634505
[Licensing::Client] Attempt to check time stamp (startTime: 1779634505, endTime: 1779634505)
[Licensing::Client] Successfully resolved entitlement details
[Licensing::Client] Successfully send message: {"AuthorizationCheck":"Yq49OFZdRlCh2A==","messageType":"EntitlementDetailsRequest","entitlementIds":["com.unity.editor.minigame.subplatform.minihost","com.unity.editor.headless"],"packageEntitlementIds":[],"includeCustomData":false} at 1779634505
[Licensing::Client] Successfully receive message: {"entitlementGroups":[{"entitlementGroupId":"F4-6FHY-5BZF-BSUA-7WFB-3YQF","entitlementGroupIdHash":"6f799ff5df1ccc813733ac3e82bd392958bed8ce","productName":"Unity Personal","productType":"TuanjieEditor","licenseType":"ULF","expiration":1779897302000,"matchedEntitlements":[{"entitlementId":"com.unity.editor.headless","isPackage":false,"count":1},{"entitlementId":"com.unity.editor.minigame.subplatform.minihost","isPackage":false,"count":1}]}],"responseCode":200,"responseStatus":"Found 1 entitlement groups and 0 free entitlements matching requested entitlement ids","messageType":"EntitlementDetailsResponse","authorizationCheck":"Yq49OFZdRlCh2Fcl9ySfbg7a3dAs"} at 1779634505
[Licensing::Client] Attempt to check time stamp (startTime: 1779634505, endTime: 1779634505)
[Licensing::Client] Successfully resolved entitlement details
Mono: successfully reloaded assembly
- Finished resetting the current domain, in  0.604 seconds
Domain Reload Profiling: 855ms
	BeginReloadAssembly (78ms)
		ExecutionOrderSort (0ms)
		DisableScriptedObjects (0ms)
		BackupInstance (0ms)
		ReleaseScriptingObjects (0ms)
		CreateAndSetChildDomain (1ms)
	RebuildCommonClasses (25ms)
	RebuildNativeTypeToScriptingClass (10ms)
	initialDomainReloadingComplete (35ms)
	LoadAllAssembliesAndSetupDomain (103ms)
		LoadAssemblies (78ms)
		RebuildTransferFunctionScriptingTraits (0ms)
		AnalyzeDomain (101ms)
			TypeCache.Refresh (100ms)
				TypeCache.ScanAssembly (91ms)
			ScanForSourceGeneratedMonoScriptInfo (0ms)
			ResolveRequiredComponents (0ms)
	FinalizeReload (604ms)
		ReleaseScriptCaches (0ms)
		RebuildScriptCaches (0ms)
		SetupLoadedEditorAssemblies (570ms)
			LogAssemblyErrors (0ms)
			InitializePlatformSupportModulesInManaged (291ms)
			SetLoadedEditorAssemblies (3ms)
			RefreshPlugins (0ms)
			BeforeProcessingInitializeOnLoad (1ms)
			ProcessInitializeOnLoadAttributes (259ms)
			ProcessInitializeOnLoadMethodAttributes (16ms)
			AfterProcessingInitializeOnLoad (0ms)
			EditorAssembliesLoaded (0ms)
		ExecutionOrderSort2 (0ms)
		AwakeInstancesAfterBackupRestoration (0ms)
Application.AssetDatabase Initial Refresh Start
[ScriptCompilation] Requested script compilation because: Assetdatabase observed changes in script compilation related files
info: Microsoft.Hosting.Lifetime[14]
      Now listening on: http://localhost:80
info: Microsoft.Hosting.Lifetime[0]
      Application started. Press Ctrl+C to shut down.
info: Microsoft.Hosting.Lifetime[0]
      Hosting environment: Production
info: Microsoft.Hosting.Lifetime[0]
      Content root path: G:\maomaomao\unity\companion-cat\
info: Microsoft.AspNetCore.Hosting.Diagnostics[1]
      Request starting HTTP/2 POST http://ilpp/UnityILPP.PostProcessing/Ping application/grpc -
info: Microsoft.AspNetCore.Routing.EndpointMiddleware[0]
      Executing endpoint 'gRPC - /UnityILPP.PostProcessing/Ping'
info: Microsoft.AspNetCore.Routing.EndpointMiddleware[1]
      Executed endpoint 'gRPC - /UnityILPP.PostProcessing/Ping'
info: Microsoft.AspNetCore.Hosting.Diagnostics[2]
      Request finished HTTP/2 POST http://ilpp/UnityILPP.PostProcessing/Ping application/grpc - - 200 - application/grpc 29.6378ms
Starting: D:\Tuanjie\2022.3.62t8\Editor\Data\bee_backend.exe --dont-print-to-structured-log --ipc --defer-dag-verification --dagfile="Library/Bee/1900b0aE.dag" --continue-on-failure --profile="Library/Bee/backend1.traceevents" ScriptAssemblies
WorkingDir: G:/maomaomao/unity/companion-cat
DisplayProgressbar: Compiling Scripts
info: Microsoft.AspNetCore.Hosting.Diagnostics[1]
      Request starting HTTP/2 POST http://ilpp/UnityILPP.PostProcessing/ConfigurePostProcessors application/grpc -
info: Microsoft.AspNetCore.Routing.EndpointMiddleware[0]
      Executing endpoint 'gRPC - /UnityILPP.PostProcessing/ConfigurePostProcessors'
warn: Unity.ILPP.Runner.PostProcessingAssemblyLoadContext[0]
      Assembly system.runtime.interopservices.windowsruntime has duplicate hint path. Ignoring "D:\Tuanjie\2022.3.62t8\Editor\Data\TuanjieReferenceAssemblies\tuanjie-4.8-api\Facades\System.Runtime.InteropServices.WindowsRuntime.dll" in favor of "D:\Tuanjie\2022.3.62t8\Editor\Data\NetStandard\Extensions\2.0.0\System.Runtime.InteropServices.WindowsRuntime.dll"
warn: Unity.ILPP.Runner.PostProcessingAssemblyLoadContext[0]
      Assembly system.componentmodel.composition has duplicate hint path. Ignoring "D:\Tuanjie\2022.3.62t8\Editor\Data\TuanjieReferenceAssemblies\tuanjie-4.8-api\System.ComponentModel.Composition.dll" in favor of "D:\Tuanjie\2022.3.62t8\Editor\Data\NetStandard\compat\2.1.0\shims\netfx\System.ComponentModel.Composition.dll"
info: Unity.ILPP.Runner.PostProcessingAssemblyLoadContext[0]
      Resolved Unity.Burst.Cecil, Version=0.11.4.0, Culture=neutral, PublicKeyToken=50cebf1cceb9d05e with Library\PackageCache\com.unity.burst@1.8.26\Unity.Burst.CodeGen\Unity.Burst.Cecil.dll
info: Microsoft.AspNetCore.Routing.EndpointMiddleware[1]
      Executed endpoint 'gRPC - /UnityILPP.PostProcessing/ConfigurePostProcessors'
info: Microsoft.AspNetCore.Hosting.Diagnostics[2]
      Request finished HTTP/2 POST http://ilpp/UnityILPP.PostProcessing/ConfigurePostProcessors application/grpc - - 200 - application/grpc 23.2029ms
info: Microsoft.AspNetCore.Hosting.Diagnostics[1]
      Request starting HTTP/2 POST http://ilpp/UnityILPP.PostProcessing/PostProcessAssembly application/grpc -
info: Microsoft.AspNetCore.Routing.EndpointMiddleware[0]
      Executing endpoint 'gRPC - /UnityILPP.PostProcessing/PostProcessAssembly'
info: Unity.ILPP.Runner.PostProcessingPipeline[0]
      Processing assembly Library/Bee/artifacts/1900b0aE.dag/Assembly-CSharp-Editor.dll, with 137 defines and 238 references
info: Unity.ILPP.Runner.PostProcessingPipeline[0]
      processors: zzzUnity.Burst.CodeGen.BurstILPostProcessor
info: Unity.ILPP.Runner.PostProcessingPipeline[0]
      running zzzUnity.Burst.CodeGen.BurstILPostProcessor
info: Unity.ILPP.Runner.PostProcessingAssemblyLoadContext[0]
      Resolved Unity.Burst.Cecil.Rocks, Version=0.11.4.0, Culture=neutral, PublicKeyToken=50cebf1cceb9d05e with Library\PackageCache\com.unity.burst@1.8.26\Unity.Burst.CodeGen\Unity.Burst.Cecil.Rocks.dll
info: Microsoft.AspNetCore.Routing.EndpointMiddleware[1]
      Executed endpoint 'gRPC - /UnityILPP.PostProcessing/PostProcessAssembly'
info: Microsoft.AspNetCore.Hosting.Diagnostics[2]
      Request finished HTTP/2 POST http://ilpp/UnityILPP.PostProcessing/PostProcessAssembly application/grpc - - 200 - application/grpc 127.3864ms
ExitCode: 0 Duration: 0s442ms
[244/291    0s] ILPP-Configuration Library/ilpp-configuration.nevergeneratedoutput
[287/291    0s] Csc Library/Bee/artifacts/1900b0aE.dag/Assembly-CSharp-Editor.dll (+2 others)
[288/291    0s] ILPostProcess Library/Bee/artifacts/1900b0aE.dag/post-processed/Assembly-CSharp-Editor.dll (+pdb)
Processing assembly Library/Bee/artifacts/1900b0aE.dag/Assembly-CSharp-Editor.dll, with 137 defines and 238 references

processors: zzzUnity.Burst.CodeGen.BurstILPostProcessor

running zzzUnity.Burst.CodeGen.BurstILPostProcessor
[289/291    0s] CopyFiles Library/ScriptAssemblies/Assembly-CSharp-Editor.pdb
[290/291    0s] CopyFiles Library/ScriptAssemblies/Assembly-CSharp-Editor.dll
*** Tundra build success (0.41 seconds), 5 items updated, 291 evaluated
AssetDatabase: script compilation time: 0.822336s
Begin MonoManager ReloadAssembly
Total cache size 54342984
Total cache size after purge 54342984
- Loaded All Assemblies, in  0.280 seconds
Refreshing native plugins compatible for Editor in 0.99 ms, found 0 plugins.
Preloading 0 native plugins for Editor in 0.00 ms.
Start importing Assets/Editor/CompanionCatAndroidExporter.cs using Guid(2305fb3de1b8720418c6321b02e993cd) Importer(Primary)  -> (artifact id: '50f698efe2d19d9443294c9ace9a83f3') in 0.005694 seconds
Refreshing native plugins compatible for Editor in 0.96 ms, found 0 plugins.
Native extension for WindowsStandalone target not found
Native extension for Android target not found
Mono: successfully reloaded assembly
- Finished resetting the current domain, in  1.440 seconds
Domain Reload Profiling: 1719ms
	BeginReloadAssembly (115ms)
		ExecutionOrderSort (0ms)
		DisableScriptedObjects (4ms)
		BackupInstance (0ms)
		ReleaseScriptingObjects (0ms)
		CreateAndSetChildDomain (25ms)
	RebuildCommonClasses (25ms)
	RebuildNativeTypeToScriptingClass (9ms)
	initialDomainReloadingComplete (16ms)
	LoadAllAssembliesAndSetupDomain (115ms)
		LoadAssemblies (146ms)
		RebuildTransferFunctionScriptingTraits (0ms)
		AnalyzeDomain (33ms)
			TypeCache.Refresh (27ms)
				TypeCache.ScanAssembly (21ms)
			ScanForSourceGeneratedMonoScriptInfo (5ms)
			ResolveRequiredComponents (1ms)
	FinalizeReload (1440ms)
		ReleaseScriptCaches (0ms)
		RebuildScriptCaches (0ms)
		SetupLoadedEditorAssemblies (1329ms)
			LogAssemblyErrors (0ms)
			InitializePlatformSupportModulesInManaged (12ms)
			SetLoadedEditorAssemblies (3ms)
			RefreshPlugins (0ms)
			BeforeProcessingInitializeOnLoad (29ms)
			ProcessInitializeOnLoadAttributes (1253ms)
			ProcessInitializeOnLoadMethodAttributes (31ms)
			AfterProcessingInitializeOnLoad (2ms)
			EditorAssembliesLoaded (0ms)
		ExecutionOrderSort2 (0ms)
		AwakeInstancesAfterBackupRestoration (38ms)
Refreshing native plugins compatible for Editor in 1.11 ms, found 0 plugins.
Preloading 0 native plugins for Editor in 0.00 ms.
Asset Pipeline Refresh (id=0a4e6903972fea14b988ab5c215e84f0): Total: 2.851 seconds - Initiated by InitialRefreshV2(ForceSynchronousImport)
	Summary:
		Imports: total=1 (actual=1, local cache=0, cache server=0)
		Asset DB Process Time: managed=2 ms, native=247 ms
		Asset DB Callback time: managed=29 ms, native=4 ms
		Scripting: domain reloads=1, domain reload time=1735 ms, compile time=824 ms, other=8 ms
		Project Asset Count: scripts=1154, non-scripts=129
		Asset File Changes: new=0, changed=1, moved=0, deleted=1
		Scan Filter Count: 0
		OnDemandAssets Count:0
	InvokeBeforeRefreshCallbacks: 0.320ms
	ApplyChangesToAssetFolders: 0.039ms
	Scan: 20.089ms
	OnSourceAssetsModified: 1.526ms
	UnregisterDeletedAssets: 0.003ms
	GetAllGuidsForCategorization: 0.157ms
	CategorizeAssets: 10.793ms
	ImportOutOfDateAssets: 1457.475ms (620.152ms without children)
		ImportManagerImport: 7.081ms (1.155ms without children)
			ImportInProcess: 5.910ms
			UpdateCategorizedAssets: 0.015ms
		CompileScripts: 823.805ms
		ReloadNativeAssets: 0.001ms
		UnloadImportedAssets: 5.743ms
		ReloadImportedAssets: 0.155ms
		EnsureUptoDateAssetsAreRegisteredWithGuidPM: 0.202ms
		InitializingProgressBar: 0.000ms
		PostProcessAllAssetNotificationsAddChangedAssets: 0.001ms
		OnDemandSchedulerStart: 0.336ms
	PostProcessAllAssets: 30.142ms
	Hotreload: 2.059ms
	GatherAllCurrentPrimaryArtifactRevisions: 0.000ms
	UnloadStreamsBegin: 0.204ms
	PersistCurrentRevisions: 0.198ms
	UnloadStreamsEnd: 0.008ms
	GenerateScriptTypeHashes: 0.420ms
	Untracked: 1328.089ms
Application.AssetDatabase Initial Refresh End
Scanning for USB devices : 8.421ms
Initializing Tuanjie extensions:
Start importing Library/Resources using Guid(e9c719008dc1eb84c850737d87146277) Importer(Primary)  -> (artifact id: 'ac868eeefc7f12fd4764a9733125c5d8') in 0.000758 seconds
Refreshing native plugins compatible for Editor in 1.11 ms, found 0 plugins.
Preloading 0 native plugins for Editor in 0.00 ms.
Asset Pipeline Refresh (id=84a117376163e554bbd7495d6ecca725): Total: 0.019 seconds - Initiated by StopAssetImportingV2(NoUpdateAssetOptions)
[Licensing::Client] Successfully send message: {"AuthorizationCheck":"Enen7D5Sm1xmPA==","messageType":"ProductNameRequest","Value":"com.Maomaomao.Companion-Cat"} at 1779634508
[Licensing::Client] Successfully receive message: {"responseCode":200,"messageType":"ProductNameResponse"} at 1779634508
[Licensing::Client] Error: ProductNameResponse could not be deserialized
[MODES] ModeService[none].Initialize
[MODES] ModeService[none].LoadModes
[MODES] Loading mode Default (0) for mode-current-id-Companion Cat
Unloading 3 Unused Serialized files (Serialized files now loaded: 0)
Unloading 47 unused Assets / (1.3 MB). Loaded Objects now: 1477.
Memory consumption went from 91.4 MB to 90.1 MB.
Total: 3.900600 ms (FindLiveObjects: 0.098900 ms CreateObjectMapping: 0.030100 ms MarkObjects: 3.224900 ms  DeleteObjects: 0.545500 ms)

Starting Unity Android Gradle export to: G:\maomaomao\unity-export
UnityEngine.StackTraceUtility:ExtractStackTrace ()
UnityEngine.DebugLogHandler:LogFormat (UnityEngine.LogType,UnityEngine.Object,string,object[])
UnityEngine.Logger:Log (UnityEngine.LogType,object)
UnityEngine.Debug:Log (object)
Maomaomao.CompanionCat.EditorTools.CompanionCatAndroidExporter:ExportAndroidGradleProject () (at Assets/Editor/CompanionCatAndroidExporter.cs:46)

(Filename: Assets/Editor/CompanionCatAndroidExporter.cs Line: 46)

[Licensing::Client] Successfully send message: {"AuthorizationCheck":"Yq49OFZdRlCh1A==","messageType":"EntitlementDetailsRequest","entitlementIds":["com.unity.editor","com.unity.editor.headless"],"packageEntitlementIds":[],"includeCustomData":false} at 1779634509
[Licensing::Client] Successfully receive message: {"entitlementGroups":[{"entitlementGroupId":"F4-6FHY-5BZF-BSUA-7WFB-3YQF","entitlementGroupIdHash":"6f799ff5df1ccc813733ac3e82bd392958bed8ce","productName":"Unity Personal","productType":"TuanjieEditor","licenseType":"ULF","expiration":1779897302000,"matchedEntitlements":[{"entitlementId":"com.unity.editor","isPackage":false,"count":1},{"entitlementId":"com.unity.editor.headless","isPackage":false,"count":1}]}],"responseCode":200,"responseStatus":"Found 1 entitlement groups and 0 free entitlements matching requested entitlement ids","messageType":"EntitlementDetailsResponse","authorizationCheck":"Yq49OFZdRlCh1Fcl9ySfbu16phOo"} at 1779634509
[Licensing::Client] Attempt to check time stamp (startTime: 1779634509, endTime: 1779634509)
[Licensing::Client] Successfully resolved entitlement details
Start importing ProjectSettings/ProjectSettings.asset using Guid(00000000000000004000000000000000) Importer(Primary)  -> (artifact id: '1bc6274af9b412eebcee872f99671f55') in 0.002622 seconds
Refreshing native plugins compatible for Editor in 1.01 ms, found 0 plugins.
Preloading 0 native plugins for Editor in 0.00 ms.
Asset Pipeline Refresh (id=554d341de7b491f43a6e718d8efb06f7): Total: 0.011 seconds - Initiated by StopAssetImportingV2(NoUpdateAssetOptions)
[Licensing::Client] Successfully send message: {"AuthorizationCheck":"Yq49OFZdRlCh1A==","messageType":"EntitlementDetailsRequest","entitlementIds":["com.unity.editor","com.unity.editor.headless"],"packageEntitlementIds":[],"includeCustomData":false} at 1779634509
[Licensing::Client] Successfully receive message: {"entitlementGroups":[{"entitlementGroupId":"F4-6FHY-5BZF-BSUA-7WFB-3YQF","entitlementGroupIdHash":"6f799ff5df1ccc813733ac3e82bd392958bed8ce","productName":"Unity Personal","productType":"TuanjieEditor","licenseType":"ULF","expiration":1779897302000,"matchedEntitlements":[{"entitlementId":"com.unity.editor","isPackage":false,"count":1},{"entitlementId":"com.unity.editor.headless","isPackage":false,"count":1}]}],"responseCode":200,"responseStatus":"Found 1 entitlement groups and 0 free entitlements matching requested entitlement ids","messageType":"EntitlementDetailsResponse","authorizationCheck":"Yq49OFZdRlCh1Fcl9ySfbu16phOo"} at 1779634509
[Licensing::Client] Attempt to check time stamp (startTime: 1779634509, endTime: 1779634509)
[Licensing::Client] Successfully resolved entitlement details
DisplayProgressbar: Checking prerequisites
Android PostProcess task "Checking prerequisites" took 14.3059 ms
DisplayProgressbar: Detect Java Development Kit (JDK)
Android PostProcess task "Detect Java Development Kit (JDK)" took 152.8332 ms
DisplayProgressbar: Detecting Android SDK
AndroidSDKTools:

	root          : D:\Tuanjie\2022.3.62t8\Editor\Data\PlaybackEngines\AndroidPlayer\SDK
	cmdline-tools : D:\Tuanjie\2022.3.62t8\Editor\Data\PlaybackEngines\AndroidPlayer\SDK\cmdline-tools\latest
	platform-tools: D:\Tuanjie\2022.3.62t8\Editor\Data\PlaybackEngines\AndroidPlayer\SDK\platform-tools
	build-tools   : D:\Tuanjie\2022.3.62t8\Editor\Data\PlaybackEngines\AndroidPlayer\SDK\build-tools\34.0.0

	adb           : D:\Tuanjie\2022.3.62t8\Editor\Data\PlaybackEngines\AndroidPlayer\SDK\platform-tools\adb.exe

Android PostProcess task "Detecting Android SDK" took 2701.3878 ms
DisplayProgressbar: Detect Android NDK
Android PostProcess task "Detect Android NDK" took 1.5368 ms
Android PostProcess task "Trying to find a suitable Android device" took 0.2826 ms
DisplayProgressbar: Checking Graphics API compatibility
Android PostProcess task "Checking Graphics API compatibility" took 0.6931 ms
DisplayProgressbar: Check resources
Android PostProcess task "Check resources" took 0.1596 ms
DisplayProgressbar: Check Android Player Settings
Android PostProcess task "Check Android Player Settings" took 0.1407 ms
Launched and connected shader compiler TuanjieShaderCompiler.exe after 0.04 seconds
info: Microsoft.AspNetCore.Hosting.Diagnostics[1]
      Request starting HTTP/2 POST http://ilpp/UnityILPP.PostProcessing/Ping application/grpc -
info: Microsoft.AspNetCore.Routing.EndpointMiddleware[0]
      Executing endpoint 'gRPC - /UnityILPP.PostProcessing/Ping'
info: Microsoft.AspNetCore.Routing.EndpointMiddleware[1]
      Executed endpoint 'gRPC - /UnityILPP.PostProcessing/Ping'
info: Microsoft.AspNetCore.Hosting.Diagnostics[2]
      Request finished HTTP/2 POST http://ilpp/UnityILPP.PostProcessing/Ping application/grpc - - 200 - application/grpc 0.4122ms
Starting: D:\Tuanjie\2022.3.62t8\Editor\Data\bee_backend.exe --dont-print-to-structured-log --ipc --defer-dag-verification --dagfile="Library/Bee/1900b0aESkipCompile.dag" --continue-on-failure --profile="Library/Bee/backend1.traceevents" ScriptAssembliesAndTypeDB
WorkingDir: G:/maomaomao/unity/companion-cat
ExitCode: 4 Duration: 0s27ms
[             ] Require frontend run.  Library/Bee/1900b0aESkipCompile.dag couldn't be loaded
DisplayProgressbar: Compiling Scripts
Starting: D:\Tuanjie\2022.3.62t8\Editor\Data\Tools\netcorerun\netcorerun.exe "D:\Tuanjie\2022.3.62t8\Editor\Data\Tools\BuildPipeline\ScriptCompilationBuildProgram.exe" "Library/Bee/1900b0aESkipCompile.dag.json" "Library/Bee/1900b0aESkipCompile-inputdata.json" "Library\Bee\buildprogram0.traceevents"
WorkingDir: G:/maomaomao/unity/companion-cat
ExitCode: 0 Duration: 0s167ms
Starting: D:\Tuanjie\2022.3.62t8\Editor\Data\bee_backend.exe --dont-print-to-structured-log --ipc --defer-dag-verification --dagfile="Library/Bee/1900b0aESkipCompile.dag" --continue-on-failure --dagfilejson="Library\Bee\1900b0aESkipCompile.dag.json" --profile="Library/Bee/backend2.traceevents" ScriptAssembliesAndTypeDB
WorkingDir: G:/maomaomao/unity/companion-cat
ExitCode: 0 Duration: 0s382ms
Finished compiling graph: 4 nodes, 5 flattened edges (5 ToBuild, 0 ToUse), maximum node priority 3
[2/3        0s] BuildPlayerDataGenerator Library/BuildPlayerData/Editor/TypeDb-All.json
*** Tundra build success (0.36 seconds), 1 items updated, 3 evaluated
Asset Pipeline Refresh (id=063aeab21d1b0b14eb38a6aa2be1c364): Total: 0.032 seconds - Initiated by RefreshV2(NoUpdateAssetOptions)
[ScriptCompilation] Requested script compilation because: Recompiling scripts for player build.
BuildPlayer: start building target 13
info: Microsoft.AspNetCore.Hosting.Diagnostics[1]
      Request starting HTTP/2 POST http://ilpp/UnityILPP.PostProcessing/Ping application/grpc -
info: Microsoft.AspNetCore.Routing.EndpointMiddleware[0]
      Executing endpoint 'gRPC - /UnityILPP.PostProcessing/Ping'
info: Microsoft.AspNetCore.Routing.EndpointMiddleware[1]
      Executed endpoint 'gRPC - /UnityILPP.PostProcessing/Ping'
info: Microsoft.AspNetCore.Hosting.Diagnostics[2]
      Request finished HTTP/2 POST http://ilpp/UnityILPP.PostProcessing/Ping application/grpc - - 200 - application/grpc 0.2534ms
Starting: D:\Tuanjie\2022.3.62t8\Editor\Data\bee_backend.exe --dont-print-to-structured-log --ipc --defer-dag-verification --dagfile="Library/Bee/1300b0aP.dag" --continue-on-failure --profile="Library/Bee/backend1.traceevents" ScriptAssembliesAndTypeDB
WorkingDir: G:/maomaomao/unity/companion-cat
ExitCode: 4 Duration: 0s22ms
[             ] Require frontend run.  Library/Bee/1300b0aP.dag couldn't be loaded
Starting: D:\Tuanjie\2022.3.62t8\Editor\Data\Tools\netcorerun\netcorerun.exe "D:\Tuanjie\2022.3.62t8\Editor\Data\Tools\BuildPipeline\ScriptCompilationBuildProgram.exe" "Library/Bee/1300b0aP.dag.json" "Library/Bee/1300b0aP-inputdata.json" "Library\Bee\buildprogram0.traceevents"
WorkingDir: G:/maomaomao/unity/companion-cat
Total cache size 54342984
Total cache size after purge 54342984
ExitCode: 0 Duration: 0s227ms
Starting: D:\Tuanjie\2022.3.62t8\Editor\Data\bee_backend.exe --dont-print-to-structured-log --ipc --defer-dag-verification --dagfile="Library/Bee/1300b0aP.dag" --continue-on-failure --dagfilejson="Library\Bee\1300b0aP.dag.json" --profile="Library/Bee/backend2.traceevents" ScriptAssembliesAndTypeDB
WorkingDir: G:/maomaomao/unity/companion-cat
info: Microsoft.AspNetCore.Hosting.Diagnostics[1]
      Request starting HTTP/2 POST http://ilpp/UnityILPP.PostProcessing/ConfigurePostProcessors application/grpc -
info: Microsoft.AspNetCore.Routing.EndpointMiddleware[0]
      Executing endpoint 'gRPC - /UnityILPP.PostProcessing/ConfigurePostProcessors'
info: Unity.ILPP.Runner.PostProcessingAssemblyLoadContext[0]
      ALC ILPP context 1 is unloading
warn: Unity.ILPP.Runner.PostProcessingAssemblyLoadContext[0]
      Assembly system.runtime.interopservices.windowsruntime has duplicate hint path. Ignoring "D:\Tuanjie\2022.3.62t8\Editor\Data\TuanjieReferenceAssemblies\tuanjie-4.8-api\Facades\System.Runtime.InteropServices.WindowsRuntime.dll" in favor of "D:\Tuanjie\2022.3.62t8\Editor\Data\NetStandard\Extensions\2.0.0\System.Runtime.InteropServices.WindowsRuntime.dll"
warn: Unity.ILPP.Runner.PostProcessingAssemblyLoadContext[0]
      Assembly system.componentmodel.composition has duplicate hint path. Ignoring "D:\Tuanjie\2022.3.62t8\Editor\Data\TuanjieReferenceAssemblies\tuanjie-4.8-api\System.ComponentModel.Composition.dll" in favor of "D:\Tuanjie\2022.3.62t8\Editor\Data\NetStandard\compat\2.1.0\shims\netfx\System.ComponentModel.Composition.dll"
info: Unity.ILPP.Runner.PostProcessingAssemblyLoadContext[0]
      Resolved Unity.Burst.Cecil, Version=0.11.4.0, Culture=neutral, PublicKeyToken=50cebf1cceb9d05e with Library\PackageCache\com.unity.burst@1.8.26\Unity.Burst.CodeGen\Unity.Burst.Cecil.dll
info: Microsoft.AspNetCore.Routing.EndpointMiddleware[1]
      Executed endpoint 'gRPC - /UnityILPP.PostProcessing/ConfigurePostProcessors'
info: Microsoft.AspNetCore.Hosting.Diagnostics[2]
      Request finished HTTP/2 POST http://ilpp/UnityILPP.PostProcessing/ConfigurePostProcessors application/grpc - - 200 - application/grpc 4.4138ms
info: Microsoft.AspNetCore.Hosting.Diagnostics[1]
      Request starting HTTP/2 POST http://ilpp/UnityILPP.PostProcessing/PostProcessAssembly application/grpc -
info: Microsoft.AspNetCore.Routing.EndpointMiddleware[0]
      Executing endpoint 'gRPC - /UnityILPP.PostProcessing/PostProcessAssembly'
info: Unity.ILPP.Runner.PostProcessingPipeline[0]
      Processing assembly Library/Bee/artifacts/1300b0aP.dag/Unity.Burst.dll, with 128 defines and 189 references
info: Unity.ILPP.Runner.PostProcessingPipeline[0]
      processors: zzzUnity.Burst.CodeGen.BurstILPostProcessor
info: Unity.ILPP.Runner.PostProcessingPipeline[0]
      running zzzUnity.Burst.CodeGen.BurstILPostProcessor
info: Unity.ILPP.Runner.PostProcessingAssemblyLoadContext[0]
      Resolved Unity.Burst.Cecil.Rocks, Version=0.11.4.0, Culture=neutral, PublicKeyToken=50cebf1cceb9d05e with Library\PackageCache\com.unity.burst@1.8.26\Unity.Burst.CodeGen\Unity.Burst.Cecil.Rocks.dll
info: Microsoft.AspNetCore.Hosting.Diagnostics[1]
      Request starting HTTP/2 POST http://ilpp/UnityILPP.PostProcessing/PostProcessAssembly application/grpc -
info: Microsoft.AspNetCore.Routing.EndpointMiddleware[0]
      Executing endpoint 'gRPC - /UnityILPP.PostProcessing/PostProcessAssembly'
info: Unity.ILPP.Runner.PostProcessingPipeline[0]
      Processing assembly Library/Bee/artifacts/1300b0aP.dag/Unity.Mathematics.dll, with 128 defines and 189 references
info: Unity.ILPP.Runner.PostProcessingPipeline[0]
      processors: zzzUnity.Burst.CodeGen.BurstILPostProcessor
info: Unity.ILPP.Runner.PostProcessingPipeline[0]
      running zzzUnity.Burst.CodeGen.BurstILPostProcessor
info: Microsoft.AspNetCore.Routing.EndpointMiddleware[1]
      Executed endpoint 'gRPC - /UnityILPP.PostProcessing/PostProcessAssembly'
info: Microsoft.AspNetCore.Hosting.Diagnostics[2]
      Request finished HTTP/2 POST http://ilpp/UnityILPP.PostProcessing/PostProcessAssembly application/grpc - - 200 - application/grpc 4.2944ms
info: Microsoft.AspNetCore.Routing.EndpointMiddleware[1]
      Executed endpoint 'gRPC - /UnityILPP.PostProcessing/PostProcessAssembly'
info: Microsoft.AspNetCore.Hosting.Diagnostics[2]
      Request finished HTTP/2 POST http://ilpp/UnityILPP.PostProcessing/PostProcessAssembly application/grpc - - 200 - application/grpc 344.5248ms
info: Microsoft.AspNetCore.Hosting.Diagnostics[1]
      Request starting HTTP/2 POST http://ilpp/UnityILPP.PostProcessing/PostProcessAssembly application/grpc -
info: Microsoft.AspNetCore.Routing.EndpointMiddleware[0]
      Executing endpoint 'gRPC - /UnityILPP.PostProcessing/PostProcessAssembly'
info: Unity.ILPP.Runner.PostProcessingPipeline[0]
      Processing assembly Library/Bee/artifacts/1300b0aP.dag/Unity.Collections.dll, with 128 defines and 191 references
info: Unity.ILPP.Runner.PostProcessingPipeline[0]
      processors: zzzUnity.Burst.CodeGen.BurstILPostProcessor
info: Unity.ILPP.Runner.PostProcessingPipeline[0]
      running zzzUnity.Burst.CodeGen.BurstILPostProcessor
info: Microsoft.AspNetCore.Routing.EndpointMiddleware[1]
      Executed endpoint 'gRPC - /UnityILPP.PostProcessing/PostProcessAssembly'
info: Microsoft.AspNetCore.Hosting.Diagnostics[2]
      Request finished HTTP/2 POST http://ilpp/UnityILPP.PostProcessing/PostProcessAssembly application/grpc - - 200 - application/grpc 81.0638ms
info: Microsoft.AspNetCore.Hosting.Diagnostics[1]
      Request starting HTTP/2 POST http://ilpp/UnityILPP.PostProcessing/PostProcessAssembly application/grpc -
info: Microsoft.AspNetCore.Routing.EndpointMiddleware[0]
      Executing endpoint 'gRPC - /UnityILPP.PostProcessing/PostProcessAssembly'
info: Unity.ILPP.Runner.PostProcessingPipeline[0]
      Processing assembly Library/Bee/artifacts/1300b0aP.dag/glTFast.dll, with 132 defines and 192 references
info: Unity.ILPP.Runner.PostProcessingPipeline[0]
      processors: zzzUnity.Burst.CodeGen.BurstILPostProcessor
info: Unity.ILPP.Runner.PostProcessingPipeline[0]
      running zzzUnity.Burst.CodeGen.BurstILPostProcessor
info: Microsoft.AspNetCore.Routing.EndpointMiddleware[1]
      Executed endpoint 'gRPC - /UnityILPP.PostProcessing/PostProcessAssembly'
info: Microsoft.AspNetCore.Hosting.Diagnostics[2]
      Request finished HTTP/2 POST http://ilpp/UnityILPP.PostProcessing/PostProcessAssembly application/grpc - - 200 - application/grpc 48.0586ms
info: Microsoft.AspNetCore.Hosting.Diagnostics[1]
      Request starting HTTP/2 POST http://ilpp/UnityILPP.PostProcessing/PostProcessAssembly application/grpc -
info: Microsoft.AspNetCore.Hosting.Diagnostics[1]
      Request starting HTTP/2 POST http://ilpp/UnityILPP.PostProcessing/PostProcessAssembly application/grpc -
info: Microsoft.AspNetCore.Routing.EndpointMiddleware[0]
      Executing endpoint 'gRPC - /UnityILPP.PostProcessing/PostProcessAssembly'
info: Microsoft.AspNetCore.Routing.EndpointMiddleware[0]
      Executing endpoint 'gRPC - /UnityILPP.PostProcessing/PostProcessAssembly'
info: Microsoft.AspNetCore.Hosting.Diagnostics[1]
      Request starting HTTP/2 POST http://ilpp/UnityILPP.PostProcessing/PostProcessAssembly application/grpc -
info: Microsoft.AspNetCore.Routing.EndpointMiddleware[0]
      Executing endpoint 'gRPC - /UnityILPP.PostProcessing/PostProcessAssembly'
info: Unity.ILPP.Runner.PostProcessingPipeline[0]
      Processing assembly Library/Bee/artifacts/1300b0aP.dag/glTFast.Export.dll, with 129 defines and 192 references
info: Unity.ILPP.Runner.PostProcessingPipeline[0]
      processors: zzzUnity.Burst.CodeGen.BurstILPostProcessor
info: Unity.ILPP.Runner.PostProcessingPipeline[0]
      Processing assembly Library/Bee/artifacts/1300b0aP.dag/glTFast.dots.dll, with 129 defines and 193 references
info: Unity.ILPP.Runner.PostProcessingPipeline[0]
      processors: zzzUnity.Burst.CodeGen.BurstILPostProcessor
info: Unity.ILPP.Runner.PostProcessingPipeline[0]
      Processing assembly Library/Bee/artifacts/1300b0aP.dag/glTFast.Newtonsoft.dll, with 129 defines and 190 references
info: Unity.ILPP.Runner.PostProcessingPipeline[0]
      processors: zzzUnity.Burst.CodeGen.BurstILPostProcessor
info: Unity.ILPP.Runner.PostProcessingPipeline[0]
      running zzzUnity.Burst.CodeGen.BurstILPostProcessor
info: Unity.ILPP.Runner.PostProcessingPipeline[0]
      running zzzUnity.Burst.CodeGen.BurstILPostProcessor
info: Unity.ILPP.Runner.PostProcessingPipeline[0]
      running zzzUnity.Burst.CodeGen.BurstILPostProcessor
info: Microsoft.AspNetCore.Routing.EndpointMiddleware[1]
      Executed endpoint 'gRPC - /UnityILPP.PostProcessing/PostProcessAssembly'
info: Microsoft.AspNetCore.Hosting.Diagnostics[2]
      Request finished HTTP/2 POST http://ilpp/UnityILPP.PostProcessing/PostProcessAssembly application/grpc - - 200 - application/grpc 2.1881ms
info: Microsoft.AspNetCore.Routing.EndpointMiddleware[1]
      Executed endpoint 'gRPC - /UnityILPP.PostProcessing/PostProcessAssembly'
info: Microsoft.AspNetCore.Hosting.Diagnostics[2]
      Request finished HTTP/2 POST http://ilpp/UnityILPP.PostProcessing/PostProcessAssembly application/grpc - - 200 - application/grpc 6.2945ms
info: Microsoft.AspNetCore.Routing.EndpointMiddleware[1]
      Executed endpoint 'gRPC - /UnityILPP.PostProcessing/PostProcessAssembly'
info: Microsoft.AspNetCore.Hosting.Diagnostics[2]
      Request finished HTTP/2 POST http://ilpp/UnityILPP.PostProcessing/PostProcessAssembly application/grpc - - 200 - application/grpc 7.6178ms
info: Microsoft.AspNetCore.Hosting.Diagnostics[1]
      Request starting HTTP/2 POST http://ilpp/UnityILPP.PostProcessing/PostProcessAssembly application/grpc -
info: Microsoft.AspNetCore.Routing.EndpointMiddleware[0]
      Executing endpoint 'gRPC - /UnityILPP.PostProcessing/PostProcessAssembly'
info: Unity.ILPP.Runner.PostProcessingPipeline[0]
      Processing assembly Library/Bee/artifacts/1300b0aP.dag/Assembly-CSharp.dll, with 128 defines and 194 references
info: Unity.ILPP.Runner.PostProcessingPipeline[0]
      processors: zzzUnity.Burst.CodeGen.BurstILPostProcessor
info: Unity.ILPP.Runner.PostProcessingPipeline[0]
      running zzzUnity.Burst.CodeGen.BurstILPostProcessor
info: Microsoft.AspNetCore.Routing.EndpointMiddleware[1]
      Executed endpoint 'gRPC - /UnityILPP.PostProcessing/PostProcessAssembly'
info: Microsoft.AspNetCore.Hosting.Diagnostics[2]
      Request finished HTTP/2 POST http://ilpp/UnityILPP.PostProcessing/PostProcessAssembly application/grpc - - 200 - application/grpc 5.8086ms
info: Microsoft.AspNetCore.Hosting.Diagnostics[1]
      Request starting HTTP/2 POST http://ilpp/UnityILPP.PostProcessing/PostProcessAssembly application/grpc -
info: Microsoft.AspNetCore.Routing.EndpointMiddleware[0]
      Executing endpoint 'gRPC - /UnityILPP.PostProcessing/PostProcessAssembly'
info: Unity.ILPP.Runner.PostProcessingPipeline[0]
      Processing assembly Library/Bee/artifacts/1300b0aP.dag/glTFast.Documentation.Examples.dll, with 130 defines and 194 references
info: Unity.ILPP.Runner.PostProcessingPipeline[0]
      processors: zzzUnity.Burst.CodeGen.BurstILPostProcessor
info: Unity.ILPP.Runner.PostProcessingPipeline[0]
      running zzzUnity.Burst.CodeGen.BurstILPostProcessor
info: Microsoft.AspNetCore.Routing.EndpointMiddleware[1]
      Executed endpoint 'gRPC - /UnityILPP.PostProcessing/PostProcessAssembly'
info: Microsoft.AspNetCore.Hosting.Diagnostics[2]
      Request finished HTTP/2 POST http://ilpp/UnityILPP.PostProcessing/PostProcessAssembly application/grpc - - 200 - application/grpc 16.4694ms
ExitCode: 0 Duration: 4s693ms
Finished compiling graph: 293 nodes, 1742 flattened edges (1568 ToBuild, 24 ToUse), maximum node priority 89
[  1/292    0s] WriteText Library/Bee/artifacts/1300b0aP.dag/Unity.Burst.UnityAdditionalFile.txt
[  2/292    0s] WriteText Library/Bee/artifacts/1300b0aP.dag/Unity.Burst.rsp2
[  3/292    0s] WriteText Library/Bee/artifacts/1300b0aP.dag/Unity.Mathematics.UnityAdditionalFile.txt
[  4/292    0s] WriteText Library/Bee/artifacts/1300b0aP.dag/Unity.Mathematics.rsp2
[  5/292    0s] MovedFromExtractor Library/Bee/artifacts/mvdfrm/UnityEngine.RuntimeInitializeOnLoadManagerInitializerModule.dll_C0BF8D9F33693071.mvfrm
[  6/292    0s] MovedFromExtractor Library/Bee/artifacts/mvdfrm/UnityEngine.JSONSerializeModule.dll_AB9D310A17946D37.mvfrm
[  7/292    0s] MovedFromExtractor Library/Bee/artifacts/mvdfrm/UnityEngine.LocalizationModule.dll_49A6CFEAFF8D35FE.mvfrm
[  8/292    0s] MovedFromExtractor Library/Bee/artifacts/mvdfrm/UnityEngine.InputModule.dll_E16BD116652040E9.mvfrm
[  9/292    0s] MovedFromExtractor Library/Bee/artifacts/mvdfrm/UnityEngine.ParticleSystemModule.dll_F25EAFD07791EFDA.mvfrm
[ 10/292    0s] MovedFromExtractor Library/Bee/artifacts/mvdfrm/UnityEngine.TerrainPhysicsModule.dll_F2D958A390D4EA67.mvfrm
[ 11/292    0s] MovedFromExtractor Library/Bee/artifacts/mvdfrm/UnityEngine.TerrainModule.dll_411BBE8E9C077AA4.mvfrm
[ 12/292    0s] MovedFromExtractor Library/Bee/artifacts/mvdfrm/UnityEngine.OpenHarmonyJSModule.dll_71C34F2D85BF1634.mvfrm
[ 13/292    0s] MovedFromExtractor Library/Bee/artifacts/mvdfrm/UnityEngine.UnityCurlModule.dll_FA83918DEC6F6A00.mvfrm
[ 14/292    0s] MovedFromExtractor Library/Bee/artifacts/mvdfrm/UnityEngine.UnityAnalyticsModule.dll_11FE209A23B941D6.mvfrm
[ 15/292    0s] MovedFromExtractor Library/Bee/artifacts/mvdfrm/UnityEngine.SubstanceModule.dll_58A6F1F617362D5F.mvfrm
[ 16/292    0s] MovedFromExtractor Library/Bee/artifacts/mvdfrm/UnityEngine.ScreenCaptureModule.dll_C584DE8F2C009999.mvfrm
[ 17/292    0s] MovedFromExtractor Library/Bee/artifacts/mvdfrm/UnityEngine.Physics2DModule.dll_140CE04D1D586FA8.mvfrm
[ 18/292    0s] MovedFromExtractor Library/Bee/artifacts/mvdfrm/UnityEngine.SpriteShapeModule.dll_6888413170EED7AB.mvfrm
[ 19/292    0s] MovedFromExtractor Library/Bee/artifacts/mvdfrm/UnityEngine.SubsystemsModule.dll_6619BE0BF57C96F9.mvfrm
[ 20/292    0s] MovedFromExtractor Library/Bee/artifacts/mvdfrm/UnityEngine.TLSModule.dll_7D6D5F042CE7250A.mvfrm
[ 21/292    0s] MovedFromExtractor Library/Bee/artifacts/mvdfrm/UnityEngine.UnityTestProtocolModule.dll_614DA64FDE487E6E.mvfrm
[ 22/292    0s] MovedFromExtractor Library/Bee/artifacts/mvdfrm/UnityEngine.PropertiesModule.dll_3F7B245878B07DA8.mvfrm
[ 23/292    0s] MovedFromExtractor Library/Bee/artifacts/mvdfrm/UnityEngine.UnityConnectModule.dll_791D1491B11170EA.mvfrm
[ 24/292    0s] MovedFromExtractor Library/Bee/artifacts/mvdfrm/UnityEngine.TilemapModule.dll_E018260FB3C45BAD.mvfrm
[ 25/292    0s] MovedFromExtractor Library/Bee/artifacts/mvdfrm/UnityEngine.SharedInternalsModule.dll_A49DCCF4F4273ED0.mvfrm
[ 26/292    0s] MovedFromExtractor Library/Bee/artifacts/mvdfrm/UnityEngine.PhysicsModule.dll_26D5431FC64931B6.mvfrm
[ 27/292    0s] MovedFromExtractor Library/Bee/artifacts/mvdfrm/UnityEngine.PerformanceReportingModule.dll_E3DD5A91C4F170F3.mvfrm
[ 28/292    0s] MovedFromExtractor Library/Bee/artifacts/mvdfrm/UnityEngine.StreamingModule.dll_7BFBDDACCBE32F51.mvfrm
[ 29/292    0s] MovedFromExtractor Library/Bee/artifacts/mvdfrm/UnityEngine.UnityWebRequestAssetBundleModule.dll_A23FB8D1F5BBD527.mvfrm
[ 30/292    0s] MovedFromExtractor Library/Bee/artifacts/mvdfrm/UnityEngine.TextRenderingModule.dll_EEC45099E338198E.mvfrm
[ 31/292    0s] MovedFromExtractor Library/Bee/artifacts/mvdfrm/UnityEngine.TextCoreFontEngineModule.dll_C4908BE34CE4AF32.mvfrm
[ 32/292    0s] MovedFromExtractor Library/Bee/artifacts/mvdfrm/UnityEngine.SpriteMaskModule.dll_FB6C57AA2734AEE6.mvfrm
[ 33/292    0s] MovedFromExtractor Library/Bee/artifacts/mvdfrm/UnityEngine.UnityAnalyticsCommonModule.dll_7F1C17D5DEDA0F51.mvfrm
[ 34/292    0s] MovedFromExtractor Library/Bee/artifacts/mvdfrm/UnityEngine.UIModule.dll_37CA2D2D63BF49E9.mvfrm
[ 35/292    0s] MovedFromExtractor Library/Bee/artifacts/mvdfrm/UnityEngine.TextCoreTextEngineModule.dll_0C78C254DC686850.mvfrm
[ 36/292    0s] MovedFromExtractor Library/Bee/artifacts/mvdfrm/UnityEngine.UIElementsModule.dll_6A581F73F8A8D2F0.mvfrm
[ 37/292    0s] MovedFromExtractor Library/Bee/artifacts/mvdfrm/UnityEngine.UnityWebRequestAudioModule.dll_5BD9AE704B5C3B8B.mvfrm
[ 38/292    0s] MovedFromExtractor Library/Bee/artifacts/mvdfrm/UnityEngine.UnityWebRequestModule.dll_322B95C987EDDDFF.mvfrm
[ 39/292    0s] MovedFromExtractor Library/Bee/artifacts/mvdfrm/UnityEngine.UnityWebRequestTextureModule.dll_830186DB60D980C0.mvfrm
[ 42/292    0s] WriteText Library/Bee/artifacts/1300b0aP.dag/Unity.Burst.dll.mvfrm.rsp
[ 43/292    0s] WriteText Library/Bee/artifacts/1300b0aP.dag/Unity.Mathematics.dll.mvfrm.rsp
[ 44/292    0s] WriteText Library/Bee/artifacts/1300b0aP.dag/Unity.Mathematics.rsp
[ 45/292    0s] WriteText Library/Bee/artifacts/1300b0aP.dag/Unity.Burst.rsp
[ 46/292    0s] WriteText Library/Bee/artifacts/Android_CodeGen/Unity.Burst.rsp2
[ 47/292    0s] WriteText Library/Bee/artifacts/Android_CodeGen/Unity.Burst.UnityAdditionalFile.txt
[ 48/292    0s] WriteText Library/Bee/artifacts/1300b0aP.dag/Unity.Collections.UnityAdditionalFile.txt
[ 49/292    0s] WriteText Library/Bee/artifacts/1300b0aP.dag/Unity.Collections.rsp2
[ 77/292    0s] MovedFromExtractor Library/Bee/artifacts/mvdfrm/UnityEngine.UnityWebRequestWWWModule.dll_D73B07B0CC2824BC.mvfrm
[143/292    0s] WriteText Library/Bee/artifacts/1300b0aP.dag/Unity.Collections.dll.mvfrm.rsp
[144/292    0s] WriteText Library/Bee/artifacts/Android_CodeGen/Unity.Burst.dll.mvfrm.rsp
[145/292    0s] WriteText Library/Bee/artifacts/Android_CodeGen/Unity.Burst.rsp
[146/292    0s] WriteText Library/Bee/artifacts/1300b0aP.dag/Unity.Collections.rsp
[147/292    0s] WriteText Library/Bee/artifacts/Android_CodeGen/Unity.Burst.CodeGen.UnityAdditionalFile.txt
[148/292    0s] MovedFromExtractor Library/Bee/artifacts/mvdfrm/UnityEngine.VehiclesModule.dll_DBD67A1381EF32EC.mvfrm
[149/292    0s] WriteText Library/Bee/artifacts/Android_CodeGen/Unity.Burst.CodeGen.rsp2
[150/292    0s] WriteText Library/Bee/artifacts/1300b0aP.dag/glTFast.rsp2
[158/292    0s] WriteText Library/Bee/artifacts/1300b0aP.dag/glTFast.UnityAdditionalFile.txt
[165/292    0s] WriteText Library/Bee/artifacts/Android_CodeGen/Unity.Burst.CodeGen.dll.mvfrm.rsp
[166/292    0s] WriteText Library/Bee/artifacts/Android_CodeGen/Unity.Burst.CodeGen.rsp
[167/292    0s] WriteText Library/Bee/artifacts/1300b0aP.dag/glTFast.dll.mvfrm.rsp
[168/292    0s] WriteText Library/Bee/artifacts/1300b0aP.dag/glTFast.rsp
[169/292    0s] WriteText Library/Bee/artifacts/1300b0aP.dag/glTFast.Newtonsoft.rsp2
[170/292    0s] WriteText Library/Bee/artifacts/1300b0aP.dag/glTFast.Newtonsoft.UnityAdditionalFile.txt
[171/292    0s] WriteResponseFile Library/Bee/artifacts/rsp/4747638433968585886.rsp
[172/292    0s] WriteText Library/Bee/artifacts/1300b0aP.dag/glTFast.Export.rsp2
[173/292    0s] WriteText Library/Bee/artifacts/1300b0aP.dag/glTFast.Export.UnityAdditionalFile.txt
[174/292    0s] WriteText Library/Bee/artifacts/1300b0aP.dag/glTFast.dots.UnityAdditionalFile.txt
[175/292    0s] WriteText Library/Bee/artifacts/1300b0aP.dag/glTFast.dots.rsp2
[176/292    0s] WriteText Library/Bee/artifacts/1300b0aP.dag/glTFast.dots.dll.mvfrm.rsp
[177/292    0s] WriteText Library/Bee/artifacts/1300b0aP.dag/glTFast.Export.dll.mvfrm.rsp
[178/292    0s] WriteText Library/Bee/artifacts/1300b0aP.dag/glTFast.Newtonsoft.dll.mvfrm.rsp
[179/292    0s] WriteText Library/Bee/artifacts/1300b0aP.dag/glTFast.Newtonsoft.rsp
[180/292    0s] WriteText Library/Bee/artifacts/1300b0aP.dag/glTFast.Export.rsp
[181/292    0s] WriteText Library/Bee/artifacts/1300b0aP.dag/glTFast.dots.rsp
[182/292    0s] MovedFromExtractor Library/Bee/artifacts/mvdfrm/UnityEngine.VFXModule.dll_FE4BF77303548E77.mvfrm
[183/292    0s] WriteText Library/Bee/artifacts/1300b0aP.dag/Assembly-CSharp.dll.mvfrm.rsp
[184/292    0s] WriteText Library/Bee/artifacts/1300b0aP.dag/glTFast.Documentation.Examples.dll.mvfrm.rsp
[185/292    0s] WriteText Library/Bee/artifacts/1300b0aP.dag/Assembly-CSharp.rsp2
[186/292    0s] WriteText Library/Bee/artifacts/1300b0aP.dag/Assembly-CSharp.UnityAdditionalFile.txt
[187/292    0s] WriteText Library/Bee/artifacts/1300b0aP.dag/glTFast.Documentation.Examples.UnityAdditionalFile.txt
[188/292    0s] WriteText Library/Bee/artifacts/1300b0aP.dag/glTFast.Documentation.Examples.rsp2
[189/292    0s] WriteText Library/Bee/artifacts/1300b0aP.dag/UnityEngine.TestRunner.dll.mvfrm.rsp
[190/292    0s] WriteText Library/Bee/artifacts/1300b0aP.dag/Assembly-CSharp.rsp
[191/292    0s] WriteText Library/Bee/artifacts/1300b0aP.dag/glTFast.Documentation.Examples.rsp
[192/292    0s] WriteText Library/Bee/artifacts/1300b0aP.dag/UnityEngine.TestRunner.UnityAdditionalFile.txt
[193/292    0s] WriteText Library/Bee/artifacts/1300b0aP.dag/UnityEngine.TestRunner.rsp2
[194/292    0s] WriteResponseFile Library/Bee/artifacts/rsp/13525290774574426104.rsp
[195/292    0s] WriteResponseFile Library/Bee/artifacts/rsp/1999177187407631131.rsp
[196/292    0s] WriteResponseFile Library/Bee/artifacts/rsp/15201509376401771623.rsp
[197/292    0s] WriteResponseFile Library/Bee/artifacts/rsp/2018424259856359882.rsp
[198/292    0s] WriteResponseFile Library/Bee/artifacts/rsp/10370623023022699662.rsp
[199/292    0s] WriteResponseFile Library/Bee/artifacts/rsp/12941811177248305179.rsp
[200/292    0s] WriteResponseFile Library/Bee/artifacts/rsp/9766718788248844585.rsp
[201/292    0s] WriteResponseFile Library/Bee/artifacts/rsp/15907415892376651998.rsp
[202/292    0s] WriteText Library/Bee/artifacts/1300b0aP.dag/UnityEngine.TestRunner.rsp
[203/292    0s] WriteResponseFile Library/Bee/artifacts/rsp/5218564085680588660.rsp
[204/292    0s] MovedFromExtractor Library/Bee/artifacts/mvdfrm/UnityEngine.ProfilerModule.dll_9659B9CAA11EEA5E.mvfrm
[205/292    0s] MovedFromExtractor Library/Bee/artifacts/mvdfrm/UnityEngine.VideoModule.dll_9FFF8DD0B17A37EA.mvfrm
[206/292    0s] MovedFromExtractor Library/Bee/artifacts/mvdfrm/UnityEngine.WindModule.dll_D39095817BC3269D.mvfrm
[207/292    0s] MovedFromExtractor Library/Bee/artifacts/mvdfrm/UnityEngine.VRModule.dll_8A9C53B30579CF61.mvfrm
[208/292    0s] MovedFromExtractor Library/Bee/artifacts/mvdfrm/UnityEngine.XRModule.dll_BD5B16B78EB41CBF.mvfrm
[209/292    0s] MovedFromExtractor Library/Bee/artifacts/mvdfrm/UnityEngine.InputLegacyModule.dll_E06C2EF5533E5592.mvfrm
[210/292    0s] MovedFromExtractor Library/Bee/artifacts/mvdfrm/UnityEngine.ImageConversionModule.dll_208C8E1F7CF94380.mvfrm
[211/292    0s] MovedFromExtractor Library/Bee/artifacts/mvdfrm/UnityEngine.GIModule.dll_D492D80DA3272C57.mvfrm
[212/292    0s] MovedFromExtractor Library/Bee/artifacts/mvdfrm/UnityEngine.InfinityModule.dll_A381AFBF536F8C7D.mvfrm
[213/292    0s] MovedFromExtractor Library/Bee/artifacts/mvdfrm/UnityEngine.HotReloadModule.dll_48AFAE62578E9395.mvfrm
[214/292    0s] MovedFromExtractor Library/Bee/artifacts/mvdfrm/UnityEngine.IMGUIModule.dll_B355A8CCB519B026.mvfrm
[215/292    0s] MovedFromExtractor Library/Bee/artifacts/mvdfrm/UnityEngine.dll_4C403D4D29000B21.mvfrm
[216/292    0s] MovedFromExtractor Library/Bee/artifacts/mvdfrm/UnityEngine.GameCenterModule.dll_123FE51A05C5196C.mvfrm
[217/292    0s] MovedFromExtractor Library/Bee/artifacts/mvdfrm/UnityEngine.EmbeddedLinuxApiModule.dll_5B38B0497FDD07D5.mvfrm
[218/292    0s] MovedFromExtractor Library/Bee/artifacts/mvdfrm/UnityEngine.AssetBundleModule.dll_4F2713D6BB4C9FA1.mvfrm
[219/292    0s] MovedFromExtractor Library/Bee/artifacts/mvdfrm/UnityEngine.CrashReportingModule.dll_9F4C66840980644C.mvfrm
[220/292    0s] MovedFromExtractor Library/Bee/artifacts/mvdfrm/UnityEngine.DirectorModule.dll_6413809407C56351.mvfrm
[221/292    0s] MovedFromExtractor Library/Bee/artifacts/mvdfrm/UnityEngine.GridModule.dll_3AB2D64702E13E2B.mvfrm
[222/292    0s] MovedFromExtractor Library/Bee/artifacts/mvdfrm/UnityEngine.ClothModule.dll_E1DE6660C904FB29.mvfrm
[223/292    0s] MovedFromExtractor Library/Bee/artifacts/mvdfrm/UnityEngine.DSPGraphModule.dll_6964E1FD7A263472.mvfrm
[224/292    0s] MovedFromExtractor Library/Bee/artifacts/mvdfrm/UnityEngine.AudioModule.dll_7AF60965EEE81C45.mvfrm
[225/292    0s] MovedFromExtractor Library/Bee/artifacts/mvdfrm/UnityEngine.ARModule.dll_F5C954036495A306.mvfrm
[226/292    0s] MovedFromExtractor Library/Bee/artifacts/mvdfrm/UnityEngine.ContentLoadModule.dll_E83D6D1789CF478E.mvfrm
[227/292    0s] MovedFromExtractor Library/Bee/artifacts/mvdfrm/UnityEngine.AnimationModule.dll_C766F05C7C5B7813.mvfrm
[228/292    0s] MovedFromExtractor Library/Bee/artifacts/mvdfrm/UnityEngine.AndroidJNIModule.dll_E7F29AFF3F84287B.mvfrm
[229/292    0s] MovedFromExtractor Library/Bee/artifacts/mvdfrm/UnityEngine.CoreModule.dll_5D41BA58EA8CA834.mvfrm
[230/292    0s] MovedFromExtractorCombine Library/Bee/artifacts/Android_CodeGen/Unity.Burst.dll.mvfrm
[231/292    0s] MovedFromExtractor Library/Bee/artifacts/mvdfrm/UnityEngine.AIModule.dll_3C568F000778443D.mvfrm
[232/292    0s] MovedFromExtractor Library/Bee/artifacts/mvdfrm/UnityEngine.AccessibilityModule.dll_4B85A7CE18590CAD.mvfrm
[233/292    0s] MovedFromExtractorCombine Library/Bee/artifacts/1300b0aP.dag/UnityEngine.TestRunner.dll.mvfrm
[234/292    0s] MovedFromExtractorCombine Library/Bee/artifacts/1300b0aP.dag/Unity.Mathematics.dll.mvfrm
[235/292    0s] MovedFromExtractorCombine Library/Bee/artifacts/1300b0aP.dag/glTFast.Newtonsoft.dll.mvfrm
[236/292    0s] MovedFromExtractorCombine Library/Bee/artifacts/1300b0aP.dag/Unity.Burst.dll.mvfrm
[237/292    1s] Csc Library/Bee/artifacts/Android_CodeGen/Unity.Burst.dll (+2 others)
[238/292    1s] Csc Library/Bee/artifacts/1300b0aP.dag/UnityEngine.TestRunner.dll (+2 others)
[           0s] Csc Library/Bee/artifacts/1300b0aP.dag/UnityEngine.TestRunner.dll (+2 others) [CacheWrite ]
[           0s] Csc Library/Bee/artifacts/Android_CodeGen/Unity.Burst.dll (+2 others) [CacheWrite ]
[239/292    0s] CopyFiles Library/Bee/PlayerScriptAssemblies/UnityEngine.TestRunner.dll
[240/292    0s] CopyFiles Library/Bee/PlayerScriptAssemblies/UnityEngine.TestRunner.pdb
[241/292    0s] MovedFromExtractor Library/Bee/artifacts/mvdfrm/Unity.Burst.ref.dll_A570EA442BAEBF77.mvfrm
[242/292    0s] MovedFromExtractorCombine Library/Bee/artifacts/Android_CodeGen/Unity.Burst.CodeGen.dll.mvfrm
[243/292    1s] Csc Library/Bee/artifacts/1300b0aP.dag/Unity.Burst.dll (+2 others)
[           0s] Csc Library/Bee/artifacts/1300b0aP.dag/Unity.Burst.dll (+2 others) [CacheWrite ]
[244/292    0s] Csc Library/Bee/artifacts/Android_CodeGen/Unity.Burst.CodeGen.dll (+2 others)
[           0s] Csc Library/Bee/artifacts/Android_CodeGen/Unity.Burst.CodeGen.dll (+2 others) [CacheWrite ]
[245/292    0s] MovedFromExtractor Library/Bee/artifacts/mvdfrm/Unity.Burst.ref.dll_59592FE1C19AAD4D.mvfrm
[246/292    0s] ILPP-Configuration Library/ilpp-configuration.nevergeneratedoutput
[247/292    1s] Csc Library/Bee/artifacts/1300b0aP.dag/Unity.Mathematics.dll (+2 others)
[           0s] Csc Library/Bee/artifacts/1300b0aP.dag/Unity.Mathematics.dll (+2 others) [CacheWrite ]
[248/292    0s] ILPostProcess Library/Bee/artifacts/1300b0aP.dag/post-processed/Unity.Mathematics.dll (+pdb)
Processing assembly Library/Bee/artifacts/1300b0aP.dag/Unity.Mathematics.dll, with 128 defines and 189 references

processors: zzzUnity.Burst.CodeGen.BurstILPostProcessor

running zzzUnity.Burst.CodeGen.BurstILPostProcessor
[249/292    0s] CopyFiles Library/Bee/PlayerScriptAssemblies/Unity.Mathematics.pdb
[250/292    0s] CopyFiles Library/Bee/PlayerScriptAssemblies/Unity.Mathematics.dll
[251/292    0s] ILPostProcess Library/Bee/artifacts/1300b0aP.dag/post-processed/Unity.Burst.dll (+pdb)
Processing assembly Library/Bee/artifacts/1300b0aP.dag/Unity.Burst.dll, with 128 defines and 189 references

processors: zzzUnity.Burst.CodeGen.BurstILPostProcessor

running zzzUnity.Burst.CodeGen.BurstILPostProcessor
[252/292    0s] MovedFromExtractor Library/Bee/artifacts/mvdfrm/Unity.Mathematics.ref.dll_92C0142275484313.mvfrm
[253/292    0s] CopyFiles Library/Bee/PlayerScriptAssemblies/Unity.Burst.pdb
[254/292    0s] CopyFiles Library/Bee/PlayerScriptAssemblies/Unity.Burst.dll
[255/292    0s] MovedFromExtractorCombine Library/Bee/artifacts/1300b0aP.dag/Unity.Collections.dll.mvfrm
[256/292    0s] MovedFromExtractorCombine Library/Bee/artifacts/1300b0aP.dag/glTFast.Export.dll.mvfrm
[257/292    0s] MovedFromExtractorCombine Library/Bee/artifacts/1300b0aP.dag/glTFast.Documentation.Examples.dll.mvfrm
[258/292    0s] Csc Library/Bee/artifacts/1300b0aP.dag/Unity.Collections.dll (+2 others)
[           0s] Csc Library/Bee/artifacts/1300b0aP.dag/Unity.Collections.dll (+2 others) [CacheWrite ]
[259/292    0s] MovedFromExtractor Library/Bee/artifacts/mvdfrm/Unity.Collections.ref.dll_0F3DAD17CF6CCA92.mvfrm
[260/292    0s] ILPostProcess Library/Bee/artifacts/1300b0aP.dag/post-processed/Unity.Collections.dll (+pdb)
Processing assembly Library/Bee/artifacts/1300b0aP.dag/Unity.Collections.dll, with 128 defines and 191 references

processors: zzzUnity.Burst.CodeGen.BurstILPostProcessor

running zzzUnity.Burst.CodeGen.BurstILPostProcessor
[261/292    0s] CopyFiles Library/Bee/PlayerScriptAssemblies/Unity.Collections.pdb
[262/292    0s] CopyFiles Library/Bee/PlayerScriptAssemblies/Unity.Collections.dll
[263/292    0s] MovedFromExtractorCombine Library/Bee/artifacts/1300b0aP.dag/Assembly-CSharp.dll.mvfrm
[264/292    0s] MovedFromExtractorCombine Library/Bee/artifacts/1300b0aP.dag/glTFast.dots.dll.mvfrm
[265/292    0s] MovedFromExtractorCombine Library/Bee/artifacts/1300b0aP.dag/glTFast.dll.mvfrm
[266/292    0s] Csc Library/Bee/artifacts/1300b0aP.dag/glTFast.dll (+2 others)
[           0s] Csc Library/Bee/artifacts/1300b0aP.dag/glTFast.dll (+2 others) [CacheWrite ]
[267/292    0s] ILPostProcess Library/Bee/artifacts/1300b0aP.dag/post-processed/glTFast.dll (+pdb)
Processing assembly Library/Bee/artifacts/1300b0aP.dag/glTFast.dll, with 132 defines and 192 references

processors: zzzUnity.Burst.CodeGen.BurstILPostProcessor

running zzzUnity.Burst.CodeGen.BurstILPostProcessor
[268/292    0s] CopyFiles Library/Bee/PlayerScriptAssemblies/glTFast.pdb
[269/292    0s] CopyFiles Library/Bee/PlayerScriptAssemblies/glTFast.dll
[270/292    0s] Csc Library/Bee/artifacts/1300b0aP.dag/glTFast.Newtonsoft.dll (+2 others)
[271/292    0s] Csc Library/Bee/artifacts/1300b0aP.dag/glTFast.dots.dll (+2 others)
[272/292    0s] Csc Library/Bee/artifacts/1300b0aP.dag/glTFast.Export.dll (+2 others)
[           0s] Csc Library/Bee/artifacts/1300b0aP.dag/glTFast.dots.dll (+2 others) [CacheWrite ]
[           0s] Csc Library/Bee/artifacts/1300b0aP.dag/glTFast.Export.dll (+2 others) [CacheWrite ]
[           0s] Csc Library/Bee/artifacts/1300b0aP.dag/glTFast.Newtonsoft.dll (+2 others) [CacheWrite ]
[273/292    0s] ILPostProcess Library/Bee/artifacts/1300b0aP.dag/post-processed/glTFast.Newtonsoft.dll (+pdb)
Processing assembly Library/Bee/artifacts/1300b0aP.dag/glTFast.Newtonsoft.dll, with 129 defines and 190 references

processors: zzzUnity.Burst.CodeGen.BurstILPostProcessor

running zzzUnity.Burst.CodeGen.BurstILPostProcessor
[274/292    0s] ILPostProcess Library/Bee/artifacts/1300b0aP.dag/post-processed/glTFast.dots.dll (+pdb)
Processing assembly Library/Bee/artifacts/1300b0aP.dag/glTFast.dots.dll, with 129 defines and 193 references

processors: zzzUnity.Burst.CodeGen.BurstILPostProcessor

running zzzUnity.Burst.CodeGen.BurstILPostProcessor
[275/292    0s] ILPostProcess Library/Bee/artifacts/1300b0aP.dag/post-processed/glTFast.Export.dll (+pdb)
Processing assembly Library/Bee/artifacts/1300b0aP.dag/glTFast.Export.dll, with 129 defines and 192 references

processors: zzzUnity.Burst.CodeGen.BurstILPostProcessor

running zzzUnity.Burst.CodeGen.BurstILPostProcessor
[276/292    0s] CopyFiles Library/Bee/PlayerScriptAssemblies/glTFast.Newtonsoft.dll
[277/292    0s] CopyFiles Library/Bee/PlayerScriptAssemblies/glTFast.Newtonsoft.pdb
[278/292    0s] CopyFiles Library/Bee/PlayerScriptAssemblies/glTFast.dots.dll
[279/292    0s] CopyFiles Library/Bee/PlayerScriptAssemblies/glTFast.dots.pdb
[280/292    0s] CopyFiles Library/Bee/PlayerScriptAssemblies/glTFast.Export.dll
[281/292    0s] CopyFiles Library/Bee/PlayerScriptAssemblies/glTFast.Export.pdb
[282/292    0s] Csc Library/Bee/artifacts/1300b0aP.dag/Assembly-CSharp.dll (+2 others)
[283/292    0s] Csc Library/Bee/artifacts/1300b0aP.dag/glTFast.Documentation.Examples.dll (+2 others)
[           0s] Csc Library/Bee/artifacts/1300b0aP.dag/glTFast.Documentation.Examples.dll (+2 others) [CacheWrite ]
[284/292    0s] ILPostProcess Library/Bee/artifacts/1300b0aP.dag/post-processed/Assembly-CSharp.dll (+pdb)
Processing assembly Library/Bee/artifacts/1300b0aP.dag/Assembly-CSharp.dll, with 128 defines and 194 references

processors: zzzUnity.Burst.CodeGen.BurstILPostProcessor

running zzzUnity.Burst.CodeGen.BurstILPostProcessor
[285/292    0s] CopyFiles Library/Bee/PlayerScriptAssemblies/Assembly-CSharp.pdb
[286/292    0s] CopyFiles Library/Bee/PlayerScriptAssemblies/Assembly-CSharp.dll
[287/292    0s] ILPostProcess Library/Bee/artifacts/1300b0aP.dag/post-processed/glTFast.Documentation.Examples.dll (+pdb)
Processing assembly Library/Bee/artifacts/1300b0aP.dag/glTFast.Documentation.Examples.dll, with 130 defines and 194 references

processors: zzzUnity.Burst.CodeGen.BurstILPostProcessor

running zzzUnity.Burst.CodeGen.BurstILPostProcessor
[288/292    0s] CopyFiles Library/Bee/PlayerScriptAssemblies/glTFast.Documentation.Examples.dll
[289/292    0s] CopyFiles Library/Bee/PlayerScriptAssemblies/glTFast.Documentation.Examples.pdb
[291/292    0s] BuildPlayerDataGenerator Library/BuildPlayerData/Player/RuntimeInitializeOnLoads.json (+1 other)
*** Tundra build success (4.67 seconds), 183 items updated, 292 evaluated
Start importing Packages/com.unity.cloud.gltfast/Editor/UI/gltf-icon-bug.png using Guid(3b6a1cb26d29941f2a3cc902680e2e03) Importer(Primary)  -> (artifact id: '6df897e008eee50fe410ba09dddc3d69') in 0.014096 seconds
Start importing Packages/com.unity.cloud.gltfast/Editor/UI/gltf-logo.png using Guid(dfde62efb4ba642ea968adab4e674d01) Importer(Primary)  -> (artifact id: 'b452b0a1ef3dc85e7f9957d3d7cf2276') in 0.003962 seconds
Refreshing native plugins compatible for Editor in 1.00 ms, found 0 plugins.
Preloading 0 native plugins for Editor in 0.00 ms.
Asset Pipeline Refresh (id=9243648e65533024e954c7d01ed4b18b): Total: 0.038 seconds - Initiated by RefreshV2(NoUpdateAssetOptions)
Asset Pipeline Refresh (id=0e2ce29ade5026d49855fcbd808723a1): Total: 0.007 seconds - Initiated by RefreshV2(NoUpdateAssetOptions)
Asset Pipeline Refresh (id=a5c871a00a8b1324d92643c3d79913df): Total: 0.006 seconds - Initiated by RefreshV2(NoUpdateAssetOptions)
Total cache size 59178284
Total cache size after purge 59178284
Opening scene 'Assets/Scenes/CompanionCat.unity'
Unloading 1 Unused Serialized files (Serialized files now loaded: 0)
Loaded scene 'Assets/Scenes/CompanionCat.unity'
	Deserialize:            2.511 ms
	Integration:            151.917 ms
	Integration of assets:  0.002 ms
	Thread Wait Time:       37.174 ms
	Total Operation Time:   191.604 ms
Unloading 38 unused Assets / (1.0 MB). Loaded Objects now: 1657.
Memory consumption went from 106.5 MB to 105.5 MB.
Total: 3.904200 ms (FindLiveObjects: 0.154900 ms CreateObjectMapping: 0.031900 ms MarkObjects: 3.262600 ms  DeleteObjects: 0.453700 ms)

Created GICache directory at C:/Users/Dev.LI/AppData/LocalLow/Tuanjie/Caches/GiCache. Took: 0.069s, timestamps: [17.482 - 17.551]
GfxDevice renderer is null. Unity cannot update the Ambient Probe and Reflection Probes that the SkyManager generates. Run the Editor without the -nographics argument or generate lighting for your scene.
UnityEngine.StackTraceUtility:ExtractStackTrace ()
UnityEditor.BuildPipeline:BuildPlayerInternalNoCheck (string[],string,string,UnityEditor.BuildTargetGroup,UnityEditor.BuildTarget,int,UnityEditor.BuildOptions,string[],bool)
UnityEditor.BuildPipeline:BuildPlayerInternal (string[],string,string,UnityEditor.BuildTargetGroup,UnityEditor.BuildTarget,int,UnityEditor.BuildOptions,string[])
UnityEditor.BuildPipeline:BuildPlayer (string[],string,string,UnityEditor.BuildTargetGroup,UnityEditor.BuildTarget,int,UnityEditor.BuildOptions,string[])
UnityEditor.BuildPipeline:BuildPlayer (UnityEditor.BuildPlayerOptions)
Maomaomao.CompanionCat.EditorTools.CompanionCatAndroidExporter:ExportAndroidGradleProject () (at Assets/Editor/CompanionCatAndroidExporter.cs:47)

[Assets/Editor/CompanionCatAndroidExporter.cs line 47]



Mono dependencies included in the build
Dependency assembly - glTFast.Documentation.Examples.dll
Dependency assembly - Unity.Collections.dll
Dependency assembly - glTFast.dots.dll
Dependency assembly - System.Configuration.dll
Dependency assembly - System.ComponentModel.Composition.dll
Dependency assembly - glTFast.Export.dll
Dependency assembly - System.Data.dll
Dependency assembly - glTFast.Newtonsoft.dll
Dependency assembly - System.Core.dll
Dependency assembly - System.Numerics.dll
Dependency assembly - Unity.Mathematics.dll
Dependency assembly - System.IO.Compression.dll
Dependency assembly - System.ServiceModel.Internals.dll
Dependency assembly - Assembly-CSharp.dll
Dependency assembly - System.Xml.dll
Dependency assembly - System.EnterpriseServices.dll
Dependency assembly - System.IO.Compression.FileSystem.dll
Dependency assembly - System.Data.DataSetExtensions.dll
Dependency assembly - Unity.Collections.LowLevel.ILSupport.dll
Dependency assembly - System.Transactions.dll
Dependency assembly - Unity.Burst.dll
Dependency assembly - Unity.Burst.Unsafe.dll
Dependency assembly - System.Security.dll
Dependency assembly - mscorlib.dll
Dependency assembly - System.Runtime.Serialization.dll
Dependency assembly - glTFast.dll
Dependency assembly - Mono.Security.dll
Dependency assembly - System.Drawing.dll
Dependency assembly - System.Runtime.dll
Dependency assembly - System.Xml.Linq.dll
Dependency assembly - System.Net.Http.dll
Dependency assembly - netstandard.dll
Dependency assembly - System.dll

DisplayProgressbar: Fetching assembly references
Unloading 15 Unused Serialized files (Serialized files now loaded: 0)
Unloading 108 unused Assets / (1.4 MB). Loaded Objects now: 1520.
Memory consumption went from 99.9 MB to 98.5 MB.
Total: 4.348000 ms (FindLiveObjects: 0.083500 ms CreateObjectMapping: 0.031200 ms MarkObjects: 3.572000 ms  DeleteObjects: 0.659900 ms)

Unloading 0 Unused Serialized files (Serialized files now loaded: 0)
Unloading 0 unused Assets / (0 B). Loaded Objects now: 1520.
Memory consumption went from 98.4 MB to 98.4 MB.
Total: 2.821300 ms (FindLiveObjects: 0.060300 ms CreateObjectMapping: 0.018400 ms MarkObjects: 2.732400 ms  DeleteObjects: 0.009100 ms)

Unloading 1 Unused Serialized files (Serialized files now loaded: 0)
Unloading 180 unused Assets / (132.9 MB). Loaded Objects now: 1520.
Memory consumption went from 230.4 MB to 97.5 MB.
Total: 14.568100 ms (FindLiveObjects: 0.073400 ms CreateObjectMapping: 0.036700 ms MarkObjects: 3.590300 ms  DeleteObjects: 10.866600 ms)

Compiling shader "Standard" pass "FORWARD" (vp)
    Full variant space:         1328
    After settings filtering:   1328
    After built-in stripping:   48
    After scriptable stripping: 48
    Processed in 0.00 seconds
    starting compilation...
Launched and connected shader compiler TuanjieShaderCompiler.exe after 0.04 seconds
Launched and connected shader compiler TuanjieShaderCompiler.exe after 0.04 seconds
Launched and connected shader compiler TuanjieShaderCompiler.exe after 0.04 seconds
Launched and connected shader compiler TuanjieShaderCompiler.exe after 0.04 seconds
Launched and connected shader compiler TuanjieShaderCompiler.exe after 0.04 seconds
Launched and connected shader compiler TuanjieShaderCompiler.exe after 0.04 seconds
Launched and connected shader compiler TuanjieShaderCompiler.exe after 0.05 seconds
Launched and connected shader compiler TuanjieShaderCompiler.exe after 0.04 seconds
Launched and connected shader compiler TuanjieShaderCompiler.exe after 0.04 seconds
Launched and connected shader compiler TuanjieShaderCompiler.exe after 0.04 seconds
Launched and connected shader compiler TuanjieShaderCompiler.exe after 0.05 seconds
Launched and connected shader compiler TuanjieShaderCompiler.exe after 0.04 seconds
Launched and connected shader compiler TuanjieShaderCompiler.exe after 0.04 seconds
Launched and connected shader compiler TuanjieShaderCompiler.exe after 0.04 seconds
Launched and connected shader compiler TuanjieShaderCompiler.exe after 0.04 seconds
Launched and connected shader compiler TuanjieShaderCompiler.exe after 0.05 seconds
Launched and connected shader compiler TuanjieShaderCompiler.exe after 0.05 seconds
Launched and connected shader compiler TuanjieShaderCompiler.exe after 0.06 seconds
Launched and connected shader compiler TuanjieShaderCompiler.exe after 0.06 seconds
Launched and connected shader compiler TuanjieShaderCompiler.exe after 0.05 seconds
Launched and connected shader compiler TuanjieShaderCompiler.exe after 0.06 seconds
Launched and connected shader compiler TuanjieShaderCompiler.exe after 0.05 seconds
Launched and connected shader compiler TuanjieShaderCompiler.exe after 0.05 seconds
Launched and connected shader compiler TuanjieShaderCompiler.exe after 0.06 seconds
Launched and connected shader compiler TuanjieShaderCompiler.exe after 0.06 seconds
Launched and connected shader compiler TuanjieShaderCompiler.exe after 0.04 seconds
Launched and connected shader compiler TuanjieShaderCompiler.exe after 0.04 seconds
Launched and connected shader compiler TuanjieShaderCompiler.exe after 0.05 seconds
Launched and connected shader compiler TuanjieShaderCompiler.exe after 0.05 seconds
Launched and connected shader compiler TuanjieShaderCompiler.exe after 0.05 seconds
Launched and connected shader compiler TuanjieShaderCompiler.exe after 0.06 seconds
    finished in 2.04 seconds. Local cache hits 0 (0.00s CPU time), remote cache hits 0 (0.00s CPU time), compiled 48 variants (36.09s CPU time), skipped 0 variants
    Prepared data for serialisation in 0.00s
Compiling shader "Standard" pass "FORWARD_DELTA" (vp)
    Full variant space:         376
    After settings filtering:   376
    After built-in stripping:   78
    After scriptable stripping: 78
    Processed in 0.00 seconds
    starting compilation...
    finished in 0.33 seconds. Local cache hits 0 (0.00s CPU time), remote cache hits 0 (0.00s CPU time), compiled 78 variants (8.82s CPU time), skipped 0 variants
    Prepared data for serialisation in 0.00s
Compiling shader "Standard" pass "ShadowCaster" (vp)
    Full variant space:         8
    After settings filtering:   8
    After built-in stripping:   12
    After scriptable stripping: 12
    Processed in 0.00 seconds
    starting compilation...
    finished in 0.06 seconds. Local cache hits 0 (0.00s CPU time), remote cache hits 0 (0.00s CPU time), compiled 12 variants (0.39s CPU time), skipped 0 variants
    Prepared data for serialisation in 0.00s
Compiling shader "Standard" pass "DEFERRED" (vp)
    Full variant space:         152
    After settings filtering:   152
    After built-in stripping:   24
    After scriptable stripping: 24
    Processed in 0.00 seconds
    starting compilation...
    finished in 0.13 seconds. Local cache hits 0 (0.00s CPU time), remote cache hits 0 (0.00s CPU time), compiled 24 variants (2.35s CPU time), skipped 0 variants
    Prepared data for serialisation in 0.00s
Compiling shader "Standard" pass "FORWARD" (vp)
    Full variant space:         416
    After settings filtering:   416
    After built-in stripping:   48
    After scriptable stripping: 48
    Processed in 0.00 seconds
    starting compilation...
    finished in 0.23 seconds. Local cache hits 0 (0.00s CPU time), remote cache hits 0 (0.00s CPU time), compiled 48 variants (5.07s CPU time), skipped 0 variants
    Prepared data for serialisation in 0.00s
Compiling shader "Standard" pass "FORWARD_DELTA" (vp)
    Full variant space:         280
    After settings filtering:   280
    After built-in stripping:   60
    After scriptable stripping: 60
    Processed in 0.00 seconds
    starting compilation...
    finished in 0.22 seconds. Local cache hits 0 (0.00s CPU time), remote cache hits 0 (0.00s CPU time), compiled 60 variants (5.50s CPU time), skipped 0 variants
    Prepared data for serialisation in 0.00s
Compiling shader "Standard" pass "ShadowCaster" (vp)
    Full variant space:         4
    After settings filtering:   4
    After built-in stripping:   12
    After scriptable stripping: 12
    Processed in 0.00 seconds
    starting compilation...
    finished in 0.03 seconds. Local cache hits 0 (0.00s CPU time), remote cache hits 0 (0.00s CPU time), compiled 12 variants (0.31s CPU time), skipped 0 variants
    Prepared data for serialisation in 0.00s
Serialized binary data for shader Standard in 0.00s
    gles3 (total internal programs: 141, unique: 64)
    vulkan (total internal programs: 141, unique: 64)
Compiling shader "Skybox/Procedural" pass "" (vp)
    Full variant space:         6
    After settings filtering:   6
    After built-in stripping:   18
    After scriptable stripping: 18
    Processed in 0.00 seconds
    starting compilation...
    finished in 0.10 seconds. Local cache hits 0 (0.00s CPU time), remote cache hits 0 (0.00s CPU time), compiled 18 variants (1.57s CPU time), skipped 0 variants
    Prepared data for serialisation in 0.00s
Serialized binary data for shader Skybox/Procedural in 0.00s
    gles3 (total internal programs: 9, unique: 3)
    vulkan (total internal programs: 9, unique: 3)
Compiling shader "glTF/PbrMetallicRoughness" pass "FORWARD" (vp)
    Full variant space:         1328
    After settings filtering:   1328
    After built-in stripping:   48
    After scriptable stripping: 48
    Processed in 0.00 seconds
    starting compilation...
    finished in 0.24 seconds. Local cache hits 0 (0.00s CPU time), remote cache hits 0 (0.00s CPU time), compiled 48 variants (5.99s CPU time), skipped 0 variants
    Prepared data for serialisation in 0.00s
Compiling shader "glTF/PbrMetallicRoughness" pass "FORWARD_DELTA" (vp)
    Full variant space:         376
    After settings filtering:   376
    After built-in stripping:   78
    After scriptable stripping: 78
    Processed in 0.00 seconds
    starting compilation...
    finished in 0.28 seconds. Local cache hits 0 (0.00s CPU time), remote cache hits 0 (0.00s CPU time), compiled 78 variants (7.54s CPU time), skipped 0 variants
    Prepared data for serialisation in 0.00s
Compiling shader "glTF/PbrMetallicRoughness" pass "ShadowCaster" (vp)
    Full variant space:         8
    After settings filtering:   8
    After built-in stripping:   12
    After scriptable stripping: 12
    Processed in 0.00 seconds
    starting compilation...
    finished in 0.03 seconds. Local cache hits 0 (0.00s CPU time), remote cache hits 0 (0.00s CPU time), compiled 12 variants (0.33s CPU time), skipped 0 variants
    Prepared data for serialisation in 0.00s
Compiling shader "glTF/PbrMetallicRoughness" pass "DEFERRED" (vp)
    Full variant space:         152
    After settings filtering:   152
    After built-in stripping:   24
    After scriptable stripping: 24
    Processed in 0.00 seconds
    starting compilation...
    finished in 0.09 seconds. Local cache hits 0 (0.00s CPU time), remote cache hits 0 (0.00s CPU time), compiled 24 variants (1.97s CPU time), skipped 0 variants
    Prepared data for serialisation in 0.00s
Compiling shader "glTF/PbrMetallicRoughness" pass "FORWARD" (vp)
    Full variant space:         416
    After settings filtering:   416
    After built-in stripping:   48
    After scriptable stripping: 48
    Processed in 0.00 seconds
    starting compilation...
    finished in 0.22 seconds. Local cache hits 0 (0.00s CPU time), remote cache hits 0 (0.00s CPU time), compiled 48 variants (5.35s CPU time), skipped 0 variants
    Prepared data for serialisation in 0.00s
Compiling shader "glTF/PbrMetallicRoughness" pass "FORWARD_DELTA" (vp)
    Full variant space:         280
    After settings filtering:   280
    After built-in stripping:   60
    After scriptable stripping: 60
    Processed in 0.00 seconds
    starting compilation...
    finished in 0.20 seconds. Local cache hits 0 (0.00s CPU time), remote cache hits 0 (0.00s CPU time), compiled 60 variants (5.63s CPU time), skipped 0 variants
    Prepared data for serialisation in 0.00s
Compiling shader "glTF/PbrMetallicRoughness" pass "ShadowCaster" (vp)
    Full variant space:         4
    After settings filtering:   4
    After built-in stripping:   12
    After scriptable stripping: 12
    Processed in 0.00 seconds
    starting compilation...
    finished in 0.03 seconds. Local cache hits 0 (0.00s CPU time), remote cache hits 0 (0.00s CPU time), compiled 12 variants (0.31s CPU time), skipped 0 variants
    Prepared data for serialisation in 0.00s
Serialized binary data for shader glTF/PbrMetallicRoughness in 0.00s
    gles3 (total internal programs: 141, unique: 60)
    vulkan (total internal programs: 141, unique: 60)
Compiling shader "Legacy Shaders/VertexLit" pass "" (vp)
    Full variant space:         24
    After settings filtering:   24
    After built-in stripping:   18
    After scriptable stripping: 18
    Processed in 0.00 seconds
    starting compilation...
    finished in 0.13 seconds. Local cache hits 0 (0.00s CPU time), remote cache hits 0 (0.00s CPU time), compiled 18 variants (1.27s CPU time), skipped 0 variants
    Prepared data for serialisation in 0.00s
Compiling shader "Legacy Shaders/VertexLit" pass "" (vp)
    Full variant space:         8
    After settings filtering:   8
    After built-in stripping:   6
    After scriptable stripping: 6
    Processed in 0.00 seconds
    starting compilation...
    finished in 0.03 seconds. Local cache hits 0 (0.00s CPU time), remote cache hits 0 (0.00s CPU time), compiled 6 variants (0.15s CPU time), skipped 0 variants
    Prepared data for serialisation in 0.00s
Compiling shader "Legacy Shaders/VertexLit" pass "ShadowCaster" (vp)
    Full variant space:         8
    After settings filtering:   8
    After built-in stripping:   12
    After scriptable stripping: 12
    Processed in 0.00 seconds
    starting compilation...
    finished in 0.03 seconds. Local cache hits 0 (0.00s CPU time), remote cache hits 0 (0.00s CPU time), compiled 12 variants (0.30s CPU time), skipped 0 variants
    Prepared data for serialisation in 0.00s
Serialized binary data for shader Legacy Shaders/VertexLit in 0.00s
    gles3 (total internal programs: 18, unique: 6)
    vulkan (total internal programs: 18, unique: 6)
Compiling shader "Legacy Shaders/Diffuse" pass "FORWARD" (vp)
    Full variant space:         1328
    After settings filtering:   1328
    After built-in stripping:   48
    After scriptable stripping: 48
    Processed in 0.00 seconds
    starting compilation...
    finished in 0.14 seconds. Local cache hits 0 (0.00s CPU time), remote cache hits 0 (0.00s CPU time), compiled 48 variants (3.24s CPU time), skipped 0 variants
    Prepared data for serialisation in 0.00s
Compiling shader "Legacy Shaders/Diffuse" pass "FORWARD" (vp)
    Full variant space:         40
    After settings filtering:   40
    After built-in stripping:   30
    After scriptable stripping: 30
    Processed in 0.00 seconds
    starting compilation...
    finished in 0.08 seconds. Local cache hits 0 (0.00s CPU time), remote cache hits 0 (0.00s CPU time), compiled 30 variants (1.92s CPU time), skipped 0 variants
    Prepared data for serialisation in 0.00s
Compiling shader "Legacy Shaders/Diffuse" pass "DEFERRED" (vp)
    Full variant space:         152
    After settings filtering:   152
    After built-in stripping:   24
    After scriptable stripping: 24
    Processed in 0.00 seconds
    starting compilation...
    finished in 0.06 seconds. Local cache hits 0 (0.00s CPU time), remote cache hits 0 (0.00s CPU time), compiled 24 variants (1.30s CPU time), skipped 0 variants
    Prepared data for serialisation in 0.00s
Serialized binary data for shader Legacy Shaders/Diffuse in 0.00s
    gles3 (total internal programs: 51, unique: 17)
    vulkan (total internal programs: 51, unique: 17)
Compiling shader "Hidden/Internal-StencilWrite" pass "" (vp)
    Full variant space:         2
    After settings filtering:   2
    After built-in stripping:   6
    After scriptable stripping: 6
    Processed in 0.00 seconds
    starting compilation...
    finished in 0.02 seconds. Local cache hits 0 (0.00s CPU time), remote cache hits 0 (0.00s CPU time), compiled 6 variants (0.12s CPU time), skipped 0 variants
    Prepared data for serialisation in 0.00s
Serialized binary data for shader Hidden/Internal-StencilWrite in 0.00s
    gles3 (total internal programs: 3, unique: 1)
    vulkan (total internal programs: 3, unique: 1)
Compiling shader "Hidden/Internal-DepthNormalsTexture" pass "" (vp)
    Full variant space:         2
    After settings filtering:   2
    After built-in stripping:   6
    After scriptable stripping: 6
    Processed in 0.00 seconds
    starting compilation...
    finished in 0.03 seconds. Local cache hits 0 (0.00s CPU time), remote cache hits 0 (0.00s CPU time), compiled 6 variants (0.15s CPU time), skipped 0 variants
    Prepared data for serialisation in 0.00s
Compiling shader "Hidden/Internal-DepthNormalsTexture" pass "" (vp)
    Full variant space:         2
    After settings filtering:   2
    After built-in stripping:   6
    After scriptable stripping: 6
    Processed in 0.00 seconds
    starting compilation...
    finished in 0.04 seconds. Local cache hits 0 (0.00s CPU time), remote cache hits 0 (0.00s CPU time), compiled 6 variants (0.22s CPU time), skipped 0 variants
    Prepared data for serialisation in 0.00s
Compiling shader "Hidden/Internal-DepthNormalsTexture" pass "" (vp)
    Full variant space:         2
    After settings filtering:   2
    After built-in stripping:   6
    After scriptable stripping: 6
    Processed in 0.00 seconds
    starting compilation...
    finished in 0.06 seconds. Local cache hits 0 (0.00s CPU time), remote cache hits 0 (0.00s CPU time), compiled 6 variants (0.32s CPU time), skipped 0 variants
    Prepared data for serialisation in 0.00s
Compiling shader "Hidden/Internal-DepthNormalsTexture" pass "" (vp)
    Full variant space:         2
    After settings filtering:   2
    After built-in stripping:   6
    After scriptable stripping: 6
    Processed in 0.00 seconds
    starting compilation...
    finished in 0.08 seconds. Local cache hits 0 (0.00s CPU time), remote cache hits 0 (0.00s CPU time), compiled 6 variants (0.46s CPU time), skipped 0 variants
    Prepared data for serialisation in 0.00s
Compiling shader "Hidden/Internal-DepthNormalsTexture" pass "" (vp)
    Full variant space:         2
    After settings filtering:   2
    After built-in stripping:   6
    After scriptable stripping: 6
    Processed in 0.00 seconds
    starting compilation...
    finished in 0.04 seconds. Local cache hits 0 (0.00s CPU time), remote cache hits 0 (0.00s CPU time), compiled 6 variants (0.21s CPU time), skipped 0 variants
    Prepared data for serialisation in 0.00s
Compiling shader "Hidden/Internal-DepthNormalsTexture" pass "" (vp)
    Full variant space:         2
    After settings filtering:   2
    After built-in stripping:   6
    After scriptable stripping: 6
    Processed in 0.00 seconds
    starting compilation...
    finished in 0.05 seconds. Local cache hits 0 (0.00s CPU time), remote cache hits 0 (0.00s CPU time), compiled 6 variants (0.24s CPU time), skipped 0 variants
    Prepared data for serialisation in 0.00s
Compiling shader "Hidden/Internal-DepthNormalsTexture" pass "" (vp)
    Full variant space:         2
    After settings filtering:   2
    After built-in stripping:   6
    After scriptable stripping: 6
    Processed in 0.00 seconds
    starting compilation...
    finished in 0.04 seconds. Local cache hits 0 (0.00s CPU time), remote cache hits 0 (0.00s CPU time), compiled 6 variants (0.21s CPU time), skipped 0 variants
    Prepared data for serialisation in 0.00s
Compiling shader "Hidden/Internal-DepthNormalsTexture" pass "" (vp)
    Full variant space:         2
    After settings filtering:   2
    After built-in stripping:   6
    After scriptable stripping: 6
    Processed in 0.00 seconds
    starting compilation...
    finished in 0.03 seconds. Local cache hits 0 (0.00s CPU time), remote cache hits 0 (0.00s CPU time), compiled 6 variants (0.18s CPU time), skipped 0 variants
    Prepared data for serialisation in 0.00s
Compiling shader "Hidden/Internal-DepthNormalsTexture" pass "" (vp)
    Full variant space:         2
    After settings filtering:   2
    After built-in stripping:   6
    After scriptable stripping: 6
    Processed in 0.00 seconds
    starting compilation...
    finished in 0.06 seconds. Local cache hits 0 (0.00s CPU time), remote cache hits 0 (0.00s CPU time), compiled 6 variants (0.34s CPU time), skipped 0 variants
    Prepared data for serialisation in 0.00s
Compiling shader "Hidden/Internal-DepthNormalsTexture" pass "" (vp)
    Full variant space:         2
    After settings filtering:   2
    After built-in stripping:   6
    After scriptable stripping: 6
    Processed in 0.00 seconds
    starting compilation...
    finished in 0.06 seconds. Local cache hits 0 (0.00s CPU time), remote cache hits 0 (0.00s CPU time), compiled 6 variants (0.34s CPU time), skipped 0 variants
    Prepared data for serialisation in 0.00s
Serialized binary data for shader Hidden/Internal-DepthNormalsTexture in 0.00s
    gles3 (total internal programs: 30, unique: 10)
    vulkan (total internal programs: 30, unique: 10)
Compiling shader "Hidden/Internal-ScreenSpaceShadows" pass "" (vp)
    Full variant space:         8
    After settings filtering:   8
    After built-in stripping:   24
    After scriptable stripping: 24
    Processed in 0.00 seconds
    starting compilation...
    finished in 0.07 seconds. Local cache hits 0 (0.00s CPU time), remote cache hits 0 (0.00s CPU time), compiled 24 variants (1.48s CPU time), skipped 0 variants
    Prepared data for serialisation in 0.00s
Compiling shader "Hidden/Internal-ScreenSpaceShadows" pass "" (vp)
    Full variant space:         8
    After settings filtering:   8
    After built-in stripping:   24
    After scriptable stripping: 24
    Processed in 0.00 seconds
    starting compilation...
    finished in 0.07 seconds. Local cache hits 0 (0.00s CPU time), remote cache hits 0 (0.00s CPU time), compiled 24 variants (1.47s CPU time), skipped 0 variants
    Prepared data for serialisation in 0.00s
Compiling shader "Hidden/Internal-ScreenSpaceShadows" pass "" (vp)
    Full variant space:         8
    After settings filtering:   8
    After built-in stripping:   24
    After scriptable stripping: 24
    Processed in 0.00 seconds
    starting compilation...
    finished in 0.10 seconds. Local cache hits 0 (0.00s CPU time), remote cache hits 0 (0.00s CPU time), compiled 24 variants (2.08s CPU time), skipped 0 variants
    Prepared data for serialisation in 0.00s
Compiling shader "Hidden/Internal-ScreenSpaceShadows" pass "" (vp)
    Full variant space:         8
    After settings filtering:   8
    After built-in stripping:   24
    After scriptable stripping: 24
    Processed in 0.00 seconds
    starting compilation...
    finished in 0.10 seconds. Local cache hits 0 (0.00s CPU time), remote cache hits 0 (0.00s CPU time), compiled 24 variants (2.10s CPU time), skipped 0 variants
    Prepared data for serialisation in 0.00s
Serialized binary data for shader Hidden/Internal-ScreenSpaceShadows in 0.00s
    gles3 (total internal programs: 48, unique: 16)
    vulkan (total internal programs: 48, unique: 16)
Compiling shader "Hidden/Internal-CombineDepthNormals" pass "" (vp)
    Full variant space:         2
    After settings filtering:   2
    After built-in stripping:   6
    After scriptable stripping: 6
    Processed in 0.00 seconds
    starting compilation...
    finished in 0.03 seconds. Local cache hits 0 (0.00s CPU time), remote cache hits 0 (0.00s CPU time), compiled 6 variants (0.18s CPU time), skipped 0 variants
    Prepared data for serialisation in 0.00s
Serialized binary data for shader Hidden/Internal-CombineDepthNormals in 0.00s
    gles3 (total internal programs: 3, unique: 1)
    vulkan (total internal programs: 3, unique: 1)
Compiling shader "Hidden/BlitCopy" pass "" (vp)
    Full variant space:         2
    After settings filtering:   2
    After built-in stripping:   6
    After scriptable stripping: 6
    Processed in 0.00 seconds
    starting compilation...
    finished in 0.03 seconds. Local cache hits 0 (0.00s CPU time), remote cache hits 0 (0.00s CPU time), compiled 6 variants (0.14s CPU time), skipped 0 variants
    Prepared data for serialisation in 0.00s
Serialized binary data for shader Hidden/BlitCopy in 0.00s
    gles3 (total internal programs: 3, unique: 1)
    vulkan (total internal programs: 3, unique: 1)
Compiling shader "Hidden/BlitCopyDepth" pass "" (vp)
    Full variant space:         2
    After settings filtering:   2
    After built-in stripping:   6
    After scriptable stripping: 6
    Processed in 0.00 seconds
    starting compilation...
    finished in 0.02 seconds. Local cache hits 0 (0.00s CPU time), remote cache hits 0 (0.00s CPU time), compiled 6 variants (0.12s CPU time), skipped 0 variants
    Prepared data for serialisation in 0.00s
Serialized binary data for shader Hidden/BlitCopyDepth in 0.00s
    gles3 (total internal programs: 3, unique: 1)
    vulkan (total internal programs: 3, unique: 1)
Compiling shader "Hidden/ConvertTexture" pass "" (vp)
    Full variant space:         2
    After settings filtering:   2
    After built-in stripping:   6
    After scriptable stripping: 6
    Processed in 0.00 seconds
    starting compilation...
    finished in 0.03 seconds. Local cache hits 0 (0.00s CPU time), remote cache hits 0 (0.00s CPU time), compiled 6 variants (0.15s CPU time), skipped 0 variants
    Prepared data for serialisation in 0.00s
Serialized binary data for shader Hidden/ConvertTexture in 0.00s
    gles3 (total internal programs: 3, unique: 1)
    vulkan (total internal programs: 3, unique: 1)
Compiling shader "Hidden/Internal-DeferredShading" pass "" (vp)
    Full variant space:         188
    After settings filtering:   188
    After built-in stripping:   156
    After scriptable stripping: 156
    Processed in 0.00 seconds
    starting compilation...
    finished in 0.43 seconds. Local cache hits 0 (0.00s CPU time), remote cache hits 0 (0.00s CPU time), compiled 156 variants (12.67s CPU time), skipped 0 variants
    Prepared data for serialisation in 0.00s
Compiling shader "Hidden/Internal-DeferredShading" pass "" (vp)
    Full variant space:         2
    After settings filtering:   2
    After built-in stripping:   6
    After scriptable stripping: 6
    Processed in 0.00 seconds
    starting compilation...
    finished in 0.02 seconds. Local cache hits 0 (0.00s CPU time), remote cache hits 0 (0.00s CPU time), compiled 6 variants (0.13s CPU time), skipped 0 variants
    Prepared data for serialisation in 0.00s
Serialized binary data for shader Hidden/Internal-DeferredShading in 0.00s
    gles3 (total internal programs: 81, unique: 53)
    vulkan (total internal programs: 81, unique: 53)
Compiling shader "Hidden/Internal-DeferredReflections" pass "" (vp)
    Full variant space:         2
    After settings filtering:   2
    After built-in stripping:   6
    After scriptable stripping: 6
    Processed in 0.00 seconds
    starting compilation...
    finished in 0.07 seconds. Local cache hits 0 (0.00s CPU time), remote cache hits 0 (0.00s CPU time), compiled 6 variants (0.34s CPU time), skipped 0 variants
    Prepared data for serialisation in 0.00s
Compiling shader "Hidden/Internal-DeferredReflections" pass "" (vp)
    Full variant space:         4
    After settings filtering:   4
    After built-in stripping:   12
    After scriptable stripping: 12
    Processed in 0.00 seconds
    starting compilation...
    finished in 0.03 seconds. Local cache hits 0 (0.00s CPU time), remote cache hits 0 (0.00s CPU time), compiled 12 variants (0.31s CPU time), skipped 0 variants
    Prepared data for serialisation in 0.00s
Serialized binary data for shader Hidden/Internal-DeferredReflections in 0.00s
    gles3 (total internal programs: 9, unique: 4)
    vulkan (total internal programs: 9, unique: 4)
Compiling shader "Hidden/Internal-MotionVectors" pass "" (vp)
    Full variant space:         2
    After settings filtering:   2
    After built-in stripping:   6
    After scriptable stripping: 6
    Processed in 0.00 seconds
    starting compilation...
    finished in 0.04 seconds. Local cache hits 0 (0.00s CPU time), remote cache hits 0 (0.00s CPU time), compiled 6 variants (0.19s CPU time), skipped 0 variants
    Prepared data for serialisation in 0.00s
Compiling shader "Hidden/Internal-MotionVectors" pass "" (vp)
    Full variant space:         2
    After settings filtering:   2
    After built-in stripping:   6
    After scriptable stripping: 6
    Processed in 0.00 seconds
    starting compilation...
    finished in 0.04 seconds. Local cache hits 0 (0.00s CPU time), remote cache hits 0 (0.00s CPU time), compiled 6 variants (0.21s CPU time), skipped 0 variants
    Prepared data for serialisation in 0.00s
Compiling shader "Hidden/Internal-MotionVectors" pass "" (vp)
    Full variant space:         2
    After settings filtering:   2
    After built-in stripping:   6
    After scriptable stripping: 6
    Processed in 0.00 seconds
    starting compilation...
    finished in 0.04 seconds. Local cache hits 0 (0.00s CPU time), remote cache hits 0 (0.00s CPU time), compiled 6 variants (0.20s CPU time), skipped 0 variants
    Prepared data for serialisation in 0.00s
Serialized binary data for shader Hidden/Internal-MotionVectors in 0.00s
    gles3 (total internal programs: 9, unique: 3)
    vulkan (total internal programs: 9, unique: 3)
Compiling shader "Hidden/Internal-Flare" pass "" (vp)
    Full variant space:         2
    After settings filtering:   2
    After built-in stripping:   6
    After scriptable stripping: 6
    Processed in 0.00 seconds
    starting compilation...
    finished in 0.03 seconds. Local cache hits 0 (0.00s CPU time), remote cache hits 0 (0.00s CPU time), compiled 6 variants (0.14s CPU time), skipped 0 variants
    Prepared data for serialisation in 0.00s
Serialized binary data for shader Hidden/Internal-Flare in 0.00s
    gles3 (total internal programs: 3, unique: 1)
    vulkan (total internal programs: 3, unique: 1)
Compiling shader "Hidden/Internal-Halo" pass "" (vp)
    Full variant space:         8
    After settings filtering:   8
    After built-in stripping:   6
    After scriptable stripping: 6
    Processed in 0.00 seconds
    starting compilation...
    finished in 0.02 seconds. Local cache hits 0 (0.00s CPU time), remote cache hits 0 (0.00s CPU time), compiled 6 variants (0.12s CPU time), skipped 0 variants
    Prepared data for serialisation in 0.00s
Serialized binary data for shader Hidden/Internal-Halo in 0.00s
    gles3 (total internal programs: 3, unique: 1)
    vulkan (total internal programs: 3, unique: 1)
Compiling shader "Hidden/BlitCopyWithDepth" pass "" (vp)
    Full variant space:         2
    After settings filtering:   2
    After built-in stripping:   6
    After scriptable stripping: 6
    Processed in 0.00 seconds
    starting compilation...
    finished in 0.03 seconds. Local cache hits 0 (0.00s CPU time), remote cache hits 0 (0.00s CPU time), compiled 6 variants (0.12s CPU time), skipped 0 variants
    Prepared data for serialisation in 0.00s
Serialized binary data for shader Hidden/BlitCopyWithDepth in 0.00s
    gles3 (total internal programs: 3, unique: 1)
    vulkan (total internal programs: 3, unique: 1)
Compiling shader "Hidden/BlitToDepth" pass "" (vp)
    Full variant space:         2
    After settings filtering:   2
    After built-in stripping:   6
    After scriptable stripping: 6
    Processed in 0.00 seconds
    starting compilation...
    finished in 0.02 seconds. Local cache hits 0 (0.00s CPU time), remote cache hits 0 (0.00s CPU time), compiled 6 variants (0.13s CPU time), skipped 0 variants
    Prepared data for serialisation in 0.00s
Serialized binary data for shader Hidden/BlitToDepth in 0.00s
    gles3 (total internal programs: 3, unique: 1)
    vulkan (total internal programs: 3, unique: 1)
Compiling shader "Hidden/BlitToDepth_MSAA" pass "" (vp)
    Full variant space:         2
    After settings filtering:   2
    After built-in stripping:   6
    After scriptable stripping: 6
    Processed in 0.00 seconds
    starting compilation...
    finished in 0.03 seconds. Local cache hits 0 (0.00s CPU time), remote cache hits 0 (0.00s CPU time), compiled 6 variants (0.14s CPU time), skipped 0 variants
    Prepared data for serialisation in 0.00s
Serialized binary data for shader Hidden/BlitToDepth_MSAA in 0.00s
    gles3 (total internal programs: 3, unique: 1)
    vulkan (total internal programs: 3, unique: 1)
Compiling shader "Hidden/BlitCopyHDRTonemap" pass "" (vp)
    Full variant space:         2
    After settings filtering:   2
    After built-in stripping:   6
    After scriptable stripping: 6
    Processed in 0.00 seconds
    starting compilation...
    finished in 0.04 seconds. Local cache hits 0 (0.00s CPU time), remote cache hits 0 (0.00s CPU time), compiled 6 variants (0.20s CPU time), skipped 0 variants
    Prepared data for serialisation in 0.00s
Serialized binary data for shader Hidden/BlitCopyHDRTonemap in 0.00s
    gles3 (total internal programs: 3, unique: 1)
    vulkan (total internal programs: 3, unique: 1)
Compiling shader "Hidden/Internal-DebugPattern" pass "Target Color and DepthStencil" (vp)
    Full variant space:         2
    After settings filtering:   2
    After built-in stripping:   6
    After scriptable stripping: 6
    Processed in 0.00 seconds
    starting compilation...
    finished in 0.02 seconds. Local cache hits 0 (0.00s CPU time), remote cache hits 0 (0.00s CPU time), compiled 6 variants (0.13s CPU time), skipped 0 variants
    Prepared data for serialisation in 0.00s
Compiling shader "Hidden/Internal-DebugPattern" pass "Target only Color" (vp)
    Full variant space:         2
    After settings filtering:   2
    After built-in stripping:   6
    After scriptable stripping: 6
    Processed in 0.00 seconds
    starting compilation...
    finished in 0.02 seconds. Local cache hits 0 (0.00s CPU time), remote cache hits 0 (0.00s CPU time), compiled 6 variants (0.13s CPU time), skipped 0 variants
    Prepared data for serialisation in 0.00s
Compiling shader "Hidden/Internal-DebugPattern" pass "Target only DepthStencil" (vp)
    Full variant space:         2
    After settings filtering:   2
    After built-in stripping:   6
    After scriptable stripping: 6
    Processed in 0.00 seconds
    starting compilation...
    finished in 0.02 seconds. Local cache hits 0 (0.00s CPU time), remote cache hits 0 (0.00s CPU time), compiled 6 variants (0.12s CPU time), skipped 0 variants
    Prepared data for serialisation in 0.00s
Serialized binary data for shader Hidden/Internal-DebugPattern in 0.00s
    gles3 (total internal programs: 9, unique: 3)
    vulkan (total internal programs: 9, unique: 3)
Compiling shader "Hidden/Internal-GUITextureClip" pass "" (vp)
    Full variant space:         2
    After settings filtering:   2
    After built-in stripping:   6
    After scriptable stripping: 6
    Processed in 0.00 seconds
    starting compilation...
    finished in 0.03 seconds. Local cache hits 0 (0.00s CPU time), remote cache hits 0 (0.00s CPU time), compiled 6 variants (0.16s CPU time), skipped 0 variants
    Prepared data for serialisation in 0.00s
Compiling shader "Hidden/Internal-GUITextureClip" pass "" (vp)
    Full variant space:         2
    After settings filtering:   2
    After built-in stripping:   6
    After scriptable stripping: 6
    Processed in 0.00 seconds
    starting compilation...
    finished in 0.03 seconds. Local cache hits 0 (0.00s CPU time), remote cache hits 0 (0.00s CPU time), compiled 6 variants (0.17s CPU time), skipped 0 variants
    Prepared data for serialisation in 0.00s
Serialized binary data for shader Hidden/Internal-GUITextureClip in 0.00s
    gles3 (total internal programs: 6, unique: 1)
    vulkan (total internal programs: 6, unique: 1)
Compiling shader "Hidden/Internal-GUITextureClipText" pass "" (vp)
    Full variant space:         2
    After settings filtering:   2
    After built-in stripping:   6
    After scriptable stripping: 6
    Processed in 0.00 seconds
    starting compilation...
    finished in 0.03 seconds. Local cache hits 0 (0.00s CPU time), remote cache hits 0 (0.00s CPU time), compiled 6 variants (0.14s CPU time), skipped 0 variants
    Prepared data for serialisation in 0.00s
Compiling shader "Hidden/Internal-GUITextureClipText" pass "" (vp)
    Full variant space:         2
    After settings filtering:   2
    After built-in stripping:   6
    After scriptable stripping: 6
    Processed in 0.00 seconds
    starting compilation...
    finished in 0.02 seconds. Local cache hits 0 (0.00s CPU time), remote cache hits 0 (0.00s CPU time), compiled 6 variants (0.13s CPU time), skipped 0 variants
    Prepared data for serialisation in 0.00s
Serialized binary data for shader Hidden/Internal-GUITextureClipText in 0.00s
    gles3 (total internal programs: 6, unique: 1)
    vulkan (total internal programs: 6, unique: 1)
Compiling shader "Hidden/Internal-GUITexture" pass "" (vp)
    Full variant space:         2
    After settings filtering:   2
    After built-in stripping:   6
    After scriptable stripping: 6
    Processed in 0.00 seconds
    starting compilation...
    finished in 0.02 seconds. Local cache hits 0 (0.00s CPU time), remote cache hits 0 (0.00s CPU time), compiled 6 variants (0.12s CPU time), skipped 0 variants
    Prepared data for serialisation in 0.00s
Compiling shader "Hidden/Internal-GUITexture" pass "" (vp)
    Full variant space:         2
    After settings filtering:   2
    After built-in stripping:   6
    After scriptable stripping: 6
    Processed in 0.00 seconds
    starting compilation...
    finished in 0.02 seconds. Local cache hits 0 (0.00s CPU time), remote cache hits 0 (0.00s CPU time), compiled 6 variants (0.13s CPU time), skipped 0 variants
    Prepared data for serialisation in 0.00s
Serialized binary data for shader Hidden/Internal-GUITexture in 0.00s
    gles3 (total internal programs: 6, unique: 1)
    vulkan (total internal programs: 6, unique: 1)
Compiling shader "Hidden/Internal-GUITextureBlit" pass "" (vp)
    Full variant space:         2
    After settings filtering:   2
    After built-in stripping:   6
    After scriptable stripping: 6
    Processed in 0.00 seconds
    starting compilation...
    finished in 0.03 seconds. Local cache hits 0 (0.00s CPU time), remote cache hits 0 (0.00s CPU time), compiled 6 variants (0.18s CPU time), skipped 0 variants
    Prepared data for serialisation in 0.00s
Compiling shader "Hidden/Internal-GUITextureBlit" pass "" (vp)
    Full variant space:         2
    After settings filtering:   2
    After built-in stripping:   6
    After scriptable stripping: 6
    Processed in 0.00 seconds
    starting compilation...
    finished in 0.03 seconds. Local cache hits 0 (0.00s CPU time), remote cache hits 0 (0.00s CPU time), compiled 6 variants (0.16s CPU time), skipped 0 variants
    Prepared data for serialisation in 0.00s
Serialized binary data for shader Hidden/Internal-GUITextureBlit in 0.00s
    gles3 (total internal programs: 6, unique: 1)
    vulkan (total internal programs: 6, unique: 1)
Compiling shader "Hidden/Internal-GUIRoundedRect" pass "" (vp)
    Full variant space:         2
    After settings filtering:   2
    After built-in stripping:   6
    After scriptable stripping: 6
    Processed in 0.00 seconds
    starting compilation...
    finished in 0.05 seconds. Local cache hits 0 (0.00s CPU time), remote cache hits 0 (0.00s CPU time), compiled 6 variants (0.26s CPU time), skipped 0 variants
    Prepared data for serialisation in 0.00s
Compiling shader "Hidden/Internal-GUIRoundedRect" pass "" (vp)
    Full variant space:         2
    After settings filtering:   2
    After built-in stripping:   6
    After scriptable stripping: 6
    Processed in 0.00 seconds
    starting compilation...
    finished in 0.05 seconds. Local cache hits 0 (0.00s CPU time), remote cache hits 0 (0.00s CPU time), compiled 6 variants (0.26s CPU time), skipped 0 variants
    Prepared data for serialisation in 0.00s
Serialized binary data for shader Hidden/Internal-GUIRoundedRect in 0.00s
    gles3 (total internal programs: 6, unique: 1)
    vulkan (total internal programs: 6, unique: 1)
Compiling shader "Hidden/Internal-GUIRoundedRectWithColorPerBorder" pass "" (vp)
    Full variant space:         2
    After settings filtering:   2
    After built-in stripping:   6
    After scriptable stripping: 6
    Processed in 0.00 seconds
    starting compilation...
    finished in 0.07 seconds. Local cache hits 0 (0.00s CPU time), remote cache hits 0 (0.00s CPU time), compiled 6 variants (0.34s CPU time), skipped 0 variants
    Prepared data for serialisation in 0.00s
Compiling shader "Hidden/Internal-GUIRoundedRectWithColorPerBorder" pass "" (vp)
    Full variant space:         2
    After settings filtering:   2
    After built-in stripping:   6
    After scriptable stripping: 6
    Processed in 0.00 seconds
    starting compilation...
    finished in 0.07 seconds. Local cache hits 0 (0.00s CPU time), remote cache hits 0 (0.00s CPU time), compiled 6 variants (0.32s CPU time), skipped 0 variants
    Prepared data for serialisation in 0.00s
Serialized binary data for shader Hidden/Internal-GUIRoundedRectWithColorPerBorder in 0.00s
    gles3 (total internal programs: 6, unique: 1)
    vulkan (total internal programs: 6, unique: 1)
Compiling shader "Hidden/Internal-UIRDefault" pass "" (vp)
    Full variant space:         2
    After settings filtering:   2
    After built-in stripping:   6
    After scriptable stripping: 6
    Processed in 0.00 seconds
    starting compilation...
    finished in 0.15 seconds. Local cache hits 0 (0.00s CPU time), remote cache hits 0 (0.00s CPU time), compiled 6 variants (0.83s CPU time), skipped 0 variants
    Prepared data for serialisation in 0.00s
Compiling shader "Hidden/Internal-UIRDefault" pass "" (vp)
    Full variant space:         2
    After settings filtering:   2
    After built-in stripping:   6
    After scriptable stripping: 6
    Processed in 0.00 seconds
    starting compilation...
    finished in 0.14 seconds. Local cache hits 0 (0.00s CPU time), remote cache hits 0 (0.00s CPU time), compiled 6 variants (0.75s CPU time), skipped 0 variants
    Prepared data for serialisation in 0.00s
Serialized binary data for shader Hidden/Internal-UIRDefault in 0.00s
    gles3 (total internal programs: 6, unique: 2)
    vulkan (total internal programs: 6, unique: 2)
Compiling shader "Hidden/Internal-UIRAtlasBlitCopy" pass "" (vp)
    Full variant space:         2
    After settings filtering:   2
    After built-in stripping:   6
    After scriptable stripping: 6
    Processed in 0.00 seconds
    starting compilation...
    finished in 0.03 seconds. Local cache hits 0 (0.00s CPU time), remote cache hits 0 (0.00s CPU time), compiled 6 variants (0.18s CPU time), skipped 0 variants
    Prepared data for serialisation in 0.00s
Serialized binary data for shader Hidden/Internal-UIRAtlasBlitCopy in 0.00s
    gles3 (total internal programs: 3, unique: 1)
    vulkan (total internal programs: 3, unique: 1)
Compiling shader "Hidden/Internal-UIRDefaultWorld" pass "" (vp)
    Full variant space:         2
    After settings filtering:   2
    After built-in stripping:   6
    After scriptable stripping: 6
    Processed in 0.00 seconds
    starting compilation...
    finished in 0.15 seconds. Local cache hits 0 (0.00s CPU time), remote cache hits 0 (0.00s CPU time), compiled 6 variants (0.80s CPU time), skipped 0 variants
    Prepared data for serialisation in 0.00s
Compiling shader "Hidden/Internal-UIRDefaultWorld" pass "" (vp)
    Full variant space:         2
    After settings filtering:   2
    After built-in stripping:   6
    After scriptable stripping: 6
    Processed in 0.00 seconds
    starting compilation...
    finished in 0.14 seconds. Local cache hits 0 (0.00s CPU time), remote cache hits 0 (0.00s CPU time), compiled 6 variants (0.73s CPU time), skipped 0 variants
    Prepared data for serialisation in 0.00s
Serialized binary data for shader Hidden/Internal-UIRDefaultWorld in 0.00s
    gles3 (total internal programs: 6, unique: 2)
    vulkan (total internal programs: 6, unique: 2)
Compiling shader "Sprites/Default" pass "" (vp)
    Full variant space:         16
    After settings filtering:   16
    After built-in stripping:   24
    After scriptable stripping: 24
    Processed in 0.00 seconds
    starting compilation...
    finished in 0.05 seconds. Local cache hits 0 (0.00s CPU time), remote cache hits 0 (0.00s CPU time), compiled 24 variants (0.88s CPU time), skipped 0 variants
    Prepared data for serialisation in 0.00s
Serialized binary data for shader Sprites/Default in 0.00s
    gles3 (total internal programs: 12, unique: 4)
    vulkan (total internal programs: 12, unique: 4)
Compiling shader "Sprites/Mask" pass "" (vp)
    Full variant space:         8
    After settings filtering:   8
    After built-in stripping:   24
    After scriptable stripping: 24
    Processed in 0.00 seconds
    starting compilation...
    finished in 0.05 seconds. Local cache hits 0 (0.00s CPU time), remote cache hits 0 (0.00s CPU time), compiled 24 variants (0.90s CPU time), skipped 0 variants
    Prepared data for serialisation in 0.00s
Serialized binary data for shader Sprites/Mask in 0.00s
    gles3 (total internal programs: 12, unique: 4)
    vulkan (total internal programs: 12, unique: 4)
Compiling shader "UI/Default" pass "Default" (vp)
    Full variant space:         8
    After settings filtering:   8
    After built-in stripping:   24
    After scriptable stripping: 24
    Processed in 0.00 seconds
    starting compilation...
    finished in 0.06 seconds. Local cache hits 0 (0.00s CPU time), remote cache hits 0 (0.00s CPU time), compiled 24 variants (1.29s CPU time), skipped 0 variants
    Prepared data for serialisation in 0.00s
Serialized binary data for shader UI/Default in 0.00s
    gles3 (total internal programs: 12, unique: 4)
    vulkan (total internal programs: 12, unique: 4)
Compiling shader "UI/DefaultETC1" pass "Default" (vp)
    Full variant space:         8
    After settings filtering:   8
    After built-in stripping:   24
    After scriptable stripping: 24
    Processed in 0.00 seconds
    starting compilation...
    finished in 0.06 seconds. Local cache hits 0 (0.00s CPU time), remote cache hits 0 (0.00s CPU time), compiled 24 variants (1.12s CPU time), skipped 0 variants
    Prepared data for serialisation in 0.00s
Serialized binary data for shader UI/DefaultETC1 in 0.00s
    gles3 (total internal programs: 12, unique: 4)
    vulkan (total internal programs: 12, unique: 4)
Compiling shader "Hidden/CubeBlur" pass "" (vp)
    Full variant space:         2
    After settings filtering:   2
    After built-in stripping:   6
    After scriptable stripping: 6
    Processed in 0.00 seconds
    starting compilation...
    finished in 0.08 seconds. Local cache hits 0 (0.00s CPU time), remote cache hits 0 (0.00s CPU time), compiled 6 variants (0.42s CPU time), skipped 0 variants
    Prepared data for serialisation in 0.00s
Compiling shader "Hidden/CubeBlur" pass "" (vp)
    Full variant space:         2
    After settings filtering:   2
    After built-in stripping:   6
    After scriptable stripping: 6
    Processed in 0.00 seconds
    starting compilation...
    finished in 0.03 seconds. Local cache hits 0 (0.00s CPU time), remote cache hits 0 (0.00s CPU time), compiled 6 variants (0.16s CPU time), skipped 0 variants
    Prepared data for serialisation in 0.00s
Serialized binary data for shader Hidden/CubeBlur in 0.00s
    gles3 (total internal programs: 6, unique: 2)
    vulkan (total internal programs: 6, unique: 2)
Compiling shader "Hidden/CubeCopy" pass "" (vp)
    Full variant space:         2
    After settings filtering:   2
    After built-in stripping:   6
    After scriptable stripping: 6
    Processed in 0.00 seconds
    starting compilation...
    finished in 0.03 seconds. Local cache hits 0 (0.00s CPU time), remote cache hits 0 (0.00s CPU time), compiled 6 variants (0.13s CPU time), skipped 0 variants
    Prepared data for serialisation in 0.00s
Compiling shader "Hidden/CubeCopy" pass "" (vp)
    Full variant space:         2
    After settings filtering:   2
    After built-in stripping:   6
    After scriptable stripping: 6
    Processed in 0.00 seconds
    starting compilation...
    finished in 0.02 seconds. Local cache hits 0 (0.00s CPU time), remote cache hits 0 (0.00s CPU time), compiled 6 variants (0.13s CPU time), skipped 0 variants
    Prepared data for serialisation in 0.00s
Serialized binary data for shader Hidden/CubeCopy in 0.00s
    gles3 (total internal programs: 6, unique: 1)
    vulkan (total internal programs: 6, unique: 1)
Compiling shader "Hidden/CubeBlend" pass "" (vp)
    Full variant space:         2
    After settings filtering:   2
    After built-in stripping:   6
    After scriptable stripping: 6
    Processed in 0.00 seconds
    starting compilation...
    finished in 0.03 seconds. Local cache hits 0 (0.00s CPU time), remote cache hits 0 (0.00s CPU time), compiled 6 variants (0.16s CPU time), skipped 0 variants
    Prepared data for serialisation in 0.00s
Compiling shader "Hidden/CubeBlend" pass "" (vp)
    Full variant space:         2
    After settings filtering:   2
    After built-in stripping:   6
    After scriptable stripping: 6
    Processed in 0.00 seconds
    starting compilation...
    finished in 0.03 seconds. Local cache hits 0 (0.00s CPU time), remote cache hits 0 (0.00s CPU time), compiled 6 variants (0.15s CPU time), skipped 0 variants
    Prepared data for serialisation in 0.00s
Serialized binary data for shader Hidden/CubeBlend in 0.00s
    gles3 (total internal programs: 6, unique: 1)
    vulkan (total internal programs: 6, unique: 1)
Compiling shader "Hidden/VR/BlitTexArraySlice" pass "" (vp)
    Full variant space:         2
    After settings filtering:   2
    After built-in stripping:   6
    After scriptable stripping: 6
    Processed in 0.00 seconds
    starting compilation...
    finished in 0.03 seconds. Local cache hits 0 (0.00s CPU time), remote cache hits 0 (0.00s CPU time), compiled 6 variants (0.14s CPU time), skipped 0 variants
    Prepared data for serialisation in 0.00s
Serialized binary data for shader Hidden/VR/BlitTexArraySlice in 0.00s
    gles3 (total internal programs: 3, unique: 1)
    vulkan (total internal programs: 3, unique: 1)
Compiling shader "Hidden/Internal-ODSWorldTexture" pass "" (vp)
    Full variant space:         2
    After settings filtering:   2
    After built-in stripping:   6
    After scriptable stripping: 6
    Processed in 0.00 seconds
    starting compilation...
    finished in 0.03 seconds. Local cache hits 0 (0.00s CPU time), remote cache hits 0 (0.00s CPU time), compiled 6 variants (0.13s CPU time), skipped 0 variants
    Prepared data for serialisation in 0.00s
Compiling shader "Hidden/Internal-ODSWorldTexture" pass "" (vp)
    Full variant space:         2
    After settings filtering:   2
    After built-in stripping:   6
    After scriptable stripping: 6
    Processed in 0.00 seconds
    starting compilation...
    finished in 0.03 seconds. Local cache hits 0 (0.00s CPU time), remote cache hits 0 (0.00s CPU time), compiled 6 variants (0.15s CPU time), skipped 0 variants
    Prepared data for serialisation in 0.00s
Compiling shader "Hidden/Internal-ODSWorldTexture" pass "" (vp)
    Full variant space:         2
    After settings filtering:   2
    After built-in stripping:   6
    After scriptable stripping: 6
    Processed in 0.00 seconds
    starting compilation...
    finished in 0.05 seconds. Local cache hits 0 (0.00s CPU time), remote cache hits 0 (0.00s CPU time), compiled 6 variants (0.27s CPU time), skipped 0 variants
    Prepared data for serialisation in 0.00s
Compiling shader "Hidden/Internal-ODSWorldTexture" pass "" (vp)
    Full variant space:         2
    After settings filtering:   2
    After built-in stripping:   6
    After scriptable stripping: 6
    Processed in 0.00 seconds
    starting compilation...
    finished in 0.07 seconds. Local cache hits 0 (0.00s CPU time), remote cache hits 0 (0.00s CPU time), compiled 6 variants (0.39s CPU time), skipped 0 variants
    Prepared data for serialisation in 0.00s
Compiling shader "Hidden/Internal-ODSWorldTexture" pass "" (vp)
    Full variant space:         2
    After settings filtering:   2
    After built-in stripping:   6
    After scriptable stripping: 6
    Processed in 0.00 seconds
    starting compilation...
    finished in 0.03 seconds. Local cache hits 0 (0.00s CPU time), remote cache hits 0 (0.00s CPU time), compiled 6 variants (0.17s CPU time), skipped 0 variants
    Prepared data for serialisation in 0.00s
Compiling shader "Hidden/Internal-ODSWorldTexture" pass "" (vp)
    Full variant space:         2
    After settings filtering:   2
    After built-in stripping:   6
    After scriptable stripping: 6
    Processed in 0.00 seconds
    starting compilation...
    finished in 0.03 seconds. Local cache hits 0 (0.00s CPU time), remote cache hits 0 (0.00s CPU time), compiled 6 variants (0.17s CPU time), skipped 0 variants
    Prepared data for serialisation in 0.00s
Compiling shader "Hidden/Internal-ODSWorldTexture" pass "" (vp)
    Full variant space:         2
    After settings filtering:   2
    After built-in stripping:   6
    After scriptable stripping: 6
    Processed in 0.00 seconds
    starting compilation...
    finished in 0.03 seconds. Local cache hits 0 (0.00s CPU time), remote cache hits 0 (0.00s CPU time), compiled 6 variants (0.19s CPU time), skipped 0 variants
    Prepared data for serialisation in 0.00s
Compiling shader "Hidden/Internal-ODSWorldTexture" pass "" (vp)
    Full variant space:         2
    After settings filtering:   2
    After built-in stripping:   6
    After scriptable stripping: 6
    Processed in 0.00 seconds
    starting compilation...
    finished in 0.03 seconds. Local cache hits 0 (0.00s CPU time), remote cache hits 0 (0.00s CPU time), compiled 6 variants (0.16s CPU time), skipped 0 variants
    Prepared data for serialisation in 0.00s
Compiling shader "Hidden/Internal-ODSWorldTexture" pass "" (vp)
    Full variant space:         2
    After settings filtering:   2
    After built-in stripping:   6
    After scriptable stripping: 6
    Processed in 0.00 seconds
    starting compilation...
    finished in 0.05 seconds. Local cache hits 0 (0.00s CPU time), remote cache hits 0 (0.00s CPU time), compiled 6 variants (0.28s CPU time), skipped 0 variants
    Prepared data for serialisation in 0.00s
Compiling shader "Hidden/Internal-ODSWorldTexture" pass "" (vp)
    Full variant space:         2
    After settings filtering:   2
    After built-in stripping:   6
    After scriptable stripping: 6
    Processed in 0.00 seconds
    starting compilation...
    finished in 0.05 seconds. Local cache hits 0 (0.00s CPU time), remote cache hits 0 (0.00s CPU time), compiled 6 variants (0.25s CPU time), skipped 0 variants
    Prepared data for serialisation in 0.00s
Serialized binary data for shader Hidden/Internal-ODSWorldTexture in 0.00s
    gles3 (total internal programs: 30, unique: 9)
    vulkan (total internal programs: 30, unique: 9)
Compiling shader "Hidden/Internal-CubemapToEquirect" pass "" (vp)
    Full variant space:         2
    After settings filtering:   2
    After built-in stripping:   6
    After scriptable stripping: 6
    Processed in 0.00 seconds
    starting compilation...
    finished in 0.02 seconds. Local cache hits 0 (0.00s CPU time), remote cache hits 0 (0.00s CPU time), compiled 6 variants (0.13s CPU time), skipped 0 variants
    Prepared data for serialisation in 0.00s
Serialized binary data for shader Hidden/Internal-CubemapToEquirect in 0.00s
    gles3 (total internal programs: 3, unique: 1)
    vulkan (total internal programs: 3, unique: 1)
Compiling shader "Hidden/VR/BlitFromTex2DToTexArraySlice" pass "" (vp)
    Full variant space:         1
    After settings filtering:   1
    After built-in stripping:   3
    After scriptable stripping: 3
    Processed in 0.00 seconds
    starting compilation...
    finished in 0.02 seconds. Local cache hits 0 (0.00s CPU time), remote cache hits 0 (0.00s CPU time), compiled 3 variants (0.06s CPU time), skipped 0 variants
    Prepared data for serialisation in 0.00s
Compiling shader "Hidden/VR/BlitFromTex2DToTexArraySlice" pass "" (vp)
    Full variant space:         2
    After settings filtering:   2
    After built-in stripping:   6
    After scriptable stripping: 6
    Processed in 0.00 seconds
    starting compilation...
    finished in 0.03 seconds. Local cache hits 0 (0.00s CPU time), remote cache hits 0 (0.00s CPU time), compiled 6 variants (0.18s CPU time), skipped 0 variants
    Prepared data for serialisation in 0.00s
Serialized binary data for shader Hidden/VR/BlitFromTex2DToTexArraySlice in 0.00s
    gles3 (total internal programs: 6, unique: 2)
    vulkan (total internal programs: 3, unique: 1)
Compiling shader "Hidden/VideoComposite" pass "Default" (vp)
    Full variant space:         2
    After settings filtering:   2
    After built-in stripping:   6
    After scriptable stripping: 6
    Processed in 0.00 seconds
    starting compilation...
    finished in 0.02 seconds. Local cache hits 0 (0.00s CPU time), remote cache hits 0 (0.00s CPU time), compiled 6 variants (0.12s CPU time), skipped 0 variants
    Prepared data for serialisation in 0.00s
Serialized binary data for shader Hidden/VideoComposite in 0.00s
    gles3 (total internal programs: 3, unique: 1)
    vulkan (total internal programs: 3, unique: 1)
Compiling shader "Hidden/VideoDecode" pass "YCbCr_To_RGB1" (vp)
    Full variant space:         4
    After settings filtering:   4
    After built-in stripping:   12
    After scriptable stripping: 12
    Processed in 0.00 seconds
    starting compilation...
    finished in 0.03 seconds. Local cache hits 0 (0.00s CPU time), remote cache hits 0 (0.00s CPU time), compiled 12 variants (0.31s CPU time), skipped 0 variants
    Prepared data for serialisation in 0.00s
Compiling shader "Hidden/VideoDecode" pass "YCbCrA_To_RGBAFull" (vp)
    Full variant space:         4
    After settings filtering:   4
    After built-in stripping:   12
    After scriptable stripping: 12
    Processed in 0.00 seconds
    starting compilation...
    finished in 0.03 seconds. Local cache hits 0 (0.00s CPU time), remote cache hits 0 (0.00s CPU time), compiled 12 variants (0.35s CPU time), skipped 0 variants
    Prepared data for serialisation in 0.00s
Compiling shader "Hidden/VideoDecode" pass "YCbCrA_To_RGBA" (vp)
    Full variant space:         4
    After settings filtering:   4
    After built-in stripping:   12
    After scriptable stripping: 12
    Processed in 0.00 seconds
    starting compilation...
    finished in 0.03 seconds. Local cache hits 0 (0.00s CPU time), remote cache hits 0 (0.00s CPU time), compiled 12 variants (0.34s CPU time), skipped 0 variants
    Prepared data for serialisation in 0.00s
Compiling shader "Hidden/VideoDecode" pass "Flip_RGBA_To_RGBA" (vp)
    Full variant space:         4
    After settings filtering:   4
    After built-in stripping:   12
    After scriptable stripping: 12
    Processed in 0.00 seconds
    starting compilation...
    finished in 0.03 seconds. Local cache hits 0 (0.00s CPU time), remote cache hits 0 (0.00s CPU time), compiled 12 variants (0.32s CPU time), skipped 0 variants
    Prepared data for serialisation in 0.00s
Compiling shader "Hidden/VideoDecode" pass "Flip_RGBASplit_To_RGBA" (vp)
    Full variant space:         4
    After settings filtering:   4
    After built-in stripping:   12
    After scriptable stripping: 12
    Processed in 0.00 seconds
    starting compilation...
    finished in 0.03 seconds. Local cache hits 0 (0.00s CPU time), remote cache hits 0 (0.00s CPU time), compiled 12 variants (0.29s CPU time), skipped 0 variants
    Prepared data for serialisation in 0.00s
Compiling shader "Hidden/VideoDecode" pass "Flip_NV12_To_RGB1" (vp)
    Full variant space:         4
    After settings filtering:   4
    After built-in stripping:   12
    After scriptable stripping: 12
    Processed in 0.00 seconds
    starting compilation...
    finished in 0.03 seconds. Local cache hits 0 (0.00s CPU time), remote cache hits 0 (0.00s CPU time), compiled 12 variants (0.36s CPU time), skipped 0 variants
    Prepared data for serialisation in 0.00s
Compiling shader "Hidden/VideoDecode" pass "Flip_NV12_To_RGBA" (vp)
    Full variant space:         4
    After settings filtering:   4
    After built-in stripping:   12
    After scriptable stripping: 12
    Processed in 0.00 seconds
    starting compilation...
    finished in 0.04 seconds. Local cache hits 0 (0.00s CPU time), remote cache hits 0 (0.00s CPU time), compiled 12 variants (0.40s CPU time), skipped 0 variants
    Prepared data for serialisation in 0.00s
Compiling shader "Hidden/VideoDecode" pass "Flip_P010_To_RGB1" (vp)
    Full variant space:         2
    After settings filtering:   2
    After built-in stripping:   6
    After scriptable stripping: 6
    Processed in 0.00 seconds
    starting compilation...
    finished in 0.03 seconds. Local cache hits 0 (0.00s CPU time), remote cache hits 0 (0.00s CPU time), compiled 6 variants (0.14s CPU time), skipped 0 variants
    Prepared data for serialisation in 0.00s
Serialized binary data for shader Hidden/VideoDecode in 0.00s
    gles3 (total internal programs: 45, unique: 15)
    vulkan (total internal programs: 45, unique: 15)
Compiling shader "Hidden/VideoDecodeAndroid" pass "RGBAExternal_To_RGBA" (vp)
    Full variant space:         2
    After settings filtering:   2
    After built-in stripping:   6
    After scriptable stripping: 6
    Processed in 0.00 seconds
    starting compilation...
    finished in 0.01 seconds. Local cache hits 0 (0.00s CPU time), remote cache hits 0 (0.00s CPU time), compiled 6 variants (0.03s CPU time), skipped 0 variants
    Prepared data for serialisation in 0.00s
Compiling shader "Hidden/VideoDecodeAndroid" pass "RGBASplitExternal_To_RGBA" (vp)
    Full variant space:         2
    After settings filtering:   2
    After built-in stripping:   6
    After scriptable stripping: 6
    Processed in 0.00 seconds
    starting compilation...
    finished in 0.01 seconds. Local cache hits 0 (0.00s CPU time), remote cache hits 0 (0.00s CPU time), compiled 6 variants (0.02s CPU time), skipped 0 variants
    Prepared data for serialisation in 0.00s
Serialized binary data for shader Hidden/VideoDecodeAndroid in 0.00s
    gles3 (total internal programs: 12, unique: 12)
    vulkan (total internal programs: 0, unique: 0)
Compiling shader "Hidden/TextCore/Distance Field SSD" pass "" (vp)
    Full variant space:         2
    After settings filtering:   2
    After built-in stripping:   6
    After scriptable stripping: 6
    Processed in 0.00 seconds
    starting compilation...
    finished in 0.05 seconds. Local cache hits 0 (0.00s CPU time), remote cache hits 0 (0.00s CPU time), compiled 6 variants (0.26s CPU time), skipped 0 variants
    Prepared data for serialisation in 0.00s
Serialized binary data for shader Hidden/TextCore/Distance Field SSD in 0.00s
    gles3 (total internal programs: 3, unique: 1)
    vulkan (total internal programs: 3, unique: 1)
DisplayProgressbar: Initializing
Android PostProcess task "Initializing" took 0.3761 ms
DisplayProgressbar: Check gradle project collisions
Android PostProcess task "Check gradle project collisions" took 0.4895 ms
DisplayProgressbar: Preparing banner
Android PostProcess task "Preparing banner" took 0.3023 ms
info: Microsoft.AspNetCore.Hosting.Diagnostics[1]
      Request starting HTTP/2 POST http://ilpp/UnityILPP.PostProcessing/Ping application/grpc -
info: Microsoft.AspNetCore.Routing.EndpointMiddleware[0]
      Executing endpoint 'gRPC - /UnityILPP.PostProcessing/Ping'
info: Microsoft.AspNetCore.Routing.EndpointMiddleware[1]
      Executed endpoint 'gRPC - /UnityILPP.PostProcessing/Ping'
info: Microsoft.AspNetCore.Hosting.Diagnostics[2]
      Request finished HTTP/2 POST http://ilpp/UnityILPP.PostProcessing/Ping application/grpc - - 200 - application/grpc 0.4767ms
Starting: D:\Tuanjie\2022.3.62t8\Editor\Data\bee_backend.exe --dont-print-to-structured-log --ipc --dagfile="Library/Bee/Playerd9cd1ce0.dag" --profile="Library/Bee/backend1.traceevents" Player
WorkingDir: G:/maomaomao/unity/companion-cat
[             ] Require frontend run.  Library/Bee/Playerd9cd1ce0.dag couldn't be loaded
Starting: D:\Tuanjie\2022.3.62t8\Editor\Data\Tools\netcorerun\netcorerun.exe "D:\Tuanjie\2022.3.62t8\Editor\Data\PlaybackEngines\AndroidPlayer\AndroidPlayerBuildProgram.exe" "D:/Tuanjie/2022.3.62t8/Editor/Data/PlaybackEngines/AndroidPlayer/Bee;D:/Tuanjie/2022.3.62t8/Editor/Data/Tools/BuildPipeline" "Library/Bee/Playerd9cd1ce0.dag.json" "Library/Bee/Playerd9cd1ce0-inputdata.json" "Library\Bee\buildprogram0.traceevents"
WorkingDir: G:/maomaomao/unity/companion-cat
ExitCode: 4 Duration: 0s27ms
DisplayProgressbar: Incremental Player Build
ExitCode: 0 Duration: 0s250ms
Starting: D:\Tuanjie\2022.3.62t8\Editor\Data\bee_backend.exe --dont-print-to-structured-log --ipc --dagfile="Library/Bee/Playerd9cd1ce0.dag" --dagfilejson="Library\Bee\Playerd9cd1ce0.dag.json" --profile="Library/Bee/backend2.traceevents" Player
WorkingDir: G:/maomaomao/unity/companion-cat
Finished compiling graph: 371 nodes, 848 flattened edges (848 ToBuild, 0 ToUse), maximum node priority 8
[  1/366    0s] WriteText Library/Bee/artifacts/csharpactions/UnityEngine.GIModule-FeaturesChecked.txt_xq4v.info
[  2/366    0s] WriteText Library/Bee/artifacts/csharpactions/UnityEngine.GridModule-FeaturesChecked.txt_5p9t.info
[  3/366    0s] WriteText Library/Bee/artifacts/csharpactions/UnityEngine.AIModule-FeaturesChecked.txt_jr17.info
[  4/366    0s] WriteText Library/Bee/artifacts/csharpactions/glTFast.dots-FeaturesChecked.txt_lz4v.info
[  5/366    0s] WriteText Library/Bee/artifacts/csharpactions/UnityEngine.AnimationModule-FeaturesChecked.txt_3sdh.info
[  6/366    0s] WriteText Library/Bee/artifacts/csharpactions/UnityEngine.TextCoreFontEngineModule-FeaturesChecked.txt_4rfo.info
[  7/366    0s] WriteText Library/Bee/artifacts/csharpactions/UnityEngine.AndroidJNIModule-FeaturesChecked.txt_x3ln.info
[  8/366    0s] WriteText Library/Bee/artifacts/csharpactions/UnityEngine.AndroidAppViewModule-FeaturesChecked.txt_mia5.info
[  9/366    0s] WriteText Library/Bee/artifacts/csharpactions/UnityEngine.ARModule-FeaturesChecked.txt_crib.info
[ 10/366    0s] WriteText Library/Bee/artifacts/csharpactions/UnityEngine.TerrainPhysicsModule-FeaturesChecked.txt_15vy.info
[ 11/366    0s] WriteText Library/Bee/artifacts/csharpactions/UnityEngine.AudioModule-FeaturesChecked.txt_tbfa.info
[ 12/366    0s] WriteText Library/Bee/artifacts/csharpactions/UnityEngine.AccessibilityModule-FeaturesChecked.txt_ttts.info
[ 13/366    0s] WriteText Library/Bee/artifacts/csharpactions/System.Xml.Linq-FeaturesChecked.txt_ghye.info
[ 14/366    0s] WriteText Library/Bee/artifacts/csharpactions/UnityEngine.TerrainModule-FeaturesChecked.txt_wybo.info
[ 15/366    0s] WriteText Library/Bee/artifacts/csharpactions/UnityEngine.AutoStreamingModule-FeaturesChecked.txt_qr7x.info
[ 16/366    0s] WriteText Library/Bee/artifacts/csharpactions/UnityEngine.ContentLoadModule-FeaturesChecked.txt_23ys.info
[ 17/366    0s] WriteText Library/Bee/artifacts/csharpactions/UnityEngine.SubsystemsModule-FeaturesChecked.txt_vzqa.info
[ 18/366    0s] WriteText Library/Bee/artifacts/csharpactions/UnityEngine.TLSModule-FeaturesChecked.txt_i3n3.info
[ 19/366    0s] WriteText Library/Bee/artifacts/csharpactions/UnityEngine.EmbeddedLinuxApiModule-FeaturesChecked.txt_ns2p.info
[ 20/366    0s] WriteText Library/Bee/artifacts/csharpactions/UnityEngine.DirectorModule-FeaturesChecked.txt_ruda.info
[ 21/366    0s] WriteText Library/Bee/artifacts/csharpactions/UnityEngine.DSPGraphModule-FeaturesChecked.txt_sa00.info
[ 22/366    0s] WriteText Library/Bee/artifacts/csharpactions/UnityEngine.ClothModule-FeaturesChecked.txt_t4wd.info
[ 23/366    0s] WriteText Library/Bee/artifacts/csharpactions/boot.config_x4e9.info
[ 24/366    0s] WriteText Library/Bee/artifacts/csharpactions/UnityEngine.CoreModule-FeaturesChecked.txt_uimb.info
[ 25/366    0s] WriteText Library/Bee/artifacts/csharpactions/UnityEngine.CrashReportingModule-FeaturesChecked.txt_yrdm.info
[ 26/366    0s] WriteText Library/Bee/artifacts/csharpactions/UnityEngine.SubstanceModule-FeaturesChecked.txt_3jeb.info
[ 27/366    0s] WriteText Library/Bee/artifacts/csharpactions/UnityEngine.StreamingModule-FeaturesChecked.txt_hlqf.info
[ 28/366    0s] WriteText Library/Bee/artifacts/csharpactions/UnityEngine.SpriteShapeModule-FeaturesChecked.txt_zrrh.info
[ 29/366    0s] WriteText Library/Bee/artifacts/csharpactions/UnityEngine.GameCenterModule-FeaturesChecked.txt_mquo.info
[ 30/366    0s] WriteText Library/Bee/artifacts/csharpactions/UnityEngine.ScreenCaptureModule-FeaturesChecked.txt_dsz7.info
[ 31/366    0s] WriteText Library/Bee/artifacts/csharpactions/UnityEngine.SpriteMaskModule-FeaturesChecked.txt_g2rc.info
[ 32/366    0s] WriteText Library/Bee/artifacts/csharpactions/UnityEngine.SharedInternalsModule-FeaturesChecked.txt_sm9d.info
[ 33/366    0s] WriteText Library/Bee/artifacts/csharpactions/UnityEngine.InfinityModule-FeaturesChecked.txt_zzc8.info
[ 34/366    0s] WriteText Library/Bee/artifacts/csharpactions/UnityEngine.RuntimeInitializeOnLoadManagerInitializerModule-FeaturesChecked.txt_tunv.info
[ 35/366    0s] WriteText Library/Bee/artifacts/csharpactions/UnityEngine.PropertiesModule-FeaturesChecked.txt_m9z5.info
[ 36/366    0s] WriteText Library/Bee/artifacts/csharpactions/UnityEngine.HotReloadModule-FeaturesChecked.txt_hu6r.info
[ 37/366    0s] WriteText Library/Bee/artifacts/csharpactions/UnityEngine.ProfilerModule-FeaturesChecked.txt_8pk7.info
[ 38/366    0s] WriteText Library/Bee/artifacts/csharpactions/UnityEngine.AssetBundleModule-FeaturesChecked.txt_1gjh.info
[ 39/366    0s] WriteText Library/Bee/artifacts/csharpactions/UnityEngine.Physics2DModule-FeaturesChecked.txt_45hf.info
[ 40/366    0s] WriteText Library/Bee/artifacts/csharpactions/UnityEngine.PhysicsModule-FeaturesChecked.txt_2l1t.info
[ 41/366    0s] WriteText Library/Bee/artifacts/csharpactions/UnityEngine.ImageConversionModule-FeaturesChecked.txt_cml2.info
[ 42/366    0s] WriteText Library/Bee/artifacts/csharpactions/UnityEngine.PerformanceReportingModule-FeaturesChecked.txt_pjc8.info
[ 43/366    0s] WriteText Library/Bee/artifacts/csharpactions/UnityEngine-FeaturesChecked.txt_x1ug.info
[ 44/366    0s] WriteText Library/Bee/artifacts/csharpactions/sharedassets0.assets_v4ez.info
[ 45/366    0s] WriteText Library/Bee/artifacts/csharpactions/UnityEngine.ParticleSystemModule-FeaturesChecked.txt_kapj.info
[ 46/366    0s] WriteText Library/Bee/artifacts/csharpactions/UnityEngine.IMGUIModule-FeaturesChecked.txt_ufk2.info
[ 47/366    0s] WriteText Library/Bee/artifacts/csharpactions/UnityEngine.OpenHarmonyJSModule-FeaturesChecked.txt_g2mz.info
[ 48/366    0s] WriteText Library/Bee/artifacts/csharpactions/level0_isf5.info
[ 49/366    0s] WriteText Library/Bee/artifacts/csharpactions/System-FeaturesChecked.txt_v90b.info
[ 50/366    0s] WriteText Library/Bee/artifacts/csharpactions/mscorlib-FeaturesChecked.txt_pwj8.info
[ 51/366    0s] WriteText Library/Bee/artifacts/csharpactions/System.Transactions-FeaturesChecked.txt_e9ns.info
[ 52/366    0s] WriteText Library/Bee/artifacts/csharpactions/UnityEngine.OcclusionCullingModule-FeaturesChecked.txt_qccv.info
[ 53/366    0s] WriteText Library/Bee/artifacts/csharpactions/System.Xml-FeaturesChecked.txt_wnnz.info
[ 54/366    0s] WriteText Library/Bee/artifacts/csharpactions/UnityEngine.LocalizationModule-FeaturesChecked.txt_c5g9.info
[ 55/366    0s] WriteText Library/Bee/artifacts/csharpactions/UnityEngine.JSONSerializeModule-FeaturesChecked.txt_vjsc.info
[ 56/366    0s] WriteText Library/Bee/artifacts/csharpactions/UnityEngine.InstantAssetModule-FeaturesChecked.txt_yphk.info
[ 57/366    0s] WriteText Library/Bee/artifacts/csharpactions/UnityEngine.InputModule-FeaturesChecked.txt_xblj.info
[ 58/366    0s] WriteText Library/Bee/artifacts/csharpactions/UnityEngine.InputLegacyModule-FeaturesChecked.txt_y5my.info
[ 59/366    0s] WriteText Library/Bee/artifacts/csharpactions/UnityEngine.TextCoreTextEngineModule-FeaturesChecked.txt_el85.info
[ 60/366    0s] WriteText Library/Bee/artifacts/csharpactions/UnityEngine.TextRenderingModule-FeaturesChecked.txt_ighi.info
[ 61/366    0s] WriteText Library/Bee/artifacts/csharpactions/UnityEngine.TextureManagerModule-FeaturesChecked.txt_lhc7.info
[ 62/366    0s] WriteText Library/Bee/artifacts/csharpactions/UnityEngine.TuanjieGIModule-FeaturesChecked.txt_9she.info
[ 63/366    0s] WriteText Library/Bee/artifacts/csharpactions/UnityEngine.TilemapModule-FeaturesChecked.txt_xct4.info
[ 64/366    0s] WriteText Library/Bee/artifacts/csharpactions/UnityEngine.UIModule-FeaturesChecked.txt_zatd.info
[ 65/366    0s] WriteText Library/Bee/artifacts/csharpactions/UnityEngine.UIElementsModule-FeaturesChecked.txt_aabo.info
[ 66/366    0s] WriteText Library/Bee/artifacts/csharpactions/UnityEngine.UmbraModule-FeaturesChecked.txt_sk2p.info
[ 67/366    0s] WriteText Library/Bee/artifacts/csharpactions/UnityEngine.UnityAnalyticsCommonModule-FeaturesChecked.txt_z4m3.info
[ 68/366    0s] WriteText Library/Bee/artifacts/csharpactions/UnityEngine.UnityAnalyticsModule-FeaturesChecked.txt_cjxw.info
[ 69/366    0s] WriteText Library/Bee/artifacts/csharpactions/UnityEngine.UnityCurlModule-FeaturesChecked.txt_k4qz.info
[ 70/366    0s] WriteText Library/Bee/artifacts/csharpactions/UnityEngine.UnityConnectModule-FeaturesChecked.txt_ck2r.info
[ 71/366    0s] WriteText Library/Bee/artifacts/csharpactions/UnityEngine.UnityTestProtocolModule-FeaturesChecked.txt_2b9e.info
[ 72/366    0s] WriteText Library/Bee/artifacts/csharpactions/UnityEngine.UnityWebRequestAssetBundleModule-FeaturesChecked.txt_dju7.info
[ 73/366    0s] WriteText Library/Bee/artifacts/csharpactions/UnityEngine.UnityWebRequestAudioModule-FeaturesChecked.txt_1uoh.info
[ 74/366    0s] WriteText Library/Bee/artifacts/csharpactions/UnityEngine.UnityWebRequestModule-FeaturesChecked.txt_jk15.info
[ 75/366    0s] WriteText Library/Bee/artifacts/csharpactions/UnityEngine.UnityWebRequestTextureModule-FeaturesChecked.txt_isnv.info
[ 76/366    0s] WriteText Library/Bee/artifacts/csharpactions/UnityEngine.UnityWebRequestWWWModule-FeaturesChecked.txt_eosx.info
[ 77/366    0s] WriteText Library/Bee/artifacts/csharpactions/UnityEngine.VFXModule-FeaturesChecked.txt_r8mm.info
[ 78/366    0s] WriteText Library/Bee/artifacts/csharpactions/UnityEngine.VRModule-FeaturesChecked.txt_nz9x.info
[ 79/366    0s] WriteText Library/Bee/artifacts/csharpactions/UnityEngine.VehiclesModule-FeaturesChecked.txt_a1wc.info
[ 80/366    0s] WriteText Library/Bee/artifacts/csharpactions/UnityEngine.VideoModule-FeaturesChecked.txt_2ixs.info
[ 81/366    0s] WriteText Library/Bee/artifacts/csharpactions/UnityEngine.WindModule-FeaturesChecked.txt_jjbj.info
[ 82/366    0s] WriteText Library/Bee/artifacts/csharpactions/UnityEngine.XRModule-FeaturesChecked.txt_xks3.info
[ 83/366    0s] WriteText Library/Bee/artifacts/csharpactions/globalgamemanagers.assets_wxz5.info
[ 84/366    0s] WriteText Library/Bee/artifacts/csharpactions/Assembly-CSharp-FeaturesChecked.txt_ki5r.info
[ 85/366    0s] WriteText Library/Bee/artifacts/csharpactions/System.Data-FeaturesChecked.txt_r76e.info
[ 86/366    0s] WriteText Library/Bee/artifacts/csharpactions/glTFast.Export-FeaturesChecked.txt_vzrg.info
[ 87/366    0s] WriteText Library/Bee/artifacts/csharpactions/glTFast.Newtonsoft-FeaturesChecked.txt_kwlt.info
[ 88/366    0s] WriteText Library/Bee/artifacts/csharpactions/Unity.Burst-FeaturesChecked.txt_5voi.info
[ 89/366    0s] WriteText Library/Bee/artifacts/csharpactions/Unity.Collections-FeaturesChecked.txt_imay.info
[ 90/366    0s] WriteText Library/Bee/artifacts/csharpactions/glTFast-FeaturesChecked.txt_5oxn.info
[ 91/366    0s] WriteText Library/Bee/artifacts/csharpactions/glTFast.Documentation.Examples-FeaturesChecked.txt_w114.info
[ 92/366    0s] WriteText Library/Bee/artifacts/csharpactions/Unity.Mathematics-FeaturesChecked.txt_bwkn.info
[ 93/366    0s] WriteText Library/Bee/artifacts/csharpactions/Unity.Collections.LowLevel.ILSupport-FeaturesChecked.txt_orex.info
[ 94/366    0s] WriteText Library/Bee/artifacts/csharpactions/Unity.Burst.Unsafe-FeaturesChecked.txt_9x4w.info
[ 95/366    0s] WriteText Library/Bee/artifacts/csharpactions/System.Runtime-FeaturesChecked.txt_lyog.info
[ 96/366    0s] WriteText Library/Bee/artifacts/csharpactions/netstandard-FeaturesChecked.txt_gaje.info
[ 97/366    0s] WriteText Library/Bee/artifacts/csharpactions/Mono.Security-FeaturesChecked.txt_pcel.info
[ 98/366    0s] WriteText Library/Bee/artifacts/csharpactions/System.ComponentModel.Composition-FeaturesChecked.txt_1seo.info
[ 99/366    0s] WriteText Library/Bee/artifacts/csharpactions/System.Configuration-FeaturesChecked.txt_vfp9.info
[100/366    0s] WriteText Library/Bee/artifacts/csharpactions/System.Core-FeaturesChecked.txt_k2yd.info
[101/366    0s] WriteText Library/Bee/artifacts/csharpactions/System.Data.DataSetExtensions-FeaturesChecked.txt_p7rm.info
[102/366    0s] WriteText Library/Bee/artifacts/csharpactions/System.Drawing-FeaturesChecked.txt_f5g4.info
[103/366    0s] WriteText Library/Bee/artifacts/csharpactions/System.EnterpriseServices-FeaturesChecked.txt_kuui.info
[104/366    0s] WriteText Library/Bee/artifacts/csharpactions/System.IO.Compression.FileSystem-FeaturesChecked.txt_8xhs.info
[105/366    0s] WriteText Library/Bee/artifacts/csharpactions/System.IO.Compression-FeaturesChecked.txt_ziug.info
[106/366    0s] WriteText Library/Bee/artifacts/csharpactions/System.Net.Http-FeaturesChecked.txt_6zy9.info
[107/366    0s] WriteText Library/Bee/artifacts/csharpactions/System.Numerics-FeaturesChecked.txt_zs7y.info
[108/366    0s] WriteText Library/Bee/artifacts/csharpactions/System.Security-FeaturesChecked.txt_pdzz.info
[109/366    0s] WriteText Library/Bee/artifacts/csharpactions/System.Runtime.Serialization-FeaturesChecked.txt_b9hm.info
[110/366    0s] WriteText Library/Bee/artifacts/csharpactions/System.ServiceModel.Internals-FeaturesChecked.txt_het8.info
[111/366    0s] SplitFile Library/Bee/artifacts/Android/Split/globalgamemanagers.assets
[112/366    0s] ExtractUsedFeatures Library/Bee/artifacts/Android/Features/UnityEngine.XRModule-FeaturesChecked.txt
[113/366    0s] ExtractUsedFeatures Library/Bee/artifacts/Android/Features/UnityEngine.VideoModule-FeaturesChecked.txt
[114/366    0s] ExtractUsedFeatures Library/Bee/artifacts/Android/Features/UnityEngine.VehiclesModule-FeaturesChecked.txt
[115/366    0s] ExtractUsedFeatures Library/Bee/artifacts/Android/Features/UnityEngine.WindModule-FeaturesChecked.txt
[116/366    0s] ExtractUsedFeatures Library/Bee/artifacts/Android/Features/System.Data-FeaturesChecked.txt
[117/366    0s] ExtractUsedFeatures Library/Bee/artifacts/Android/Features/System.ComponentModel.Composition-FeaturesChecked.txt
[118/366    0s] ExtractUsedFeatures Library/Bee/artifacts/Android/Features/System.Core-FeaturesChecked.txt
[119/366    0s] ExtractUsedFeatures Library/Bee/artifacts/Android/Features/System.Data.DataSetExtensions-FeaturesChecked.txt
[120/366    0s] ExtractUsedFeatures Library/Bee/artifacts/Android/Features/System.IO.Compression.FileSystem-FeaturesChecked.txt
[121/366    0s] ExtractUsedFeatures Library/Bee/artifacts/Android/Features/System.Configuration-FeaturesChecked.txt
[122/366    0s] ExtractUsedFeatures Library/Bee/artifacts/Android/Features/System.Drawing-FeaturesChecked.txt
[123/366    0s] ExtractUsedFeatures Library/Bee/artifacts/Android/Features/System.Runtime.Serialization-FeaturesChecked.txt
[124/366    0s] ExtractUsedFeatures Library/Bee/artifacts/Android/Features/System.ServiceModel.Internals-FeaturesChecked.txt
[125/366    0s] ExtractUsedFeatures Library/Bee/artifacts/Android/Features/System.Numerics-FeaturesChecked.txt
[126/366    0s] ExtractUsedFeatures Library/Bee/artifacts/Android/Features/System.EnterpriseServices-FeaturesChecked.txt
[127/366    0s] ExtractUsedFeatures Library/Bee/artifacts/Android/Features/System.Security-FeaturesChecked.txt
[128/366    0s] ExtractUsedFeatures Library/Bee/artifacts/Android/Features/Assembly-CSharp-FeaturesChecked.txt
[129/366    0s] ExtractUsedFeatures Library/Bee/artifacts/Android/Features/glTFast.Newtonsoft-FeaturesChecked.txt
[130/366    0s] ExtractUsedFeatures Library/Bee/artifacts/Android/Features/System.IO.Compression-FeaturesChecked.txt
[131/366    0s] ExtractUsedFeatures Library/Bee/artifacts/Android/Features/System.Runtime-FeaturesChecked.txt
[132/366    0s] ExtractUsedFeatures Library/Bee/artifacts/Android/Features/Unity.Burst.Unsafe-FeaturesChecked.txt
[133/366    0s] ExtractUsedFeatures Library/Bee/artifacts/Android/Features/System.Net.Http-FeaturesChecked.txt
[134/366    0s] ExtractUsedFeatures Library/Bee/artifacts/Android/Features/glTFast.Export-FeaturesChecked.txt
[135/366    0s] ExtractUsedFeatures Library/Bee/artifacts/Android/Features/netstandard-FeaturesChecked.txt
[136/366    0s] ExtractUsedFeatures Library/Bee/artifacts/Android/Features/Unity.Collections.LowLevel.ILSupport-FeaturesChecked.txt
[137/366    0s] ExtractUsedFeatures Library/Bee/artifacts/Android/Features/glTFast.Documentation.Examples-FeaturesChecked.txt
[138/366    0s] ExtractUsedFeatures Library/Bee/artifacts/Android/Features/Mono.Security-FeaturesChecked.txt
[139/366    0s] ExtractUsedFeatures Library/Bee/artifacts/Android/Features/Unity.Burst-FeaturesChecked.txt
[140/366    0s] ExtractUsedFeatures Library/Bee/artifacts/Android/Features/Unity.Collections-FeaturesChecked.txt
[141/366    0s] ExtractUsedFeatures Library/Bee/artifacts/Android/Features/glTFast-FeaturesChecked.txt
[142/366    0s] ExtractUsedFeatures Library/Bee/artifacts/Android/Features/UnityEngine.OcclusionCullingModule-FeaturesChecked.txt
[143/366    0s] ExtractUsedFeatures Library/Bee/artifacts/Android/Features/UnityEngine.UnityWebRequestWWWModule-FeaturesChecked.txt
[144/366    0s] ExtractUsedFeatures Library/Bee/artifacts/Android/Features/Unity.Mathematics-FeaturesChecked.txt
[145/366    0s] ExtractUsedFeatures Library/Bee/artifacts/Android/Features/UnityEngine.VFXModule-FeaturesChecked.txt
[146/366    0s] ExtractUsedFeatures Library/Bee/artifacts/Android/Features/UnityEngine.VRModule-FeaturesChecked.txt
[147/366    0s] ExtractUsedFeatures Library/Bee/artifacts/Android/Features/UnityEngine.UnityWebRequestModule-FeaturesChecked.txt
[148/366    0s] ExtractUsedFeatures Library/Bee/artifacts/Android/Features/UnityEngine.UnityWebRequestTextureModule-FeaturesChecked.txt
[149/366    0s] ExtractUsedFeatures Library/Bee/artifacts/Android/Features/UnityEngine.UnityWebRequestAssetBundleModule-FeaturesChecked.txt
[150/366    0s] ExtractUsedFeatures Library/Bee/artifacts/Android/Features/UnityEngine.UnityWebRequestAudioModule-FeaturesChecked.txt
[151/366    0s] ExtractUsedFeatures Library/Bee/artifacts/Android/Features/UnityEngine.UnityConnectModule-FeaturesChecked.txt
[152/366    0s] ExtractUsedFeatures Library/Bee/artifacts/Android/Features/UnityEngine.UnityTestProtocolModule-FeaturesChecked.txt
[153/366    0s] ExtractUsedFeatures Library/Bee/artifacts/Android/Features/UnityEngine.UnityAnalyticsModule-FeaturesChecked.txt
[154/366    0s] ExtractUsedFeatures Library/Bee/artifacts/Android/Features/UnityEngine.UnityCurlModule-FeaturesChecked.txt
[155/366    0s] ExtractUsedFeatures Library/Bee/artifacts/Android/Features/UnityEngine.UnityAnalyticsCommonModule-FeaturesChecked.txt
[156/366    0s] ExtractUsedFeatures Library/Bee/artifacts/Android/Features/UnityEngine.UmbraModule-FeaturesChecked.txt
[157/366    0s] ExtractUsedFeatures Library/Bee/artifacts/Android/Features/UnityEngine.UIElementsModule-FeaturesChecked.txt
[158/366    0s] ExtractUsedFeatures Library/Bee/artifacts/Android/Features/UnityEngine.TuanjieGIModule-FeaturesChecked.txt
[159/366    0s] ExtractUsedFeatures Library/Bee/artifacts/Android/Features/UnityEngine.TextCoreTextEngineModule-FeaturesChecked.txt
[160/366    0s] ExtractUsedFeatures Library/Bee/artifacts/Android/Features/UnityEngine.TextRenderingModule-FeaturesChecked.txt
[161/366    0s] ExtractUsedFeatures Library/Bee/artifacts/Android/Features/UnityEngine.UIModule-FeaturesChecked.txt
[162/366    0s] ExtractUsedFeatures Library/Bee/artifacts/Android/Features/UnityEngine.InputModule-FeaturesChecked.txt
[163/366    0s] ExtractUsedFeatures Library/Bee/artifacts/Android/Features/UnityEngine.InstantAssetModule-FeaturesChecked.txt
[164/366    0s] ExtractUsedFeatures Library/Bee/artifacts/Android/Features/UnityEngine.JSONSerializeModule-FeaturesChecked.txt
[165/366    0s] ExtractUsedFeatures Library/Bee/artifacts/Android/Features/UnityEngine.TilemapModule-FeaturesChecked.txt
[166/366    0s] ExtractUsedFeatures Library/Bee/artifacts/Android/Features/UnityEngine.InputLegacyModule-FeaturesChecked.txt
[167/366    0s] ExtractUsedFeatures Library/Bee/artifacts/Android/Features/UnityEngine.TextureManagerModule-FeaturesChecked.txt
[168/366    0s] ExtractUsedFeatures Library/Bee/artifacts/Android/Features/UnityEngine.LocalizationModule-FeaturesChecked.txt
[169/366    0s] SplitFile Library/Bee/artifacts/Android/Split/level0
[170/366    0s] ExtractUsedFeatures Library/Bee/artifacts/Android/Features/UnityEngine.CrashReportingModule-FeaturesChecked.txt
[171/366    0s] ExtractUsedFeatures Library/Bee/artifacts/Android/Features/System.Transactions-FeaturesChecked.txt
[172/366    0s] ExtractUsedFeatures Library/Bee/artifacts/Android/Features/System.Xml-FeaturesChecked.txt
[173/366    0s] ExtractUsedFeatures Library/Bee/artifacts/Android/Features/System-FeaturesChecked.txt
[174/366    0s] SplitFile Library/Bee/artifacts/Android/Split/sharedassets0.assets
[175/366    0s] ExtractUsedFeatures Library/Bee/artifacts/Android/Features/UnityEngine.OpenHarmonyJSModule-FeaturesChecked.txt
[176/366    0s] ExtractUsedFeatures Library/Bee/artifacts/Android/Features/UnityEngine.IMGUIModule-FeaturesChecked.txt
[177/366    0s] ExtractUsedFeatures Library/Bee/artifacts/Android/Features/UnityEngine.ParticleSystemModule-FeaturesChecked.txt
[178/366    0s] ExtractUsedFeatures Library/Bee/artifacts/Android/Features/UnityEngine-FeaturesChecked.txt
[179/366    0s] ExtractUsedFeatures Library/Bee/artifacts/Android/Features/UnityEngine.Physics2DModule-FeaturesChecked.txt
[180/366    0s] ExtractUsedFeatures Library/Bee/artifacts/Android/Features/UnityEngine.AssetBundleModule-FeaturesChecked.txt
[181/366    0s] ExtractUsedFeatures Library/Bee/artifacts/Android/Features/UnityEngine.PerformanceReportingModule-FeaturesChecked.txt
[182/366    0s] ExtractUsedFeatures Library/Bee/artifacts/Android/Features/UnityEngine.ProfilerModule-FeaturesChecked.txt
[183/366    0s] ExtractUsedFeatures Library/Bee/artifacts/Android/Features/UnityEngine.ImageConversionModule-FeaturesChecked.txt
[184/366    0s] ExtractUsedFeatures Library/Bee/artifacts/Android/Features/UnityEngine.PhysicsModule-FeaturesChecked.txt
[185/366    0s] ExtractUsedFeatures Library/Bee/artifacts/Android/Features/UnityEngine.HotReloadModule-FeaturesChecked.txt
[186/366    0s] ExtractUsedFeatures Library/Bee/artifacts/Android/Features/UnityEngine.PropertiesModule-FeaturesChecked.txt
[187/366    0s] AddBootConfigGUID Library/Bee/artifacts/Android/boot.config
[188/366    0s] ExtractUsedFeatures Library/Bee/artifacts/Android/Features/UnityEngine.SharedInternalsModule-FeaturesChecked.txt
[189/366    0s] ExtractUsedFeatures Library/Bee/artifacts/Android/Features/UnityEngine.StreamingModule-FeaturesChecked.txt
[190/366    0s] WriteText Library/Bee/artifacts/csharpactions/build.gradle_88lt.info
[191/366    0s] WriteText Library/Bee/artifacts/csharpactions/unity_app_guid_y9d7.info
[192/366    0s] WriteText Library/Bee/artifacts/csharpactions/LauncherManifestDiag.txt_zvqu.info
[193/366    0s] ExtractUsedFeatures Library/Bee/artifacts/Android/Features/UnityEngine.SpriteMaskModule-FeaturesChecked.txt
[194/366    0s] ExtractUsedFeatures Library/Bee/artifacts/Android/Features/UnityEngine.RuntimeInitializeOnLoadManagerInitializerModule-FeaturesChecked.txt
[195/366    0s] CopyFiles G:/maomaomao/unity-export/tuanjieLibrary/src/main/jniLibs/armeabi-v7a/libunity.so
[196/366    0s] CopyFiles G:/maomaomao/unity-export/tuanjieLibrary/src/main/jniLibs/armeabi-v7a/libmain.so
[197/366    0s] ExtractUsedFeatures Library/Bee/artifacts/Android/Features/UnityEngine.InfinityModule-FeaturesChecked.txt
[198/366    0s] CopyFiles G:/maomaomao/unity-export/tuanjieLibrary/src/main/assets/bin/Data/boot.config
[199/366    0s] CopyFiles G:/maomaomao/unity-export/tuanjieLibrary/src/main/jniLibs/armeabi-v7a/libmono-native.so
[200/366    0s] CopyFiles G:/maomaomao/unity-export/tuanjieLibrary/src/main/jniLibs/armeabi-v7a/libMonoPosixHelper.so
[201/366    0s] CopyFiles G:/maomaomao/unity-export/tuanjieLibrary/src/main/jniLibs/armeabi-v7a/libtuanjie.so
[202/366    0s] ExtractUsedFeatures Library/Bee/artifacts/Android/Features/UnityEngine.CoreModule-FeaturesChecked.txt
[203/366    0s] ExtractUsedFeatures Library/Bee/artifacts/Android/Features/UnityEngine.DSPGraphModule-FeaturesChecked.txt
[204/366    0s] ExtractUsedFeatures Library/Bee/artifacts/Android/Features/UnityEngine.GridModule-FeaturesChecked.txt
[205/366    0s] CopyFiles G:/maomaomao/unity-export/tuanjieLibrary/src/main/jniLibs/armeabi-v7a/libmonobdwgc-2.0.so
[206/366    0s] ExtractUsedFeatures Library/Bee/artifacts/Android/Features/UnityEngine.EmbeddedLinuxApiModule-FeaturesChecked.txt
[207/366    0s] CopyFiles G:/maomaomao/unity-export/launcher/src/main/res/mipmap-anydpi-v26/app_icon_round.xml
[208/366    0s] CopyFiles G:/maomaomao/unity-export/launcher/src/main/res/mipmap-mdpi/ic_launcher_foreground.png
[209/366    0s] CopyFiles G:/maomaomao/unity-export/launcher/src/main/res/mipmap-mdpi/ic_launcher_background.png
[210/366    0s] CopyFiles G:/maomaomao/unity-export/launcher/src/main/res/mipmap-mdpi/app_icon.png
[211/366    0s] CopyFiles G:/maomaomao/unity-export/launcher/src/main/res/mipmap-anydpi-v26/app_icon.xml
[212/366    0s] WriteText G:/maomaomao/unity-export/launcher/src/main/res/values/strings.xml
[213/366    0s] CopyFiles G:/maomaomao/unity-export/tuanjieLibrary/src/main/res/values/freeformwindow.xml
[214/366    0s] CopyFiles G:/maomaomao/unity-export/tuanjieLibrary/src/main/res/values-v30/freeformwindow.xml
[215/366    0s] CopyFiles G:/maomaomao/unity-export/tuanjieLibrary/src/main/res/values/styles.xml
[216/366    0s] WriteText G:/maomaomao/unity-export/tuanjieLibrary/src/main/res/values/colors.xml
[217/366    0s] CopyFiles G:/maomaomao/unity-export/tuanjieLibrary/src/main/res/values-v31/styles.xml
[218/366    0s] CopyFiles G:/maomaomao/unity-export/tuanjieLibrary/src/main/res/values-v21/styles.xml
[219/366    0s] CopyFiles G:/maomaomao/unity-export/tuanjieLibrary/src/main/res/values/ids.xml
[220/366    0s] CopyFiles G:/maomaomao/unity-export/tuanjieLibrary/libs/unity-classes.jar
[221/366    0s] WriteText G:/maomaomao/unity-export/tuanjieLibrary/src/main/resources/META-INF/com.android.games.engine.build_fingerprint
[222/366    0s] CopyFiles G:/maomaomao/unity-export/tuanjieLibrary/src/main/assets/bin/Data/Managed/System.Transactions.dll
[223/366    0s] CopyFiles G:/maomaomao/unity-export/tuanjieLibrary/src/main/assets/bin/Data/Managed/System.ServiceModel.Internals.dll
[224/366    0s] CopyFiles G:/maomaomao/unity-export/tuanjieLibrary/src/main/assets/bin/Data/Managed/System.Security.dll
[225/366    0s] CopyFiles G:/maomaomao/unity-export/tuanjieLibrary/src/main/java/com/unity3d/player/UnityPlayerActivity.java
[226/366    0s] CopyFiles G:/maomaomao/unity-export/tuanjieLibrary/src/main/assets/bin/Data/Managed/System.Runtime.Serialization.dll
[227/366    0s] CopyFiles G:/maomaomao/unity-export/tuanjieLibrary/src/main/assets/bin/Data/Managed/System.Numerics.dll
[228/366    0s] CopyFiles G:/maomaomao/unity-export/tuanjieLibrary/src/main/assets/bin/Data/Managed/System.Net.Http.dll
[229/366    0s] CopyFiles G:/maomaomao/unity-export/tuanjieLibrary/src/main/assets/bin/Data/Managed/System.IO.Compression.dll
[230/366    0s] CopyFiles G:/maomaomao/unity-export/tuanjieLibrary/src/main/assets/bin/Data/Managed/System.IO.Compression.FileSystem.dll
[231/366    0s] ExtractUsedFeatures Library/Bee/artifacts/Android/Features/UnityEngine.GameCenterModule-FeaturesChecked.txt
[232/366    0s] CopyFiles G:/maomaomao/unity-export/tuanjieLibrary/src/main/assets/bin/Data/Managed/System.EnterpriseServices.dll
[233/366    0s] CopyFiles G:/maomaomao/unity-export/tuanjieLibrary/src/main/assets/bin/Data/Managed/System.Drawing.dll
[234/366    0s] CopyFiles G:/maomaomao/unity-export/tuanjieLibrary/src/main/assets/bin/Data/Managed/System.Data.DataSetExtensions.dll
[235/366    0s] CopyFiles G:/maomaomao/unity-export/tuanjieLibrary/src/main/assets/bin/Data/Managed/System.Data.dll
[236/366    0s] CopyFiles G:/maomaomao/unity-export/tuanjieLibrary/src/main/assets/bin/Data/Managed/System.Configuration.dll
[237/366    0s] CopyFiles G:/maomaomao/unity-export/tuanjieLibrary/src/main/assets/bin/Data/Managed/System.Core.dll
[238/366    0s] CopyFiles G:/maomaomao/unity-export/tuanjieLibrary/src/main/assets/bin/Data/Managed/System.ComponentModel.Composition.dll
[239/366    0s] CopyFiles G:/maomaomao/unity-export/tuanjieLibrary/src/main/assets/bin/Data/Managed/System.Runtime.dll
[240/366    0s] CopyFiles G:/maomaomao/unity-export/tuanjieLibrary/src/main/assets/bin/Data/Managed/Mono.Security.dll
[241/366    0s] CopyFiles G:/maomaomao/unity-export/tuanjieLibrary/src/main/assets/bin/Data/Managed/netstandard.dll
[242/366    0s] CopyFiles G:/maomaomao/unity-export/tuanjieLibrary/src/main/assets/bin/Data/Managed/Unity.Burst.Unsafe.dll
[243/366    0s] CopyFiles G:/maomaomao/unity-export/tuanjieLibrary/src/main/assets/bin/Data/Managed/Unity.Collections.LowLevel.ILSupport.dll
[244/366    0s] ExtractUsedFeatures Library/Bee/artifacts/Android/Features/UnityEngine.ClothModule-FeaturesChecked.txt
[245/366    0s] CopyFiles G:/maomaomao/unity-export/tuanjieLibrary/src/main/assets/bin/Data/Managed/glTFast.Export.dll
[246/366    0s] CopyFiles G:/maomaomao/unity-export/tuanjieLibrary/src/main/assets/bin/Data/Managed/glTFast.Documentation.Examples.dll
[247/366    0s] CopyFiles G:/maomaomao/unity-export/tuanjieLibrary/src/main/assets/bin/Data/Managed/glTFast.dll
[248/366    0s] CopyFiles G:/maomaomao/unity-export/tuanjieLibrary/src/main/assets/bin/Data/Managed/Unity.Mathematics.dll
[249/366    0s] CopyFiles G:/maomaomao/unity-export/tuanjieLibrary/src/main/assets/bin/Data/Managed/Unity.Collections.dll
[250/366    0s] CopyFiles G:/maomaomao/unity-export/tuanjieLibrary/src/main/assets/bin/Data/Managed/Unity.Burst.dll
[251/366    0s] CopyFiles G:/maomaomao/unity-export/tuanjieLibrary/src/main/assets/bin/Data/tuanjie default resources
[252/366    0s] CopyFiles G:/maomaomao/unity-export/tuanjieLibrary/src/main/assets/bin/Data/Managed/glTFast.Newtonsoft.dll
[253/366    0s] CopyFiles G:/maomaomao/unity-export/tuanjieLibrary/src/main/assets/bin/Data/Managed/glTFast.dots.dll
[254/366    0s] CopyFiles G:/maomaomao/unity-export/tuanjieLibrary/src/main/assets/bin/Data/Managed/Assembly-CSharp.dll
[255/366    0s] CopyFiles G:/maomaomao/unity-export/tuanjieLibrary/src/main/assets/bin/Data/Managed/UnityEngine.dll
[256/366    0s] CopyFiles G:/maomaomao/unity-export/tuanjieLibrary/src/main/assets/bin/Data/Managed/UnityEngine.XRModule.dll
[257/366    0s] CopyFiles G:/maomaomao/unity-export/tuanjieLibrary/src/main/assets/bin/Data/Managed/UnityEngine.WindModule.dll
[258/366    0s] ExtractUsedFeatures Library/Bee/artifacts/Android/Features/UnityEngine.SpriteShapeModule-FeaturesChecked.txt
[259/366    0s] CopyFiles G:/maomaomao/unity-export/tuanjieLibrary/src/main/assets/bin/Data/Managed/UnityEngine.VRModule.dll
[260/366    0s] CopyFiles G:/maomaomao/unity-export/tuanjieLibrary/src/main/assets/bin/Data/Managed/UnityEngine.VideoModule.dll
[261/366    0s] CopyFiles G:/maomaomao/unity-export/tuanjieLibrary/src/main/assets/bin/Data/Managed/UnityEngine.VFXModule.dll
[262/366    0s] CopyFiles G:/maomaomao/unity-export/tuanjieLibrary/src/main/assets/bin/Data/Managed/UnityEngine.VehiclesModule.dll
[263/366    0s] CopyFiles G:/maomaomao/unity-export/tuanjieLibrary/src/main/assets/bin/Data/Managed/UnityEngine.UnityWebRequestWWWModule.dll
[264/366    0s] CopyFiles G:/maomaomao/unity-export/tuanjieLibrary/src/main/assets/bin/Data/Managed/UnityEngine.UnityWebRequestTextureModule.dll
[265/366    0s] CopyFiles G:/maomaomao/unity-export/tuanjieLibrary/src/main/assets/bin/Data/Managed/UnityEngine.UnityWebRequestModule.dll
[266/366    0s] CopyFiles G:/maomaomao/unity-export/tuanjieLibrary/src/main/assets/bin/Data/Managed/UnityEngine.UnityWebRequestAudioModule.dll
[267/366    0s] CopyFiles G:/maomaomao/unity-export/tuanjieLibrary/src/main/assets/bin/Data/Managed/UnityEngine.UnityWebRequestAssetBundleModule.dll
[268/366    0s] CopyFiles G:/maomaomao/unity-export/tuanjieLibrary/src/main/assets/bin/Data/Managed/UnityEngine.UnityTestProtocolModule.dll
[269/366    0s] CopyFiles G:/maomaomao/unity-export/tuanjieLibrary/src/main/assets/bin/Data/Managed/UnityEngine.UnityCurlModule.dll
[270/366    0s] CopyFiles G:/maomaomao/unity-export/tuanjieLibrary/src/main/assets/bin/Data/Managed/UnityEngine.UnityConnectModule.dll
[271/366    0s] CopyFiles G:/maomaomao/unity-export/tuanjieLibrary/src/main/assets/bin/Data/Managed/UnityEngine.UnityAnalyticsModule.dll
[272/366    0s] CopyFiles G:/maomaomao/unity-export/tuanjieLibrary/src/main/assets/bin/Data/Managed/UnityEngine.UnityAnalyticsCommonModule.dll
[273/366    0s] CopyFiles G:/maomaomao/unity-export/tuanjieLibrary/src/main/assets/bin/Data/Managed/UnityEngine.UmbraModule.dll
[274/366    0s] ExtractUsedFeatures Library/Bee/artifacts/Android/Features/UnityEngine.SubsystemsModule-FeaturesChecked.txt
[275/366    0s] ExtractUsedFeatures Library/Bee/artifacts/Android/Features/UnityEngine.DirectorModule-FeaturesChecked.txt
[276/366    0s] CopyFiles G:/maomaomao/unity-export/tuanjieLibrary/src/main/assets/bin/Data/Managed/UnityEngine.UIModule.dll
[277/366    0s] CopyFiles G:/maomaomao/unity-export/tuanjieLibrary/src/main/assets/bin/Data/Managed/UnityEngine.TuanjieGIModule.dll
[278/366    0s] CopyFiles G:/maomaomao/unity-export/tuanjieLibrary/src/main/assets/bin/Data/Managed/UnityEngine.TilemapModule.dll
[279/366    0s] CopyFiles G:/maomaomao/unity-export/tuanjieLibrary/src/main/assets/bin/Data/Managed/UnityEngine.TextureManagerModule.dll
[280/366    0s] CopyFiles G:/maomaomao/unity-export/tuanjieLibrary/src/main/assets/bin/Data/Managed/UnityEngine.UIElementsModule.dll
[281/366    0s] CopyFiles G:/maomaomao/unity-export/tuanjieLibrary/src/main/assets/bin/Data/Managed/UnityEngine.TextRenderingModule.dll
[282/366    0s] CopyFiles G:/maomaomao/unity-export/tuanjieLibrary/src/main/assets/bin/Data/Managed/UnityEngine.TextCoreTextEngineModule.dll
[283/366    0s] CopyFiles G:/maomaomao/unity-export/tuanjieLibrary/src/main/assets/bin/Data/Managed/UnityEngine.TerrainPhysicsModule.dll
[284/366    0s] CopyFiles G:/maomaomao/unity-export/tuanjieLibrary/src/main/assets/bin/Data/Managed/UnityEngine.TextCoreFontEngineModule.dll
[285/366    0s] CopyFiles G:/maomaomao/unity-export/tuanjieLibrary/src/main/assets/bin/Data/Managed/UnityEngine.TerrainModule.dll
[286/366    0s] CopyFiles G:/maomaomao/unity-export/tuanjieLibrary/src/main/assets/bin/Data/Managed/UnityEngine.TLSModule.dll
[287/366    0s] CopyFiles G:/maomaomao/unity-export/tuanjieLibrary/src/main/assets/bin/Data/Managed/UnityEngine.SubsystemsModule.dll
[288/366    0s] CopyFiles G:/maomaomao/unity-export/tuanjieLibrary/src/main/assets/bin/Data/Managed/UnityEngine.SubstanceModule.dll
[289/366    0s] CopyFiles G:/maomaomao/unity-export/tuanjieLibrary/src/main/assets/bin/Data/Managed/UnityEngine.StreamingModule.dll
[290/366    0s] CopyFiles G:/maomaomao/unity-export/tuanjieLibrary/src/main/assets/bin/Data/Managed/UnityEngine.SpriteShapeModule.dll
[291/366    0s] CopyFiles G:/maomaomao/unity-export/tuanjieLibrary/src/main/assets/bin/Data/Managed/UnityEngine.SpriteMaskModule.dll
[292/366    0s] CopyFiles G:/maomaomao/unity-export/tuanjieLibrary/src/main/assets/bin/Data/Managed/UnityEngine.SharedInternalsModule.dll
[293/366    0s] CopyFiles G:/maomaomao/unity-export/tuanjieLibrary/src/main/assets/bin/Data/Managed/UnityEngine.ScreenCaptureModule.dll
[294/366    0s] CopyFiles G:/maomaomao/unity-export/tuanjieLibrary/src/main/assets/bin/Data/Managed/UnityEngine.RuntimeInitializeOnLoadManagerInitializerModule.dll
[295/366    0s] CopyFiles G:/maomaomao/unity-export/tuanjieLibrary/src/main/assets/bin/Data/Managed/UnityEngine.PropertiesModule.dll
[296/366    0s] CopyFiles G:/maomaomao/unity-export/tuanjieLibrary/src/main/assets/bin/Data/Managed/UnityEngine.ProfilerModule.dll
[297/366    0s] ExtractUsedFeatures Library/Bee/artifacts/Android/Features/UnityEngine.ContentLoadModule-FeaturesChecked.txt
[298/366    0s] ExtractUsedFeatures Library/Bee/artifacts/Android/Features/UnityEngine.ScreenCaptureModule-FeaturesChecked.txt
[299/366    0s] ExtractUsedFeatures Library/Bee/artifacts/Android/Features/UnityEngine.TLSModule-FeaturesChecked.txt
[300/366    0s] CopyFiles G:/maomaomao/unity-export/tuanjieLibrary/src/main/assets/bin/Data/Managed/UnityEngine.PhysicsModule.dll
[301/366    0s] CopyFiles G:/maomaomao/unity-export/tuanjieLibrary/src/main/assets/bin/Data/Managed/UnityEngine.Physics2DModule.dll
[302/366    0s] CopyFiles G:/maomaomao/unity-export/tuanjieLibrary/src/main/assets/bin/Data/Managed/UnityEngine.PerformanceReportingModule.dll
[303/366    0s] CopyFiles G:/maomaomao/unity-export/tuanjieLibrary/src/main/assets/bin/Data/Managed/UnityEngine.ParticleSystemModule.dll
[304/366    0s] CopyFiles G:/maomaomao/unity-export/tuanjieLibrary/src/main/assets/bin/Data/Managed/UnityEngine.OpenHarmonyJSModule.dll
[305/366    0s] CopyFiles G:/maomaomao/unity-export/tuanjieLibrary/src/main/assets/bin/Data/Managed/UnityEngine.OcclusionCullingModule.dll
[306/366    0s] CopyFiles G:/maomaomao/unity-export/tuanjieLibrary/src/main/assets/bin/Data/Managed/UnityEngine.LocalizationModule.dll
[307/366    0s] CopyFiles G:/maomaomao/unity-export/tuanjieLibrary/src/main/assets/bin/Data/Managed/UnityEngine.JSONSerializeModule.dll
[308/366    0s] CopyFiles G:/maomaomao/unity-export/tuanjieLibrary/src/main/assets/bin/Data/Managed/UnityEngine.InstantAssetModule.dll
[309/366    0s] CopyFiles G:/maomaomao/unity-export/tuanjieLibrary/src/main/assets/bin/Data/Managed/UnityEngine.InputModule.dll
[310/366    0s] CopyFiles G:/maomaomao/unity-export/tuanjieLibrary/src/main/assets/bin/Data/Managed/UnityEngine.ImageConversionModule.dll
[311/366    0s] CopyFiles G:/maomaomao/unity-export/tuanjieLibrary/src/main/assets/bin/Data/Managed/UnityEngine.InputLegacyModule.dll
[312/366    0s] CopyFiles G:/maomaomao/unity-export/tuanjieLibrary/src/main/assets/bin/Data/Managed/UnityEngine.IMGUIModule.dll
[313/366    0s] CopyFiles G:/maomaomao/unity-export/tuanjieLibrary/src/main/assets/bin/Data/Managed/UnityEngine.InfinityModule.dll
[314/366    0s] CopyFiles G:/maomaomao/unity-export/tuanjieLibrary/src/main/assets/bin/Data/Managed/UnityEngine.HotReloadModule.dll
[315/366    0s] CopyFiles G:/maomaomao/unity-export/tuanjieLibrary/src/main/assets/bin/Data/Managed/UnityEngine.GridModule.dll
[316/366    0s] CopyFiles G:/maomaomao/unity-export/tuanjieLibrary/src/main/assets/bin/Data/Managed/UnityEngine.GameCenterModule.dll
[317/366    0s] CopyFiles G:/maomaomao/unity-export/tuanjieLibrary/src/main/assets/bin/Data/Managed/UnityEngine.GIModule.dll
[318/366    0s] CopyFiles G:/maomaomao/unity-export/tuanjieLibrary/src/main/assets/bin/Data/Managed/UnityEngine.EmbeddedLinuxApiModule.dll
[319/366    0s] CopyFiles G:/maomaomao/unity-export/tuanjieLibrary/src/main/assets/bin/Data/Managed/UnityEngine.DirectorModule.dll
[320/366    0s] CopyFiles G:/maomaomao/unity-export/tuanjieLibrary/src/main/assets/bin/Data/Managed/UnityEngine.DSPGraphModule.dll
[321/366    0s] CopyFiles G:/maomaomao/unity-export/tuanjieLibrary/src/main/assets/bin/Data/Managed/UnityEngine.CrashReportingModule.dll
[322/366    0s] ExtractUsedFeatures Library/Bee/artifacts/Android/Features/UnityEngine.SubstanceModule-FeaturesChecked.txt
[323/366    0s] CopyFiles G:/maomaomao/unity-export/tuanjieLibrary/src/main/assets/bin/Data/ScriptingAssemblies.json
[324/366    0s] CopyFiles G:/maomaomao/unity-export/tuanjieLibrary/src/main/assets/bin/Data/RuntimeInitializeOnLoads.json
[325/366    0s] CopyFiles G:/maomaomao/unity-export/tuanjieLibrary/src/main/assets/bin/Data/Managed/UnityEngine.ContentLoadModule.dll
[326/366    0s] CopyFiles G:/maomaomao/unity-export/tuanjieLibrary/src/main/assets/bin/Data/Managed/UnityEngine.ClothModule.dll
[327/366    0s] CopyFiles G:/maomaomao/unity-export/tuanjieLibrary/src/main/assets/bin/Data/Managed/UnityEngine.AutoStreamingModule.dll
[328/366    0s] CopyFiles G:/maomaomao/unity-export/tuanjieLibrary/src/main/assets/bin/Data/Managed/UnityEngine.CoreModule.dll
[329/366    0s] CopyFiles G:/maomaomao/unity-export/tuanjieLibrary/src/main/assets/bin/Data/Managed/UnityEngine.AudioModule.dll
[330/366    0s] CopyFiles G:/maomaomao/unity-export/tuanjieLibrary/src/main/assets/bin/Data/Managed/UnityEngine.AssetBundleModule.dll
[331/366    0s] CopyFiles G:/maomaomao/unity-export/tuanjieLibrary/src/main/assets/bin/Data/Managed/UnityEngine.AnimationModule.dll
[332/366    0s] CopyFiles G:/maomaomao/unity-export/tuanjieLibrary/src/main/assets/bin/Data/globalgamemanagers
[333/366    0s] CopyFiles G:/maomaomao/unity-export/tuanjieLibrary/src/main/assets/bin/Data/Managed/UnityEngine.AndroidJNIModule.dll
[334/366    0s] CopyFiles G:/maomaomao/unity-export/tuanjieLibrary/src/main/assets/bin/Data/Resources/tuanjie_builtin_extra
[335/366    0s] CopyFiles G:/maomaomao/unity-export/tuanjieLibrary/src/main/assets/bin/Data/Managed/UnityEngine.AndroidAppViewModule.dll
[336/366    0s] CopyFiles G:/maomaomao/unity-export/tuanjieLibrary/src/main/assets/bin/Data/Managed/UnityEngine.ARModule.dll
[337/366    0s] CopyFiles G:/maomaomao/unity-export/tuanjieLibrary/src/main/assets/bin/Data/Managed/UnityEngine.AIModule.dll
[338/366    0s] CopyFiles G:/maomaomao/unitG:/maomaomao/unity/companion-cat/Library/PackageCache/com.unity.burst@1.8.26/.Runtime\bcl.exe exited after 5597 ms.
stdout:
Starting 1 library requests
Done
stderr:

y-export/tuanjieLibrary/src/main/assets/bin/Data/Managed/UnityEngine.AccessibilityModule.dll
[339/366    0s] CopyFiles G:/maomaomao/unity-export/tuanjieLibrary/src/main/assets/bin/Data/Managed/System.Xml.Linq.dll
[340/366    0s] CopyFiles G:/maomaomao/unity-export/tuanjieLibrary/src/main/assets/bin/Data/Managed/System.dll
[341/366    0s] CopyFiles G:/maomaomao/unity-export/tuanjieLibrary/src/main/assets/bin/Data/Managed/System.Xml.dll
[342/366    0s] CopyFiles G:/maomaomao/unity-export/tuanjieLibrary/src/main/assets/bin/Data/Managed/mscorlib.dll
[343/366    0s] ExtractUsedFeatures Library/Bee/artifacts/Android/Features/System.Xml.Linq-FeaturesChecked.txt
[344/366    0s] ExtractUsedFeatures Library/Bee/artifacts/Android/Features/UnityEngine.AutoStreamingModule-FeaturesChecked.txt
[345/366    0s] ExtractUsedFeatures Library/Bee/artifacts/Android/Features/UnityEngine.TerrainModule-FeaturesChecked.txt
[346/366    0s] ExtractUsedFeatures Library/Bee/artifacts/Android/Features/UnityEngine.AccessibilityModule-FeaturesChecked.txt
[347/366    0s] ExtractUsedFeatures Library/Bee/artifacts/Android/Features/UnityEngine.TextCoreFontEngineModule-FeaturesChecked.txt
[348/366    0s] ExtractUsedFeatures Library/Bee/artifacts/Android/Features/UnityEngine.TerrainPhysicsModule-FeaturesChecked.txt
[349/366    0s] ExtractUsedFeatures Library/Bee/artifacts/Android/Features/UnityEngine.AndroidAppViewModule-FeaturesChecked.txt
[350/366    0s] ExtractUsedFeatures Library/Bee/artifacts/Android/Features/UnityEngine.ARModule-FeaturesChecked.txt
[351/366    0s] ExtractUsedFeatures Library/Bee/artifacts/Android/Features/UnityEngine.AudioModule-FeaturesChecked.txt
[352/366    0s] ExtractUsedFeatures Library/Bee/artifacts/Android/Features/UnityEngine.AndroidJNIModule-FeaturesChecked.txt
[353/366    0s] ExtractUsedFeatures Library/Bee/artifacts/Android/Features/UnityEngine.AIModule-FeaturesChecked.txt
[354/366    0s] ExtractUsedFeatures Library/Bee/artifacts/Android/Features/UnityEngine.AnimationModule-FeaturesChecked.txt
[355/366    0s] ExtractUsedFeatures Library/Bee/artifacts/Android/Features/UnityEngine.GIModule-FeaturesChecked.txt
[356/366    0s] ActionGenerateProjectFiles G:/maomaomao/unity-export/build.gradle (+7 others)
[357/366    0s] ExtractUsedFeatures Library/Bee/artifacts/Android/Features/glTFast.dots-FeaturesChecked.txt
[358/366    0s] ExtractUsedFeatures Library/Bee/artifacts/Android/Features/mscorlib-FeaturesChecked.txt
[359/366    0s] Generate Manifests Library/Bee/artifacts/Android/Manifest/LauncherManifestDiag.txt (+3 others)
[360/366    5s] GenerateNativePluginsForAssemblies Library/Bee/artifacts/Android/AsyncPluginsFromLinker
*** Tundra requires additional run (6.41 seconds), 360 items updated, 366 evaluated
*** Additional run caused by: contents change of Library/Bee/artifacts/Android/Split/sharedassets0.assets
Starting: D:\Tuanjie\2022.3.62t8\Editor\Data\Tools\netcorerun\netcorerun.exe "D:\Tuanjie\2022.3.62t8\Editor\Data\PlaybackEngines\AndroidPlayer\AndroidPlayerBuildProgram.exe" "D:/Tuanjie/2022.3.62t8/Editor/Data/PlaybackEngines/AndroidPlayer/Bee;D:/Tuanjie/2022.3.62t8/Editor/Data/Tools/BuildPipeline" "Library/Bee/Playerd9cd1ce0.dag.json" "Library/Bee/Playerd9cd1ce0-inputdata.json" "Library\Bee\buildprogram1.traceevents"
WorkingDir: G:/maomaomao/unity/companion-cat
ExitCode: 4 Duration: 6s428ms
ExitCode: 0 Duration: 0s220ms
Starting: D:\Tuanjie\2022.3.62t8\Editor\Data\bee_backend.exe --dont-print-to-structured-log --ipc --dagfile="Library/Bee/Playerd9cd1ce0.dag" --dagfilejson="Library\Bee\Playerd9cd1ce0.dag.json" --profile="Library/Bee/backend3.traceevents" Player
WorkingDir: G:/maomaomao/unity/companion-cat
Finished compiling graph: 379 nodes, 872 flattened edges (872 ToBuild, 0 ToUse), maximum node priority 14
[360/374    0s] WriteText Library/Bee/artifacts/csharpactions/unity_app_guid_y9d7.info
[361/374    0s] CopyFiles G:/maomaomao/unity-export/tuanjieLibrary/src/main/jniLibs/armeabi-v7a/lib_burst_generated.so
[362/374    0s] CopyFiles G:/maomaomao/unity-export/tuanjieLibrary/src/main/assets/bin/Data/level0
[363/374    0s] CopyFiles G:/maomaomao/unity-export/tuanjieLibrary/src/main/assets/bin/Data/sharedassets0.assets.split3
[364/374    0s] CopyFiles G:/maomaomao/unity-export/tuanjieLibrary/src/main/assets/bin/Data/globalgamemanagers.assets.split1
[365/374    0s] CopyFiles G:/maomaomao/unity-export/tuanjieLibrary/src/main/assets/bin/Data/globalgamemanagers.assets.split0
[366/374    0s] CopyFiles G:/maomaomao/unity-export/tuanjieLibrary/src/main/assets/bin/Data/sharedassets0.assets.split6
[367/374    0s] CopyFiles G:/maomaomao/unity-export/tuanjieLibrary/src/main/assets/bin/Data/globalgamemanagers.assets.split2
[368/374    0s] CopyFiles G:/maomaomao/unity-export/tuanjieLibrary/src/main/assets/bin/Data/sharedassets0.assets.split4
[369/374    0s] CopyFiles G:/maomaomao/unity-export/tuanjieLibrary/src/main/assets/bin/Data/sharedassets0.assets.split0
[370/374    0s] CopyFiles G:/maomaomao/unity-export/tuanjieLibrary/src/main/assets/bin/Data/sharedassets0.assets.split1
[371/374    0s] CopyFiles G:/maomaomao/unity-export/tuanjieLibrary/src/main/assets/bin/Data/sharedassets0.assets.split5
[372/374    0s] CopyFiles G:/maomaomao/unity-export/tuanjieLibrary/src/main/assets/bin/Data/sharedassets0.assets.split2
[373/374    0s] GuidGenerator G:/maomaomao/unity-export/tuanjieLibrary/src/main/assets/bin/Data/unity_app_guid
*** Tundra build success (0.12 seconds), 14 items updated, 374 evaluated
ExitCode: 0 Duration: 0s142ms
DisplayProgressbar: Calling IPostGenerateGradleAndroidProject callbacks
Calling IPostGenerateGradleAndroidProject callbacks on 'G:\maomaomao\unity-export\tuanjieLibrary':
Android PostProcess task "Calling IPostGenerateGradleAndroidProject callbacks" took 1.2556 ms
Android PostProcess task "Cloud Diagnostics Symbol Upload" took 0.1971 ms
Refreshing native plugins compatible for Editor in 1.04 ms, found 0 plugins.
Preloading 0 native plugins for Editor in 0.00 ms.

-------------------------------------------------------------------------------
Build Report
Uncompressed usage by category (Percentages based on user generated assets only):
Textures               8.0 mb	 89.3% 
Meshes                 113.9 kb	 1.2% 
Animations             525.6 kb	 5.7% 
Sounds                 0.0 kb	 0.0% 
Shaders                272.2 kb	 3.0% 
Other Assets           4.5 kb	 0.0% 
Levels                 0.0 kb	 0.0% 
Scripts                50.3 kb	 0.5% 
Included DLLs          0.0 kb	 0.0% 
File headers           13.8 kb	 0.2% 
Total User Assets      9.0 mb	 100.0% 
Complete build size    82.7 mb
Used Assets and files from the Resources folder, sorted by uncompressed size:
 6.0 mb	 7.2% Assets/Models/mao-xiaohei-rigged.glb
 2.7 mb	 3.2% Built-in Texture2D: Splash Screen Unity Logo
 144.3 kb	 0.2% Resources/tuanjie_builtin_extra
 128.5 kb	 0.2% Packages/com.unity.cloud.gltfast/Runtime/Shader/Built-In/glTFPbrMetallicRoughness.shader
 1.3 kb	 0.0% Assets/Animations/XiaoheiCompanion.controller
 0.9 kb	 0.0% Assets/Materials/CompanionStageGround.mat
 0.4 kb	 0.0% Built-in Sprite: 
 0.2 kb	 0.0% Packages/com.unity.test-framework/UnityEngine.TestRunner/NUnitExtensions/Runner/RestoreTestContextAfterDomainReload.cs
 0.2 kb	 0.0% Packages/com.unity.mathematics/Unity.Mathematics/Il2CppEagerStaticClassConstructionAttribute.cs
 0.2 kb	 0.0% Packages/com.unity.test-framework/UnityEngine.TestRunner/NUnitExtensions/Runner/UnityLogCheckDelegatingCommand.cs
 0.2 kb	 0.0% Packages/com.unity.test-framework/UnityEngine.TestRunner/Assertions/OutOfOrderExpectedLogMessageException.cs
 0.2 kb	 0.0% Packages/com.unity.test-framework/UnityEngine.TestRunner/NUnitExtensions/Runner/UnityTestExecutionContext.cs
 0.2 kb	 0.0% Packages/com.unity.test-framework/UnityEngine.TestRunner/NUnitExtensions/Runner/IEnumerableTestMethodCommand.cs
 0.2 kb	 0.0% Packages/com.unity.test-framework/UnityEngine.TestRunner/NUnitExtensions/Commands/EnumerableApplyChangesToContextCommand.cs
 0.2 kb	 0.0% Packages/com.unity.test-framework/UnityEngine.TestRunner/Utils/Vector4ComparerWithEqualsOperator.cs
 0.2 kb	 0.0% Packages/com.unity.test-framework/UnityEngine.TestRunner/Utils/Vector3ComparerWithEqualsOperator.cs
 0.2 kb	 0.0% Packages/com.unity.test-framework/UnityEngine.TestRunner/Utils/Vector2ComparerWithEqualsOperator.cs
 0.2 kb	 0.0% Packages/com.unity.test-framework/UnityEngine.TestRunner/TestRunner/RemoteHelpers/RemoteTestResultDataWithTestData.cs
 0.2 kb	 0.0% Packages/com.unity.test-framework/UnityEngine.TestRunner/TestRunner/Callbacks/TestResultRendererCallback.cs
 0.2 kb	 0.0% Packages/com.unity.test-framework/UnityEngine.TestRunner/TestRunner/PlaymodeTestsControllerSettings.cs
 0.2 kb	 0.0% Packages/com.unity.test-framework/UnityEngine.TestRunner/NUnitExtensions/Runner/UnityWorkItemDataHolder.cs
 0.2 kb	 0.0% Packages/com.unity.test-framework/UnityEngine.TestRunner/NUnitExtensions/Runner/UnityTestAssemblyRunner.cs
 0.2 kb	 0.0% Packages/com.unity.test-framework/UnityEngine.TestRunner/NUnitExtensions/Runner/PlaymodeWorkItemFactory.cs
 0.2 kb	 0.0% Packages/com.unity.test-framework/UnityEngine.TestRunner/NUnitExtensions/Runner/CoroutineTestWorkItem.cs
 0.2 kb	 0.0% Packages/com.unity.test-framework/UnityEngine.TestRunner/NUnitExtensions/IAsyncTestAssemblyBuilder.cs
 0.2 kb	 0.0% Packages/com.unity.test-framework/UnityEngine.TestRunner/NUnitExtensions/Filters/CategoryFilterExtended.cs
 0.2 kb	 0.0% Packages/com.unity.test-framework/UnityEngine.TestRunner/Assertions/UnexpectedLogMessageException.cs
 0.1 kb	 0.0% Packages/com.unity.test-framework/UnityEngine.TestRunner/TestRunner/RemoteHelpers/RemoteTestResultDataFactory.cs
 0.1 kb	 0.0% Packages/com.unity.test-framework/UnityEngine.TestRunner/TestRunner/RemoteHelpers/PlayerConnectionMessageIds.cs
 0.1 kb	 0.0% Packages/com.unity.test-framework/UnityEngine.TestRunner/TestRunner/RemoteHelpers/IRemoteTestResultDataFactory.cs
 0.1 kb	 0.0% Packages/com.unity.test-framework/UnityEngine.TestRunner/TestRunner/Callbacks/RemoteTestResultSender.cs
 0.1 kb	 0.0% Packages/com.unity.test-framework/UnityEngine.TestRunner/TestRunner/Callbacks/PlayModeRunnerCallback.cs
 0.1 kb	 0.0% Packages/com.unity.test-framework/UnityEngine.TestRunner/Assertions/AllocatingGCMemoryConstraint.cs
 0.1 kb	 0.0% Packages/com.unity.test-framework/UnityEngine.TestRunner/TestRunner/Messages/IEditModeTestYieldInstruction.cs
 0.1 kb	 0.0% Packages/com.unity.test-framework/UnityEngine.TestRunner/NUnitExtensions/UnityTestAssemblyBuilder.cs
 0.1 kb	 0.0% Packages/com.unity.test-framework/UnityEngine.TestRunner/NUnitExtensions/Runner/TestCommandBuilder.cs
 0.1 kb	 0.0% Packages/com.unity.test-framework/UnityEngine.TestRunner/NUnitExtensions/Runner/DefaultTestWorkItem.cs
 0.1 kb	 0.0% Packages/com.unity.test-framework/UnityEngine.TestRunner/NUnitExtensions/Runner/CompositeWorkItem.cs
 0.1 kb	 0.0% Packages/com.unity.test-framework/UnityEngine.TestRunner/NUnitExtensions/OrderedTestSuiteModifier.cs
 0.1 kb	 0.0% Packages/com.unity.test-framework/UnityEngine.TestRunner/NUnitExtensions/Filters/AssemblyNameFilter.cs
 0.1 kb	 0.0% Packages/com.unity.test-framework/UnityEngine.TestRunner/NUnitExtensions/Commands/EnumerableSetUpTearDownCommand.cs
 0.1 kb	 0.0% Packages/com.unity.test-framework/UnityEngine.TestRunner/NUnitExtensions/Commands/EnumerableRepeatedTestCommand.cs
 0.1 kb	 0.0% Packages/com.unity.test-framework/UnityEngine.TestRunner/NUnitExtensions/Attributes/TestMustExpectAllLogsAttribute.cs
 0.1 kb	 0.0% Packages/com.unity.test-framework/UnityEngine.TestRunner/Assertions/UnityTestTimeoutException.cs
 0.1 kb	 0.0% Packages/com.unity.test-framework/UnityEngine.TestRunner/Assertions/UnhandledLogMessageException.cs
 0.1 kb	 0.0% Packages/com.unity.test-framework/UnityEngine.TestRunner/Assertions/InvalidSignatureException.cs
 0.1 kb	 0.0% Packages/com.unity.test-framework/UnityEngine.TestRunner/Utils/QuaternionEqualityComparer.cs
 0.1 kb	 0.0% Packages/com.unity.test-framework/UnityEngine.TestRunner/Utils/AssemblyProvider/PlayerTestAssemblyProvider.cs
 0.1 kb	 0.0% Packages/com.unity.test-framework/UnityEngine.TestRunner/TestRunner/RuntimeTestRunnerFilter.cs
 0.1 kb	 0.0% Packages/com.unity.test-framework/UnityEngine.TestRunner/TestRunner/Callbacks/TestResultRenderer.cs
 0.1 kb	 0.0% Packages/com.unity.test-framework/UnityEngine.TestRunner/TestRunner/Callbacks/PlayerQuitHandler.cs
 0.1 kb	 0.0% Packages/com.unity.collections/Unity.Collections/UnsafeNotBurstCompatible.cs
 0.1 kb	 0.0% Packages/com.unity.test-framework/UnityEngine.TestRunner/Utils/PostBuildCleanupAttribute.cs
 0.1 kb	 0.0% Packages/com.unity.test-framework/UnityEngine.TestRunner/TestRunner/TestEnumeratorWrapper.cs
 0.1 kb	 0.0% Packages/com.unity.test-framework/UnityEngine.TestRunner/TestRunner/PlaymodeTestsController.cs
 0.1 kb	 0.0% Packages/com.unity.test-framework/UnityEngine.TestRunner/NUnitExtensions/TestResultExtensions.cs
 0.1 kb	 0.0% Packages/com.unity.test-framework/UnityEngine.TestRunner/NUnitExtensions/Runner/WorkItemFactory.cs
 0.1 kb	 0.0% Packages/com.unity.test-framework/UnityEngine.TestRunner/NUnitExtensions/Runner/UnityWorkItem.cs
 0.1 kb	 0.0% Packages/com.unity.test-framework/UnityEngine.TestRunner/NUnitExtensions/ITestSuiteModifier.cs
 0.1 kb	 0.0% Packages/com.unity.test-framework/UnityEngine.TestRunner/NUnitExtensions/Filters/FullNameFilter.cs
 0.1 kb	 0.0% Packages/com.unity.test-framework/UnityEngine.TestRunner/NUnitExtensions/ConstructDelegator.cs
 0.1 kb	 0.0% Packages/com.unity.test-framework/UnityEngine.TestRunner/NUnitExtensions/Commands/OuterUnityTestActionCommand.cs
 0.1 kb	 0.0% Packages/com.unity.test-framework/UnityEngine.TestRunner/NUnitExtensions/Commands/ImmediateEnumerableCommand.cs
 0.1 kb	 0.0% Packages/com.unity.test-framework/UnityEngine.TestRunner/NUnitExtensions/Commands/EnumerableTestMethodCommand.cs
 0.1 kb	 0.0% Packages/com.unity.test-framework/UnityEngine.TestRunner/NUnitExtensions/Commands/EnumerableRetryTestCommand.cs
 0.1 kb	 0.0% Packages/com.unity.test-framework/UnityEngine.TestRunner/NUnitExtensions/Commands/BeforeAfterTestCommandState.cs
 0.1 kb	 0.0% Packages/com.unity.test-framework/UnityEngine.TestRunner/NUnitExtensions/Attributes/UnityCombinatorialStrategy.cs
 0.1 kb	 0.0% Packages/com.unity.test-framework/UnityEngine.TestRunner/NUnitExtensions/Attributes/ConditionalIgnoreAttribute.cs
 0.1 kb	 0.0% Packages/com.unity.test-framework/UnityEngine.TestRunner/Assertions/ConstraintsExtensions.cs
 0.1 kb	 0.0% Packages/com.unity.collections/Unity.Collections/UnsafeScratchAllocator.cs
 0.1 kb	 0.0% Packages/com.unity.collections/Unity.Collections/UnsafeHashSetExtensions.gen.cs
 0.1 kb	 0.0% Packages/com.unity.cloud.gltfast/Runtime/Scripts/Export/GltfBuiltInShaderMaterialExporter.cs
 0.1 kb	 0.0% Packages/com.unity.cloud.gltfast/DocExamples/TextureAddOnExample.cs
 0.1 kb	 0.0% Packages/com.unity.cloud.gltfast/DocExamples/MultipleInstances.cs
 0.1 kb	 0.0% Packages/com.unity.cloud.gltfast/DocExamples/LoadGltfFromMemory.cs
 0.1 kb	 0.0% Packages/com.unity.test-framework/UnityEngine.TestRunner/Utils/Vector4EqualityComparer.cs
 0.1 kb	 0.0% Packages/com.unity.test-framework/UnityEngine.TestRunner/Utils/Vector3EqualityComparer.cs
 0.1 kb	 0.0% Packages/com.unity.test-framework/UnityEngine.TestRunner/Utils/Vector2EqualityComparer.cs
 0.1 kb	 0.0% Packages/com.unity.test-framework/UnityEngine.TestRunner/Utils/TestRunCallbackListener.cs
 0.1 kb	 0.0% Packages/com.unity.test-framework/UnityEngine.TestRunner/Utils/PrebuildSceneSetupAttribute.cs
 0.1 kb	 0.0% Packages/com.unity.test-framework/UnityEngine.TestRunner/Utils/FloatEqualityComparer.cs
 0.1 kb	 0.0% Packages/com.unity.test-framework/UnityEngine.TestRunner/Utils/ColorEqualityComparer.cs
 0.1 kb	 0.0% Packages/com.unity.test-framework/UnityEngine.TestRunner/Utils/AssemblyProvider/ScriptingRuntimeProxy.cs
 0.1 kb	 0.0% Packages/com.unity.test-framework/UnityEngine.TestRunner/Utils/AssemblyProvider/IScriptingRuntimeProxy.cs
 0.1 kb	 0.0% Packages/com.unity.test-framework/UnityEngine.TestRunner/TestRunner/SynchronousFilter.cs
 0.1 kb	 0.0% Packages/com.unity.test-framework/UnityEngine.TestRunner/TestRunner/RemoteHelpers/RemoteTestResultData.cs
 0.1 kb	 0.0% Packages/com.unity.collections/Unity.Collections/UnsafeAtomicCounter.cs
 0.1 kb	 0.0% Packages/com.unity.test-framework/UnityEngine.TestRunner/Utils/TestRunCallbackAttribute.cs
 0.1 kb	 0.0% Packages/com.unity.test-framework/UnityEngine.TestRunner/Utils/IOuterUnityTestAction.cs
 0.1 kb	 0.0% Packages/com.unity.test-framework/UnityEngine.TestRunner/TestRunner/TestListenerWrapper.cs
 0.1 kb	 0.0% Packages/com.unity.test-framework/UnityEngine.TestRunner/TestRunner/ITestRunnerListener.cs
 0.1 kb	 0.0% Packages/com.unity.test-framework/UnityEngine.TestRunner/NUnitExtensions/TestExtensions.cs
 0.1 kb	 0.0% Packages/com.unity.test-framework/UnityEngine.TestRunner/NUnitExtensions/Runner/FailCommand.cs
 0.1 kb	 0.0% Packages/com.unity.test-framework/UnityEngine.TestRunner/NUnitExtensions/IStateSerializer.cs
 0.1 kb	 0.0% Packages/com.unity.test-framework/UnityEngine.TestRunner/NUnitExtensions/Commands/UnityTestMethodCommand.cs
 0.1 kb	 0.0% Packages/com.unity.test-framework/UnityEngine.TestRunner/NUnitExtensions/BaseDelegator.cs
 0.1 kb	 0.0% Packages/com.unity.test-framework/UnityEngine.TestRunner/NUnitExtensions/Attributes/UnityTearDownAttribute.cs
 0.1 kb	 0.0% Packages/com.unity.test-framework/UnityEngine.TestRunner/NUnitExtensions/Attributes/UnityPlatformAttribute.cs
 0.1 kb	 0.0% Packages/com.unity.test-framework/UnityEngine.TestRunner/NUnitExtensions/ActionDelegator.cs
 0.1 kb	 0.0% Packages/com.unity.collections/Unity.Collections/UnsafeUtilityEx.cs
 0.1 kb	 0.0% Packages/com.unity.collections/Unity.Collections/UnsafeHashMap.cs
 0.1 kb	 0.0% Packages/com.unity.collections/Unity.Collections/UnsafeAppendBuffer.cs
 0.1 kb	 0.0% Packages/com.unity.cloud.gltfast/Runtime/Scripts/Export/BuiltInStandardMaterialExport.cs
 0.1 kb	 0.0% Packages/com.unity.cloud.gltfast/DocExamples/WebpTextureAddon.cs
 0.1 kb	 0.0% Packages/com.unity.cloud.gltfast/DocExamples/PngTextureAddon.cs
 0.1 kb	 0.0% Packages/com.unity.cloud.gltfast/DocExamples/ExportSamples.cs
 0.1 kb	 0.0% Packages/com.unity.test-framework/UnityEngine.TestRunner/Utils/AssemblyProvider/IAssemblyLoadProxy.cs
 0.1 kb	 0.0% Packages/com.unity.test-framework/UnityEngine.TestRunner/Utils/AssemblyProvider/AssemblyLoadProxy.cs
 0.1 kb	 0.0% Packages/com.unity.test-framework/UnityEngine.TestRunner/TestRunner/RemoteHelpers/RemoteTestData.cs
 0.1 kb	 0.0% Packages/com.unity.collections/Unity.Collections/NativeNotBurstCompatible.cs
 0.1 kb	 0.0% Packages/com.unity.test-framework/UnityEngine.TestRunner/Utils/MonoBehaviourTest/IMonoBehaviourTest.cs
 0.1 kb	 0.0% Packages/com.unity.test-framework/UnityEngine.TestRunner/Utils/IPostBuildCleanup.cs
 0.1 kb	 0.0% Packages/com.unity.test-framework/UnityEngine.TestRunner/TestRunner/TestPlatform.cs
 0.1 kb	 0.0% Packages/com.unity.test-framework/UnityEngine.TestRunner/NUnitExtensions/Commands/TestCommandPcHelper.cs
 0.1 kb	 0.0% Packages/com.unity.test-framework/UnityEngine.TestRunner/NUnitExtensions/Commands/TestActionCommand.cs
 0.1 kb	 0.0% Packages/com.unity.test-framework/UnityEngine.TestRunner/NUnitExtensions/Commands/SetUpTearDownCommand.cs
 0.1 kb	 0.0% Packages/com.unity.test-framework/UnityEngine.TestRunner/NUnitExtensions/Commands/EnumerableTestState.cs
 0.1 kb	 0.0% Packages/com.unity.test-framework/UnityEngine.TestRunner/NUnitExtensions/Attributes/UnityTestAttribute.cs
 0.1 kb	 0.0% Packages/com.unity.test-framework/UnityEngine.TestRunner/NUnitExtensions/Attributes/UnitySetUpAttribute.cs
 0.1 kb	 0.0% Packages/com.unity.collections/Unity.Collections/UnsafeBitArray.cs
 0.1 kb	 0.0% Packages/com.unity.collections/Unity.Collections/UTF8ArrayUnsafeUtility.cs
 0.1 kb	 0.0% Packages/com.unity.collections/Unity.Collections/NativeHashSetExtensions.gen.cs
 0.1 kb	 0.0% Packages/com.unity.collections/Unity.Collections/NativeHashMapExtensions.cs
 0.1 kb	 0.0% Packages/com.unity.collections/Unity.Collections/NativeArrayExtensions.cs
 0.1 kb	 0.0% Packages/com.unity.collections/Unity.Collections/FixedStringInternalMethods.cs
 0.1 kb	 0.0% Packages/com.unity.collections/Unity.Collections/FixedStringFormatMethods.gen.cs
 0.1 kb	 0.0% Packages/com.unity.collections/Unity.Collections/BurstCompatibleAttribute.cs
 0.1 kb	 0.0% Packages/com.unity.cloud.gltfast/Runtime/Scripts/MaterialsVariants/MultiMaterialsVariantsSlotInstances.cs
 0.1 kb	 0.0% Packages/com.unity.cloud.gltfast/Runtime/Scripts/ImportAddons/ImportAddonInstanceCollection.cs
 0.1 kb	 0.0% Packages/com.unity.cloud.gltfast/Runtime/Scripts/Export/StandardMaterialExportBase.cs
 0.1 kb	 0.0% Packages/com.unity.cloud.gltfast/Runtime/Scripts/Export/MetaMaterialExportBuiltIn.cs
 0.1 kb	 0.0% Packages/com.unity.cloud.gltfast/Runtime/Scripts/Export/GltfUnlitMaterialExporter.cs
 0.1 kb	 0.0% Packages/com.unity.cloud.gltfast/DocExamples/SimpleExport.cs
 0.1 kb	 0.0% Packages/com.unity.cloud.gltfast/DocExamples/ExtraData.cs
 0.1 kb	 0.0% Packages/com.unity.burst/Runtime/CompilerServices/SkipLocalsInitAttribute.cs
 0.1 kb	 0.0% Packages/com.unity.burst/Runtime/CompilerServices/IgnoreWarningAttribute.cs
 0.1 kb	 0.0% Assets/Scripts/CompanionCatController.cs
 0.1 kb	 0.0% Packages/com.unity.test-framework/UnityEngine.TestRunner/Utils/StacktraceFilter.cs
 0.1 kb	 0.0% Packages/com.unity.test-framework/UnityEngine.TestRunner/Utils/IPrebuildSceneSetup.cs
 0.1 kb	 0.0% Packages/com.unity.test-framework/UnityEngine.TestRunner/Utils/CoroutineRunner.cs
 0.1 kb	 0.0% Packages/com.unity.test-framework/UnityEngine.TestRunner/Utils/AssemblyProvider/IAssemblyWrapper.cs
 0.1 kb	 0.0% Packages/com.unity.test-framework/UnityEngine.TestRunner/Utils/AssemblyProvider/AssemblyWrapper.cs
 0.1 kb	 0.0% Packages/com.unity.mathematics/Unity.Mathematics/PropertyAttributes.cs
 0.1 kb	 0.0% Packages/com.unity.collections/Unity.Collections/UnsafeRingQueue.cs
 0.1 kb	 0.0% Packages/com.unity.collections/Unity.Collections/FixedStringParseMethods.cs
 0.1 kb	 0.0% Packages/com.unity.collections/Unity.Collections/FixedStringAppendMethods.cs
 0.1 kb	 0.0% Packages/com.unity.cloud.gltfast/Runtime/Scripts/Schema/MaterialsVariantsExtension.cs
 0.1 kb	 0.0% Packages/com.unity.cloud.gltfast/Runtime/Scripts/Export/VertexAttributeUsage.cs
 0.1 kb	 0.0% Packages/com.unity.test-framework/UnityEngine.TestRunner/Utils/ITestRunCallback.cs
 0.1 kb	 0.0% Packages/com.unity.test-framework/UnityEngine.TestRunner/Utils/AttributeHelper.cs
 0.1 kb	 0.0% Packages/com.unity.test-framework/UnityEngine.TestRunner/NUnitExtensions/Attributes/TestEnumerator.cs
 0.1 kb	 0.0% Packages/com.unity.test-framework/UnityEngine.TestRunner/Assertions/LogScope/ILogScope.cs
 0.1 kb	 0.0% Packages/com.unity.collections/Unity.Collections/UnsafeText.cs
 0.1 kb	 0.0% Packages/com.unity.collections/Unity.Collections/UnsafeStream.cs
 0.1 kb	 0.0% Packages/com.unity.collections/Unity.Collections/UnsafeList.cs
 0.1 kb	 0.0% Packages/com.unity.collections/Unity.Collections/RewindableAllocator.cs
 0.1 kb	 0.0% Packages/com.unity.collections/Unity.Collections/FixedStringMethods.cs
 0.1 kb	 0.0% Packages/com.unity.collections/Unity.Collections/Deprecated.cs
 0.1 kb	 0.0% Packages/com.unity.cloud.gltfast/Runtime/Scripts/UninterruptedDefaultDeferAgent.cs
 0.1 kb	 0.0% Packages/com.unity.cloud.gltfast/Runtime/Scripts/MaterialsVariants/MaterialsVariantsSlotInstances.cs
 0.1 kb	 0.0% Packages/com.unity.cloud.gltfast/Runtime/Scripts/MaterialsVariants/IMaterialsVariantsSlotInstance.cs
 0.1 kb	 0.0% Packages/com.unity.cloud.gltfast/Runtime/Scripts/Loading/CustomHeaderDownloadProvider.cs
 0.1 kb	 0.0% Packages/com.unity.cloud.gltfast/Runtime/Scripts/Export/StandardMaterialExport.cs
 0.1 kb	 0.0% Packages/com.unity.cloud.gltfast/Runtime/Scripts/Export/MeshMaterialCombination.cs
 0.1 kb	 0.0% Packages/com.unity.cloud.gltfast/Runtime/Scripts/Export/GameObjectExportSettings.cs
 0.1 kb	 0.0% Packages/com.unity.burst/Runtime/CompilerServices/AssumeRangeAttribute.cs
 0.1 kb	 0.0% Packages/com.unity.collections/Unity.Collections/NativeQueue.cs
 0.1 kb	 0.0% Packages/com.unity.collections/Unity.Collections/FixedStringFormat.gen.cs
 0.1 kb	 0.0% Packages/com.unity.collections/Unity.Collections/Attributes.cs
 0.1 kb	 0.0% Packages/com.unity.cloud.gltfast/Runtime/Scripts/Material/BuiltInMaterialGenerator.cs
 0.1 kb	 0.0% Packages/com.unity.test-framework/UnityEngine.TestRunner/Assertions/LogScope/LogScope.cs
 0.1 kb	 0.0% Packages/com.unity.test-framework/UnityEngine.TestRunner/Assertions/LogScope/LogMatch.cs
 0.1 kb	 0.0% Packages/com.unity.test-framework/UnityEngine.TestRunner/Assertions/LogScope/LogEvent.cs
 0.1 kb	 0.0% Packages/com.unity.test-framework/UnityEngine.TestRunner/Assertions/LogAssert.cs
 0.1 kb	 0.0% Packages/com.unity.mathematics/Unity.Mathematics/rigid_transform.cs
 0.1 kb	 0.0% Packages/com.unity.mathematics/Unity.Mathematics/math_unity_conversion.cs
 0.1 kb	 0.0% Packages/com.unity.mathematics/Unity.Mathematics/Geometry/MinMaxAABB.cs
 0.1 kb	 0.0% Packages/com.unity.collections/Unity.Collections/xxHash3.StreamingState.cs
 0.1 kb	 0.0% Packages/com.unity.collections/Unity.Collections/NativeSort.cs
 0.1 kb	 0.0% Packages/com.unity.collections/Unity.Collections/NativeBitArray.cs
 0.1 kb	 0.0% Packages/com.unity.collections/Unity.Collections/ListExtensions.cs
 0.1 kb	 0.0% Packages/com.unity.collections/Unity.Collections/FixedStringUtils.cs
 0.1 kb	 0.0% Packages/com.unity.collections/Unity.Collections/ConcurrentMask.cs
 0.1 kb	 0.0% Packages/com.unity.collections/Unity.Collections/CollectionHelper.cs
 0.1 kb	 0.0% Packages/com.unity.collections/Unity.Collections/AllocatorManager.cs
 0.1 kb	 0.0% Packages/com.unity.cloud.gltfast/Runtime/Scripts/VertexBufferGeneratorBase.cs
 0.1 kb	 0.0% Packages/com.unity.cloud.gltfast/Runtime/Scripts/TimeBudgetPerFrameDeferAgent.cs
 0.1 kb	 0.0% Packages/com.unity.cloud.gltfast/Runtime/Scripts/Schema/TextureInfoExtensions.cs
 0.1 kb	 0.0% Packages/com.unity.cloud.gltfast/Runtime/Scripts/Schema/PbrSpecularGlossiness.cs
 0.1 kb	 0.0% Packages/com.unity.cloud.gltfast/Runtime/Scripts/Schema/MaterialPbrMetallicRoughness.cs
 0.1 kb	 0.0% Packages/com.unity.cloud.gltfast/Runtime/Scripts/Schema/AnimationChannelTarget.cs
 0.1 kb	 0.0% Packages/com.unity.cloud.gltfast/Runtime/Scripts/Schema/AccessorSparseIndices.cs
 0.1 kb	 0.0% Packages/com.unity.cloud.gltfast/Runtime/Scripts/MaterialsVariants/MaterialsVariantsComponent.cs
 0.1 kb	 0.0% Packages/com.unity.cloud.gltfast/Runtime/Scripts/Loading/DefaultDownloadProvider.cs
 0.1 kb	 0.0% Packages/com.unity.cloud.gltfast/Runtime/Scripts/ImageConversionImageLoader.cs
 0.1 kb	 0.0% Packages/com.unity.cloud.gltfast/Runtime/Scripts/IMaterialsVariantsProvider.cs
 0.1 kb	 0.0% Packages/com.unity.cloud.gltfast/Runtime/Scripts/IDefaultImageFormatLoader.cs
 0.1 kb	 0.0% Packages/com.unity.cloud.gltfast/Runtime/Scripts/GameObjectBoundsInstantiator.cs
 0.1 kb	 0.0% Packages/com.unity.cloud.gltfast/Runtime/Scripts/Export/NormalImageExport.cs
 0.1 kb	 0.0% Packages/com.unity.cloud.gltfast/Runtime/Scripts/Export/MaterialExportBase.cs
 0.1 kb	 0.0% Packages/com.unity.cloud.gltfast/Runtime/Scripts/Export/KhrLightsPunctual.cs
 0.1 kb	 0.0% Packages/com.unity.cloud.gltfast/Runtime/Scripts/Export/GltfMaterialExporter.cs
 0.1 kb	 0.0% Packages/com.unity.cloud.gltfast/Runtime/Scripts/Export/DracoExportSettings.cs
 0.1 kb	 0.0% Packages/com.unity.cloud.gltfast/Runtime/Scripts/CancellationTokenExtension.cs
 0.1 kb	 0.0% Packages/com.unity.cloud.gltfast/DocExamples/WebP.cs
 0.1 kb	 0.0% Packages/com.unity.burst/Runtime/SafeStringArrayHelper.cs
 0.1 kb	 0.0% Packages/com.unity.burst/Runtime/Editor/BurstEditorOptions.cs
 0.1 kb	 0.0% Packages/com.unity.burst/Runtime/Editor/BurstCompileTarget.cs
 0.1 kb	 0.0% Packages/com.unity.burst/Runtime/Editor/BurstAssemblyDisable.cs
 0.1 kb	 0.0% Packages/com.unity.burst/Runtime/BurstCompileAttribute.cs
 0.1 kb	 0.0% Packages/com.unity.test-framework/UnityEngine.TestRunner/Utils/Utils.cs
 0.1 kb	 0.0% Packages/com.unity.test-framework/UnityEngine.TestRunner/Assertions/Is.cs
 0.1 kb	 0.0% Packages/com.unity.mathematics/Unity.Mathematics/double4x4.gen.cs
 0.1 kb	 0.0% Packages/com.unity.mathematics/Unity.Mathematics/double4x3.gen.cs
 0.1 kb	 0.0% Packages/com.unity.mathematics/Unity.Mathematics/double4x2.gen.cs
 0.1 kb	 0.0% Packages/com.unity.mathematics/Unity.Mathematics/double3x4.gen.cs
 0.1 kb	 0.0% Packages/com.unity.mathematics/Unity.Mathematics/double3x3.gen.cs
 0.1 kb	 0.0% Packages/com.unity.mathematics/Unity.Mathematics/double3x2.gen.cs
 0.1 kb	 0.0% Packages/com.unity.mathematics/Unity.Mathematics/double2x4.gen.cs
 0.1 kb	 0.0% Packages/com.unity.mathematics/Unity.Mathematics/double2x3.gen.cs
 0.1 kb	 0.0% Packages/com.unity.mathematics/Unity.Mathematics/double2x2.gen.cs
 0.1 kb	 0.0% Packages/com.unity.collections/Unity.Collections/NativeText.gen.cs
 0.1 kb	 0.0% Packages/com.unity.collections/Unity.Collections/HeapString.gen.cs
 0.1 kb	 0.0% Packages/com.unity.collections/Unity.Collections/FixedString.gen.cs
 0.1 kb	 0.0% Packages/com.unity.collections/Unity.Collections/FixedList.gen.cs
 0.1 kb	 0.0% Packages/com.unity.cloud.gltfast/Runtime/Scripts/VertexBufferTexCoords.cs
 0.1 kb	 0.0% Packages/com.unity.cloud.gltfast/Runtime/Scripts/Schema/FakeSchema/MaterialExtension.cs
 0.1 kb	 0.0% Packages/com.unity.cloud.gltfast/Runtime/Scripts/Material/MaterialGenerator.cs
 0.1 kb	 0.0% Packages/com.unity.cloud.gltfast/Runtime/Scripts/Material/IMaterialGenerator.cs
 0.1 kb	 0.0% Packages/com.unity.mathematics/Unity.Mathematics/quaternion.cs
 0.1 kb	 0.0% Packages/com.unity.mathematics/Unity.Mathematics/Noise/classicnoise4D.cs
 0.1 kb	 0.0% Packages/com.unity.mathematics/Unity.Mathematics/Noise/classicnoise3D.cs
 0.1 kb	 0.0% Packages/com.unity.mathematics/Unity.Mathematics/Noise/classicnoise2D.cs
 0.1 kb	 0.0% Packages/com.unity.mathematics/Unity.Mathematics/Noise/cellular2x2x2.cs
 0.1 kb	 0.0% Packages/com.unity.mathematics/Unity.Mathematics/Geometry/Plane.cs
 0.1 kb	 0.0% Packages/com.unity.collections/Unity.Collections/NativeStream.cs
 0.1 kb	 0.0% Packages/com.unity.cloud.gltfast/Runtime/Scripts/VertexBufferDescriptor.cs
 0.1 kb	 0.0% Packages/com.unity.cloud.gltfast/Runtime/Scripts/UninterruptedDeferAgent.cs
 0.1 kb	 0.0% Packages/com.unity.cloud.gltfast/Runtime/Scripts/Schema/TextureExtensions.cs
 0.1 kb	 0.0% Packages/com.unity.cloud.gltfast/Runtime/Scripts/Schema/OcclusionTextureInfo.cs
 0.1 kb	 0.0% Packages/com.unity.cloud.gltfast/Runtime/Scripts/Schema/NormalTextureInfo.cs
 0.1 kb	 0.0% Packages/com.unity.cloud.gltfast/Runtime/Scripts/Schema/NodeLightsPunctual.cs
 0.1 kb	 0.0% Packages/com.unity.cloud.gltfast/Runtime/Scripts/Schema/MeshGpuInstancing.cs
 0.1 kb	 0.0% Packages/com.unity.cloud.gltfast/Runtime/Scripts/Schema/MaterialExtensions.cs
 0.1 kb	 0.0% Packages/com.unity.cloud.gltfast/Runtime/Scripts/Schema/BufferViewExtensions.cs
 0.1 kb	 0.0% Packages/com.unity.cloud.gltfast/Runtime/Scripts/Schema/AccessorSparseValues.cs
 0.1 kb	 0.0% Packages/com.unity.cloud.gltfast/Runtime/Scripts/ReadOnlyDisposableData.cs
 0.1 kb	 0.0% Packages/com.unity.cloud.gltfast/Runtime/Scripts/NativeArrayExtensions.cs
 0.1 kb	 0.0% Packages/com.unity.cloud.gltfast/Runtime/Scripts/MorphTargetsGenerator.cs
 0.1 kb	 0.0% Packages/com.unity.cloud.gltfast/Runtime/Scripts/MaterialsVariants/MaterialsVariantsControl.cs
 0.1 kb	 0.0% Packages/com.unity.cloud.gltfast/Runtime/Scripts/MaterialsVariants/IMaterialsVariantsSlot.cs
 0.1 kb	 0.0% Packages/com.unity.cloud.gltfast/Runtime/Scripts/Loading/IDownloadProvider.cs
 0.1 kb	 0.0% Packages/com.unity.cloud.gltfast/Runtime/Scripts/LightPunctualExtension.cs
 0.1 kb	 0.0% Packages/com.unity.cloud.gltfast/Runtime/Scripts/InstantiationSettings.cs
 0.1 kb	 0.0% Packages/com.unity.cloud.gltfast/Runtime/Scripts/ImportAddons/ImportAddonRegistry.cs
 0.1 kb	 0.0% Packages/com.unity.cloud.gltfast/Runtime/Scripts/ImportAddons/ImportAddonInstance.cs
 0.1 kb	 0.0% Packages/com.unity.cloud.gltfast/Runtime/Scripts/ImageFormatExtensions.cs
 0.1 kb	 0.0% Packages/com.unity.cloud.gltfast/Runtime/Scripts/GltfJsonUtilityParser.cs
 0.1 kb	 0.0% Packages/com.unity.cloud.gltfast/Runtime/Scripts/GameObjectSceneInstance.cs
 0.1 kb	 0.0% Packages/com.unity.cloud.gltfast/Runtime/Scripts/GameObjectInstantiator.cs
 0.1 kb	 0.0% Packages/com.unity.cloud.gltfast/Runtime/Scripts/Export/TextureComparer.cs
 0.1 kb	 0.0% Packages/com.unity.cloud.gltfast/Runtime/Scripts/Export/OrmImageExport.cs
 0.1 kb	 0.0% Packages/com.unity.cloud.gltfast/Runtime/Scripts/Export/MaterialExport.cs
 0.1 kb	 0.0% Packages/com.unity.cloud.gltfast/Runtime/Scripts/Export/ImageExportBase.cs
 0.1 kb	 0.0% Packages/com.unity.cloud.gltfast/Runtime/Scripts/Export/IMaterialExport.cs
 0.1 kb	 0.0% Packages/com.unity.cloud.gltfast/Runtime/Scripts/Export/IGltfWritable.cs
 0.1 kb	 0.0% Packages/com.unity.cloud.gltfast/Runtime/Scripts/Export/GameObjectExport.cs
 0.1 kb	 0.0% Packages/com.unity.cloud.gltfast/Runtime/Scripts/Export/ExportSettings.cs
 0.1 kb	 0.0% Packages/com.unity.burst/Runtime/Intrinsics/SimdDebugViews.cs
 0.1 kb	 0.0% Packages/com.unity.burst/Runtime/Editor/BurstReflection.cs
 0.1 kb	 0.0% Packages/com.unity.burst/Runtime/BurstCompilerOptions.cs
 0.1 kb	 0.0% Packages/com.unity.mathematics/Unity.Mathematics/uint4x4.gen.cs
 0.1 kb	 0.0% Packages/com.unity.mathematics/Unity.Mathematics/uint4x3.gen.cs
 0.1 kb	 0.0% Packages/com.unity.mathematics/Unity.Mathematics/uint4x2.gen.cs
 0.1 kb	 0.0% Packages/com.unity.mathematics/Unity.Mathematics/uint4.gen.cs
 0.1 kb	 0.0% Packages/com.unity.mathematics/Unity.Mathematics/uint3x4.gen.cs
 0.1 kb	 0.0% Packages/com.unity.mathematics/Unity.Mathematics/uint3x3.gen.cs
 0.1 kb	 0.0% Packages/com.unity.mathematics/Unity.Mathematics/uint3x2.gen.cs
 0.1 kb	 0.0% Packages/com.unity.mathematics/Unity.Mathematics/uint3.gen.cs
 0.1 kb	 0.0% Packages/com.unity.mathematics/Unity.Mathematics/uint2x4.gen.cs
 0.1 kb	 0.0% Packages/com.unity.mathematics/Unity.Mathematics/uint2x3.gen.cs
 0.1 kb	 0.0% Packages/com.unity.mathematics/Unity.Mathematics/uint2x2.gen.cs
 0.1 kb	 0.0% Packages/com.unity.mathematics/Unity.Mathematics/uint2.gen.cs
 0.1 kb	 0.0% Packages/com.unity.mathematics/Unity.Mathematics/int4x4.gen.cs
 0.1 kb	 0.0% Packages/com.unity.mathematics/Unity.Mathematics/int4x3.gen.cs
 0.1 kb	 0.0% Packages/com.unity.mathematics/Unity.Mathematics/int4x2.gen.cs
 0.1 kb	 0.0% Packages/com.unity.mathematics/Unity.Mathematics/int3x4.gen.cs
 0.1 kb	 0.0% Packages/com.unity.mathematics/Unity.Mathematics/int3x3.gen.cs
 0.1 kb	 0.0% Packages/com.unity.mathematics/Unity.Mathematics/int3x2.gen.cs
 0.1 kb	 0.0% Packages/com.unity.mathematics/Unity.Mathematics/int2x4.gen.cs
 0.1 kb	 0.0% Packages/com.unity.mathematics/Unity.Mathematics/int2x3.gen.cs
 0.1 kb	 0.0% Packages/com.unity.mathematics/Unity.Mathematics/int2x2.gen.cs
 0.1 kb	 0.0% Packages/com.unity.mathematics/Unity.Mathematics/half4.gen.cs
 0.1 kb	 0.0% Packages/com.unity.mathematics/Unity.Mathematics/half3.gen.cs
 0.1 kb	 0.0% Packages/com.unity.mathematics/Unity.Mathematics/half2.gen.cs
 0.1 kb	 0.0% Packages/com.unity.mathematics/Unity.Mathematics/float4x4.gen.cs
 0.1 kb	 0.0% Packages/com.unity.mathematics/Unity.Mathematics/float4x3.gen.cs
 0.1 kb	 0.0% Packages/com.unity.mathematics/Unity.Mathematics/float4x2.gen.cs
 0.1 kb	 0.0% Packages/com.unity.mathematics/Unity.Mathematics/float4.gen.cs
 0.1 kb	 0.0% Packages/com.unity.mathematics/Unity.Mathematics/float3x4.gen.cs
 0.1 kb	 0.0% Packages/com.unity.mathematics/Unity.Mathematics/float3x3.gen.cs
 0.1 kb	 0.0% Packages/com.unity.mathematics/Unity.Mathematics/float3x2.gen.cs
 0.1 kb	 0.0% Packages/com.unity.mathematics/Unity.Mathematics/float3.gen.cs
 0.1 kb	 0.0% Packages/com.unity.mathematics/Unity.Mathematics/float2x4.gen.cs
 0.1 kb	 0.0% Packages/com.unity.mathematics/Unity.Mathematics/float2x3.gen.cs
 0.1 kb	 0.0% Packages/com.unity.mathematics/Unity.Mathematics/float2x2.gen.cs
 0.1 kb	 0.0% Packages/com.unity.mathematics/Unity.Mathematics/float2.gen.cs
 0.1 kb	 0.0% Packages/com.unity.mathematics/Unity.Mathematics/double4.gen.cs
 0.1 kb	 0.0% Packages/com.unity.mathematics/Unity.Mathematics/double3.gen.cs
 0.1 kb	 0.0% Packages/com.unity.mathematics/Unity.Mathematics/double2.gen.cs
 0.1 kb	 0.0% Packages/com.unity.mathematics/Unity.Mathematics/bool4x4.gen.cs
 0.1 kb	 0.0% Packages/com.unity.mathematics/Unity.Mathematics/bool4x3.gen.cs
 0.1 kb	 0.0% Packages/com.unity.mathematics/Unity.Mathematics/bool4x2.gen.cs
 0.1 kb	 0.0% Packages/com.unity.mathematics/Unity.Mathematics/bool4.gen.cs
 0.1 kb	 0.0% Packages/com.unity.mathematics/Unity.Mathematics/bool3x4.gen.cs
 0.1 kb	 0.0% Packages/com.unity.mathematics/Unity.Mathematics/bool3x3.gen.cs
 0.1 kb	 0.0% Packages/com.unity.mathematics/Unity.Mathematics/bool3x2.gen.cs
 0.1 kb	 0.0% Packages/com.unity.mathematics/Unity.Mathematics/bool3.gen.cs
 0.1 kb	 0.0% Packages/com.unity.mathematics/Unity.Mathematics/bool2x4.gen.cs
 0.1 kb	 0.0% Packages/com.unity.mathematics/Unity.Mathematics/bool2x3.gen.cs
 0.1 kb	 0.0% Packages/com.unity.mathematics/Unity.Mathematics/bool2x2.gen.cs
 0.1 kb	 0.0% Packages/com.unity.mathematics/Unity.Mathematics/bool2.gen.cs
 0.1 kb	 0.0% Packages/com.unity.mathematics/Unity.Mathematics/Noise/psrdnoise2D.cs
 0.1 kb	 0.0% Packages/com.unity.mathematics/Unity.Mathematics/Noise/noise3Dgrad.cs
 0.1 kb	 0.0% Packages/com.unity.mathematics/Unity.Mathematics/Noise/cellular3D.cs
 0.1 kb	 0.0% Packages/com.unity.mathematics/Unity.Mathematics/Noise/cellular2x2.cs
 0.1 kb	 0.0% Packages/com.unity.mathematics/Unity.Mathematics/Noise/cellular2D.cs
 0.1 kb	 0.0% Packages/com.unity.collections/Unity.Collections/xxHash3.AVX2.cs
 0.1 kb	 0.0% Packages/com.unity.cloud.gltfast/Runtime/Scripts/Schema/FakeSchema/MeshPrimitive.cs
 0.1 kb	 0.0% Packages/com.unity.cloud.gltfast/Runtime/Scripts/Material/MaterialProperty.cs
 0.1 kb	 0.0% Packages/com.unity.burst/Runtime/Intrinsics/Arm/NEON_AArch64_rdma.cs
 0.1 kb	 0.0% Packages/com.unity.burst/Runtime/Intrinsics/Arm/NEON_AArch64_dotprod.cs
 0.1 kb	 0.0% Packages/com.unity.burst/Runtime/Intrinsics/Arm/NEON_AArch64_crypto.cs
 0.1 kb	 0.0% Packages/com.unity.mathematics/Unity.Mathematics/random.cs
 0.1 kb	 0.0% Packages/com.unity.mathematics/Unity.Mathematics/matrix.gen.cs
 0.1 kb	 0.0% Packages/com.unity.mathematics/Unity.Mathematics/matrix.cs
 0.1 kb	 0.0% Packages/com.unity.mathematics/Unity.Mathematics/Noise/noise4D.cs
 0.1 kb	 0.0% Packages/com.unity.mathematics/Unity.Mathematics/Noise/noise3D.cs
 0.1 kb	 0.0% Packages/com.unity.mathematics/Unity.Mathematics/Noise/noise2D.cs
 0.1 kb	 0.0% Packages/com.unity.mathematics/Unity.Mathematics/Noise/common.cs
 0.1 kb	 0.0% Packages/com.unity.collections/Unity.Collections/xxHash3.cs
 0.1 kb	 0.0% Packages/com.unity.collections/Unity.Collections/Unicode.cs
 0.1 kb	 0.0% Packages/com.unity.collections/Unity.Collections/Memory.cs
 0.1 kb	 0.0% Packages/com.unity.collections/Unity.Collections/BitField.cs
 0.1 kb	 0.0% Packages/com.unity.cloud.gltfast/Runtime/Scripts/VertexBufferColors.cs
 0.1 kb	 0.0% Packages/com.unity.cloud.gltfast/Runtime/Scripts/VertexBufferBones.cs
 0.1 kb	 0.0% Packages/com.unity.cloud.gltfast/Runtime/Scripts/SubMeshAssignment.cs
 0.1 kb	 0.0% Packages/com.unity.cloud.gltfast/Runtime/Scripts/Schema/TextureTransform.cs
 0.1 kb	 0.0% Packages/com.unity.cloud.gltfast/Runtime/Scripts/Schema/RootExtensions.cs
 0.1 kb	 0.0% Packages/com.unity.cloud.gltfast/Runtime/Scripts/Schema/MeshPrimitive.cs
 0.1 kb	 0.0% Packages/com.unity.cloud.gltfast/Runtime/Scripts/Schema/MaterialUnlit.cs
 0.1 kb	 0.0% Packages/com.unity.cloud.gltfast/Runtime/Scripts/Schema/MaterialTransmission.cs
 0.1 kb	 0.0% Packages/com.unity.cloud.gltfast/Runtime/Scripts/Schema/MaterialSpecular.cs
 0.1 kb	 0.0% Packages/com.unity.cloud.gltfast/Runtime/Scripts/Schema/MaterialClearCoat.cs
 0.1 kb	 0.0% Packages/com.unity.cloud.gltfast/Runtime/Scripts/Schema/LightsPunctual.cs
 0.1 kb	 0.0% Packages/com.unity.cloud.gltfast/Runtime/Scripts/Schema/LightPunctual.cs
 0.1 kb	 0.0% Packages/com.unity.cloud.gltfast/Runtime/Scripts/Schema/AnimationSampler.cs
 0.1 kb	 0.0% Packages/com.unity.cloud.gltfast/Runtime/Scripts/Schema/AnimationChannel.cs
 0.1 kb	 0.0% Packages/com.unity.cloud.gltfast/Runtime/Scripts/Schema/AccessorSparse.cs
 0.1 kb	 0.0% Packages/com.unity.cloud.gltfast/Runtime/Scripts/RenderPipelineUtils.cs
 0.1 kb	 0.0% Packages/com.unity.cloud.gltfast/Runtime/Scripts/PrimitivesComparer.cs
 0.1 kb	 0.0% Packages/com.unity.cloud.gltfast/Runtime/Scripts/PrimitiveComparer.cs
 0.1 kb	 0.0% Packages/com.unity.cloud.gltfast/Runtime/Scripts/MeshGeneratorBase.cs
 0.1 kb	 0.0% Packages/com.unity.cloud.gltfast/Runtime/Scripts/Logging/ConsoleLogger.cs
 0.1 kb	 0.0% Packages/com.unity.cloud.gltfast/Runtime/Scripts/Logging/CollectingLogger.cs
 0.1 kb	 0.0% Packages/com.unity.cloud.gltfast/Runtime/Scripts/Loading/ITextureDownload.cs
 0.1 kb	 0.0% Packages/com.unity.cloud.gltfast/Runtime/Scripts/Loading/INativeDownload.cs
 0.1 kb	 0.0% Packages/com.unity.cloud.gltfast/Runtime/Scripts/ImageFormatDetection.cs
 0.1 kb	 0.0% Packages/com.unity.cloud.gltfast/Runtime/Scripts/ITextureImageLoader.cs
 0.1 kb	 0.0% Packages/com.unity.cloud.gltfast/Runtime/Scripts/IMaterialProvider.cs
 0.1 kb	 0.0% Packages/com.unity.cloud.gltfast/Runtime/Scripts/Export/ImageExport.cs
 0.1 kb	 0.0% Packages/com.unity.cloud.gltfast/Runtime/Scripts/Export/IMeshData.cs
 0.1 kb	 0.0% Packages/com.unity.cloud.gltfast/Runtime/Scripts/Export/GltfWriter.cs
 0.1 kb	 0.0% Packages/com.unity.cloud.gltfast/Runtime/Scripts/Export/ExportJobs.cs
 0.1 kb	 0.0% Packages/com.unity.cloud.gltfast/Runtime/Scripts/Export/Constants.cs
 0.1 kb	 0.0% Packages/com.unity.cloud.gltfast/Runtime/Scripts/DontDestroyOnLoad.cs
 0.1 kb	 0.0% Packages/com.unity.cloud.gltfast/Runtime/Scripts/DefaultDeferAgent.cs
 0.1 kb	 0.0% Packages/com.unity.burst/Runtime/NoAliasAttribute.cs
 0.1 kb	 0.0% Packages/com.unity.burst/Runtime/FunctionPointer.cs
 0.1 kb	 0.0% Packages/com.unity.burst/Runtime/Editor/BurstLoader.cs
 0.1 kb	 0.0% Packages/com.unity.burst/Runtime/CompilerServices/Constant.cs
 0.1 kb	 0.0% Packages/com.unity.burst/Runtime/CompilerServices/Aliasing.cs
 0.1 kb	 0.0% Packages/com.unity.burst/Runtime/BurstString.Float.cs
 0.1 kb	 0.0% Packages/com.unity.burst/Runtime/BurstCompiler.cs
 0.1 kb	 0.0% Packages/com.unity.mathematics/Unity.Mathematics/int4.gen.cs
 0.1 kb	 0.0% Packages/com.unity.mathematics/Unity.Mathematics/int3.gen.cs
 0.1 kb	 0.0% Packages/com.unity.mathematics/Unity.Mathematics/int2.gen.cs
 0.1 kb	 0.0% Packages/com.unity.cloud.gltfast/Runtime/Scripts/VertexStructs.cs
 0.1 kb	 0.0% Packages/com.unity.cloud.gltfast/Runtime/Scripts/Schema/GltfAnimation.cs
 0.1 kb	 0.0% Packages/com.unity.cloud.gltfast/Runtime/Scripts/Schema/FakeSchema/NamedObject.cs
 0.1 kb	 0.0% Packages/com.unity.cloud.gltfast/Runtime/Scripts/Material/Constants.cs
 0.1 kb	 0.0% Packages/com.unity.cloud.gltfast/Runtime/Scripts/CachedFunction.cs
 0.1 kb	 0.0% Packages/com.unity.burst/Runtime/Intrinsics/Common.cs
 0.1 kb	 0.0% Packages/com.unity.burst/Runtime/Intrinsics/Arm/NEON_ctor.cs
 0.1 kb	 0.0% Packages/com.unity.burst/Runtime/Intrinsics/Arm/NEON_AArch64.cs
 0.1 kb	 0.0% Packages/com.unity.mathematics/Unity.Mathematics/math.cs
 0.1 kb	 0.0% Packages/com.unity.mathematics/Unity.Mathematics/half.cs
 0.1 kb	 0.0% Packages/com.unity.cloud.gltfast/Runtime/Scripts/StreamExtension.cs
 0.1 kb	 0.0% Packages/com.unity.cloud.gltfast/Runtime/Scripts/Schema/TextureInfo.cs
 0.1 kb	 0.0% Packages/com.unity.cloud.gltfast/Runtime/Scripts/Schema/SpotLight.cs
 0.1 kb	 0.0% Packages/com.unity.cloud.gltfast/Runtime/Scripts/Schema/NamedObject.cs
 0.1 kb	 0.0% Packages/com.unity.cloud.gltfast/Runtime/Scripts/Schema/MaterialSheen.cs
 0.1 kb	 0.0% Packages/com.unity.cloud.gltfast/Runtime/Scripts/Schema/MaterialIor.cs
 0.1 kb	 0.0% Packages/com.unity.cloud.gltfast/Runtime/Scripts/Schema/JsonWriter.cs
 0.1 kb	 0.0% Packages/com.unity.cloud.gltfast/Runtime/Scripts/Schema/IBufferView.cs
 0.1 kb	 0.0% Packages/com.unity.cloud.gltfast/Runtime/Scripts/Schema/Constants.cs
 0.1 kb	 0.0% Packages/com.unity.cloud.gltfast/Runtime/Scripts/Schema/BufferView.cs
 0.1 kb	 0.0% Packages/com.unity.cloud.gltfast/Runtime/Scripts/RootExtension.cs
 0.1 kb	 0.0% Packages/com.unity.cloud.gltfast/Runtime/Scripts/NodeExtension.cs
 0.1 kb	 0.0% Packages/com.unity.cloud.gltfast/Runtime/Scripts/MeshGenerator.cs
 0.1 kb	 0.0% Packages/com.unity.cloud.gltfast/Runtime/Scripts/MeshAssignment.cs
 0.1 kb	 0.0% Packages/com.unity.cloud.gltfast/Runtime/Scripts/Logging/LogMessages.cs
 0.1 kb	 0.0% Packages/com.unity.cloud.gltfast/Runtime/Scripts/Logging/ICodeLogger.cs
 0.1 kb	 0.0% Packages/com.unity.cloud.gltfast/Runtime/Scripts/Loading/IDownload.cs
 0.1 kb	 0.0% Packages/com.unity.cloud.gltfast/Runtime/Scripts/Jobs.cs
 0.1 kb	 0.0% Packages/com.unity.cloud.gltfast/Runtime/Scripts/ImportSettings.cs
 0.1 kb	 0.0% Packages/com.unity.cloud.gltfast/Runtime/Scripts/ImportContext.cs
 0.1 kb	 0.0% Packages/com.unity.cloud.gltfast/Runtime/Scripts/ImportAddons/ImportAddon.cs
 0.1 kb	 0.0% Packages/com.unity.cloud.gltfast/Runtime/Scripts/IInstantiator.cs
 0.1 kb	 0.0% Packages/com.unity.cloud.gltfast/Runtime/Scripts/IGltfReadable.cs
 0.1 kb	 0.0% Packages/com.unity.cloud.gltfast/Runtime/Scripts/GltfBoundsAsset.cs
 0.1 kb	 0.0% Packages/com.unity.cloud.gltfast/Runtime/Scripts/GltfAssetBase.cs
 0.1 kb	 0.0% Packages/com.unity.cloud.gltfast/Runtime/Scripts/AnimationUtils.cs
 0.1 kb	 0.0% Packages/com.unity.burst/Runtime/SharedStatic.cs
 0.1 kb	 0.0% Packages/com.unity.burst/Runtime/Intrinsics/x86/Ssse3.cs
 0.1 kb	 0.0% Packages/com.unity.burst/Runtime/Intrinsics/x86/Sse4_2.cs
 0.1 kb	 0.0% Packages/com.unity.burst/Runtime/Intrinsics/x86/Sse4_1.cs
 0.1 kb	 0.0% Packages/com.unity.burst/Runtime/Intrinsics/x86/Popcnt.cs
 0.1 kb	 0.0% Packages/com.unity.burst/Runtime/Intrinsics/x86/Common.cs
 0.1 kb	 0.0% Packages/com.unity.burst/Runtime/CompilerServices/Hint.cs
 0.1 kb	 0.0% Packages/com.unity.burst/Runtime/BurstString.cs
 0.1 kb	 0.0% Packages/com.unity.burst/Runtime/BurstRuntime.cs
 0.1 kb	 0.0% Packages/com.unity.cloud.gltfast/Runtime/Scripts/Schema/GltfCamera.cs
 0.1 kb	 0.0% Packages/com.unity.cloud.gltfast/Runtime/Scripts/Schema/FakeSchema/Material.cs
 0.1 kb	 0.0% Packages/com.unity.cloud.gltfast/Runtime/Scripts/Extensions.cs
 0.1 kb	 0.0% Packages/com.unity.burst/Runtime/Intrinsics/x86/Sse3.cs
 0.1 kb	 0.0% Packages/com.unity.burst/Runtime/Intrinsics/x86/Sse2.cs
 0.1 kb	 0.0% Packages/com.unity.burst/Runtime/Intrinsics/x86/Sse.cs
 0.1 kb	 0.0% Packages/com.unity.burst/Runtime/Intrinsics/x86/Fma.cs
 0.1 kb	 0.0% Packages/com.unity.burst/Runtime/Intrinsics/x86/F16C.cs
 0.1 kb	 0.0% Packages/com.unity.burst/Runtime/Intrinsics/x86/Csr.cs
 0.1 kb	 0.0% Packages/com.unity.burst/Runtime/Intrinsics/x86/Bmi2.cs
 0.1 kb	 0.0% Packages/com.unity.burst/Runtime/Intrinsics/x86/Bmi1.cs
 0.1 kb	 0.0% Packages/com.unity.burst/Runtime/Intrinsics/x86/Avx2.cs
 0.1 kb	 0.0% Packages/com.unity.burst/Runtime/Intrinsics/x86/Avx.cs
 0.1 kb	 0.0% Packages/com.unity.burst/Runtime/Intrinsics/v64.cs
 0.1 kb	 0.0% Packages/com.unity.burst/Runtime/Intrinsics/v256.cs
 0.1 kb	 0.0% Packages/com.unity.burst/Runtime/Intrinsics/v128.cs
 0.1 kb	 0.0% Packages/com.unity.burst/Runtime/Intrinsics/Arm/NEON.cs
 0.1 kb	 0.0% Packages/com.unity.cloud.gltfast/Runtime/Scripts/UvTransform.cs
 0.1 kb	 0.0% Packages/com.unity.cloud.gltfast/Runtime/Scripts/UriHelper.cs
 0.1 kb	 0.0% Packages/com.unity.cloud.gltfast/Runtime/Scripts/Schema/Texture.cs
 0.1 kb	 0.0% Packages/com.unity.cloud.gltfast/Runtime/Scripts/Schema/Scene.cs
 0.1 kb	 0.0% Packages/com.unity.cloud.gltfast/Runtime/Scripts/Schema/Sampler.cs
 0.1 kb	 0.0% Packages/com.unity.cloud.gltfast/Runtime/Scripts/Schema/Material.cs
 0.1 kb	 0.0% Packages/com.unity.cloud.gltfast/Runtime/Scripts/Schema/Image.cs
 0.1 kb	 0.0% Packages/com.unity.cloud.gltfast/Runtime/Scripts/Schema/Buffer.cs
 0.1 kb	 0.0% Packages/com.unity.cloud.gltfast/Runtime/Scripts/Schema/Asset.cs
 0.1 kb	 0.0% Packages/com.unity.cloud.gltfast/Runtime/Scripts/Schema/Accessor.cs
 0.1 kb	 0.0% Packages/com.unity.cloud.gltfast/Runtime/Scripts/SamplerKey.cs
 0.1 kb	 0.0% Packages/com.unity.cloud.gltfast/Runtime/Scripts/PrimitiveSet.cs
 0.1 kb	 0.0% Packages/com.unity.cloud.gltfast/Runtime/Scripts/MeshSubset.cs
 0.1 kb	 0.0% Packages/com.unity.cloud.gltfast/Runtime/Scripts/MeshResult.cs
 0.1 kb	 0.0% Packages/com.unity.cloud.gltfast/Runtime/Scripts/MeshOrder.cs
 0.1 kb	 0.0% Packages/com.unity.cloud.gltfast/Runtime/Scripts/MeshComparer.cs
 0.1 kb	 0.0% Packages/com.unity.cloud.gltfast/Runtime/Scripts/Mathematics.cs
 0.1 kb	 0.0% Packages/com.unity.cloud.gltfast/Runtime/Scripts/IndicesData.cs
 0.1 kb	 0.0% Packages/com.unity.cloud.gltfast/Runtime/Scripts/ImageResult.cs
 0.1 kb	 0.0% Packages/com.unity.cloud.gltfast/Runtime/Scripts/ImageImport.cs
 0.1 kb	 0.0% Packages/com.unity.cloud.gltfast/Runtime/Scripts/IGltfBuffers.cs
 0.1 kb	 0.0% Packages/com.unity.cloud.gltfast/Runtime/Scripts/IDeferAgent.cs
 0.1 kb	 0.0% Packages/com.unity.cloud.gltfast/Runtime/Scripts/GltfImport.cs
 0.1 kb	 0.0% Packages/com.unity.cloud.gltfast/Runtime/Scripts/GltfGlobals.cs
 0.1 kb	 0.0% Packages/com.unity.cloud.gltfast/Runtime/Scripts/GltfAsset.cs
 0.1 kb	 0.0% Packages/com.unity.cloud.gltfast/Runtime/Scripts/GlbBinChunk.cs
 0.1 kb	 0.0% Packages/com.unity.cloud.gltfast/Runtime/Scripts/Schema/FakeSchema/Root.cs
 0.1 kb	 0.0% Packages/com.unity.cloud.gltfast/Runtime/Scripts/Schema/FakeSchema/Mesh.cs
 0.1 kb	 0.0% Packages/com.unity.cloud.gltfast/Runtime/Scripts/ushort3.cs
 0.1 kb	 0.0% Packages/com.unity.cloud.gltfast/Runtime/Scripts/short4.cs
 0.1 kb	 0.0% Packages/com.unity.cloud.gltfast/Runtime/Scripts/short3.cs
 0.1 kb	 0.0% Packages/com.unity.cloud.gltfast/Runtime/Scripts/sbyte4.cs
 0.1 kb	 0.0% Packages/com.unity.cloud.gltfast/Runtime/Scripts/sbyte3.cs
 0.1 kb	 0.0% Packages/com.unity.cloud.gltfast/Runtime/Scripts/byte3.cs
 0.1 kb	 0.0% Packages/com.unity.cloud.gltfast/Runtime/Scripts/Schema/Skin.cs
 0.1 kb	 0.0% Packages/com.unity.cloud.gltfast/Runtime/Scripts/Schema/Root.cs
 0.1 kb	 0.0% Packages/com.unity.cloud.gltfast/Runtime/Scripts/Schema/Node.cs
 0.1 kb	 0.0% Packages/com.unity.cloud.gltfast/Runtime/Scripts/Schema/Mesh.cs
 0.1 kb	 0.0% Packages/com.unity.cloud.gltfast/Runtime/Scripts/DataUri.cs
-------------------------------------------------------------------------------
Unloading 14 Unused Serialized files (Serialized files now loaded: 0)
Unloading 55 unused Assets / (1.4 MB). Loaded Objects now: 1524.
Memory consumption went from 97.6 MB to 96.2 MB.
Total: 4.532300 ms (FindLiveObjects: 0.143700 ms CreateObjectMapping: 0.047500 ms MarkObjects: 3.721100 ms  DeleteObjects: 0.618100 ms)

DisplayProgressNotification: Build Successful
Build Finished, Result: Success.
Total cache size 59178284
Total cache size after purge 59178284
##utp:{"type":"PlayerBuildInfo","version":2,"phase":"Immediate","time":1779634537171,"processId":42116,"steps":[{"description":"Preprocess Player","duration":5},{"description":"Prepare For Build","duration":2901},{"description":"ProducePlayerScriptAssemblies","duration":5832},{"description":"Verify Build setup","duration":12},{"description":"Prepare assets for target platform","duration":61},{"description":"Prepare splash screen","duration":729},{"description":"Building scenes","duration":296},{"description":"Strip built-in resources","duration":0},{"description":"Build scripts DLLs","duration":304},{"description":"Build GlobalGameManagers file","duration":100},{"description":"Writing asset files","duration":4272},{"description":"Building Resources/tuanjie_builtin_extra","duration":4754},{"description":"Write data build dirty tracking information","duration":16},{"description":"Postprocess built player","duration":7300}],"duration":26582}
Unloading 0 Unused Serialized files (Serialized files now loaded: 0)
Loaded scene 'Temp/__Backupscenes/0.backup'
	Deserialize:            0.633 ms
	Integration:            123.538 ms
	Integration of assets:  0.001 ms
	Thread Wait Time:       0.009 ms
	Total Operation Time:   124.182 ms
Unloading 0 unused Assets / (0 B). Loaded Objects now: 1517.
Memory consumption went from 91.7 MB to 91.7 MB.
Total: 3.727700 ms (FindLiveObjects: 0.093100 ms CreateObjectMapping: 0.028000 ms MarkObjects: 3.594600 ms  DeleteObjects: 0.011200 ms)

Unity Android Gradle export completed successfully: G:\maomaomao\unity-export
UnityEngine.StackTraceUtility:ExtractStackTrace ()
UnityEngine.DebugLogHandler:LogFormat (UnityEngine.LogType,UnityEngine.Object,string,object[])
UnityEngine.Logger:Log (UnityEngine.LogType,object)
UnityEngine.Debug:Log (object)
Maomaomao.CompanionCat.EditorTools.CompanionCatAndroidExporter:ExportAndroidGradleProject () (at Assets/Editor/CompanionCatAndroidExporter.cs:56)

(Filename: Assets/Editor/CompanionCatAndroidExporter.cs Line: 56)

Batchmode quit successfully invoked - shutting down!
Killing ADB server in 0.1157021 seconds.
Input System module state changed to: ShutdownInProgress.
Input System polling thread exited.
Input System module state changed to: Shutdown.
[Licensing::IpcConnector] License Notification channel disconnected successfully.
[Licensing::IpcConnector] License Client channel disconnected successfully.
Shutting down server...
Cleanup mono
abort_threads: Failed aborting id: 000000000000C578, mono_thread_manage will ignore it

abort_threads: Failed aborting id: 000000000000C69C, mono_thread_manage will ignore it

abort_threads: Failed aborting id: 000000000000C578, mono_thread_manage will ignore it

abort_threads: Failed aborting id: 000000000000C69C, mono_thread_manage will ignore it

debugger-agent: Unable to listen on 6856
[Performance] WinEditorMain                                                                                                   :        1 samples, Peak.   953 ms (1.0x), Avg.   953 ms, Total. 953.3 ms (2.7%)
[Performance] WinEditorMain.ConfigureCrashHandler                                                                             :        1 samples, Peak.  26.7 us (1.0x), Avg.  26.7 us, Total. 26.70 us (0.0%)
[Performance] WinEditorMain.CurlRequestInitialize                                                                             :        1 samples, Peak.  1.90 ms (1.0x), Avg.  1.90 ms, Total. 1.901 ms (0.0%)
[Performance] WinEditorMain.SetupLogFile                                                                                      :        1 samples, Peak.   238 us (1.0x), Avg.   238 us, Total. 237.7 us (0.0%)
[Performance] WinEditorMain.RunNativeTestsIfRequiredAndExit                                                                   :        1 samples, Peak. 100.0 ns (1.0x), Avg. 100.0 ns, Total. 100.00 ns (0.0%)
[Performance] WinEditorMain.Licensing                                                                                         :        1 samples, Peak.   924 ms (1.0x), Avg.   924 ms, Total. 923.5 ms (2.6%)
[Performance] WinEditorMain.InitializeCrashHandler                                                                            :        1 samples, Peak.  24.2 ms (1.0x), Avg.  24.2 ms, Total. 24.21 ms (0.1%)
[Performance] WinEditorMain.CreateApplication                                                                                 :        1 samples, Peak.   189 us (1.0x), Avg.   189 us, Total. 188.9 us (0.0%)
[Performance] Application.InitializeProject                                                                                   :        1 samples, Peak.  5.71 s (1.0x), Avg.  5.71 s, Total. 5.712 s (16.0%)
[Performance] Application.PackageManager.StartServer                                                                          :        1 samples, Peak.  2.28 ms (1.0x), Avg.  2.28 ms, Total. 2.275 ms (0.0%)
[Performance] Application.AcquireProjectLock                                                                                  :        1 samples, Peak.  43.8 ms (1.0x), Avg.  43.8 ms, Total. 43.80 ms (0.1%)
[Performance] Application.InitializeEngineNoGraphics                                                                          :        1 samples, Peak.   263 ms (1.0x), Avg.   263 ms, Total. 263.4 ms (0.7%)
[Performance] Application.PackageManager.Initialize                                                                           :        1 samples, Peak.   170 ms (1.0x), Avg.   170 ms, Total. 170.2 ms (0.5%)
[Performance] Connecting to Package Manager                                                                                   :       18 samples, Peak.  93.1 us (14.6x), Avg.  6.36 us, Total. 114.5 us (0.0%)
[Performance] PackageManager::Api::RunRequestSynchronously                                                                    :       10 samples, Peak.  4.70 us (1.6x), Avg.  3.02 us, Total. 30.20 us (0.0%)
[Performance] Application.EngineGraphics.Initialize                                                                           :        1 samples, Peak.  29.9 ms (1.0x), Avg.  29.9 ms, Total. 29.90 ms (0.1%)
[Performance] Application.GI.Initialize                                                                                       :        1 samples, Peak.  3.35 ms (1.0x), Avg.  3.35 ms, Total. 3.346 ms (0.0%)
[Performance] Application.LoadAllDefaultResourcesFromEditor                                                                   :        1 samples, Peak.  1.64 ms (1.0x), Avg.  1.64 ms, Total. 1.639 ms (0.0%)
[Performance] Application.LoadMonoAssemblies                                                                                  :        1 samples, Peak.   864 ms (1.0x), Avg.   864 ms, Total. 864.2 ms (2.4%)
[Performance] RestoreManagedReferences                                                                                        :        2 samples, Peak.  35.0 ms (2.0x), Avg.  17.5 ms, Total. 34.99 ms (0.1%)
[Performance] InitializeOnLoad ManagedDebuggerWindow                                                                          :        2 samples, Peak.   607 us (1.0x), Avg.   596 us, Total. 1.192 ms (0.0%)
[Performance] InitializeOnLoad SettingsService                                                                                :        2 samples, Peak.  9.40 us (1.1x), Avg.  8.85 us, Total. 17.70 us (0.0%)
[Performance] InitializeOnLoad CacheServerWindow                                                                              :        2 samples, Peak.  7.50 us (1.3x), Avg.  5.80 us, Total. 11.60 us (0.0%)
[Performance] InitializeOnLoad ProfilerConnectionPopupWindow                                                                  :        2 samples, Peak.  18.3 us (1.0x), Avg.  17.7 us, Total. 35.50 us (0.0%)
[Performance] InitializeOnLoad UnityConnect                                                                                   :        2 samples, Peak.  32.1 us (1.0x), Avg.  31.3 us, Total. 62.60 us (0.0%)
[Performance] InitializeOnLoad ObjectSelectorSearch                                                                           :        2 samples, Peak.  78.7 us (1.1x), Avg.  68.6 us, Total. 137.1 us (0.0%)
[Performance] InitializeOnLoad PoolManager                                                                                    :        2 samples, Peak.   441 us (1.1x), Avg.   420 us, Total. 840.9 us (0.0%)
[Performance] InitializeOnLoad WindowLayout                                                                                   :        2 samples, Peak.   268 us (1.3x), Avg.   214 us, Total. 428.3 us (0.0%)
[Performance] InitializeOnLoad MenuItems                                                                                      :        2 samples, Peak.  62.6 us (1.0x), Avg.  60.4 us, Total. 120.7 us (0.0%)
[Performance] InitializeOnLoad EditMode                                                                                       :        2 samples, Peak.   278 us (1.1x), Avg.   262 us, Total. 524.6 us (0.0%)
[Performance] InitializeOnLoad UISystemProfilerRenderService                                                                  :        2 samples, Peak.  7.70 us (1.2x), Avg.  6.60 us, Total. 13.20 us (0.0%)
[Performance] InitializeOnLoad PrefabInstanceChangedListener                                                                  :        2 samples, Peak.  92.6 us (1.0x), Avg.  92.1 us, Total. 184.3 us (0.0%)
[Performance] InitializeOnLoad BuildProfileHelperManager                                                                      :        2 samples, Peak.   183 ms (1.9x), Avg.  94.6 ms, Total. 189.2 ms (0.5%)
[Performance] InitializeOnLoad ProjectSearch                                                                                  :        2 samples, Peak.  54.6 us (1.1x), Avg.  48.3 us, Total. 96.70 us (0.0%)
[Performance] InitializeOnLoad SearchService                                                                                  :        2 samples, Peak.   114 us (1.2x), Avg.  94.2 us, Total. 188.3 us (0.0%)
[Performance] InitializeOnLoad ShortcutIntegration                                                                            :        2 samples, Peak.  55.6 us (1.2x), Avg.  47.8 us, Total. 95.50 us (0.0%)
[Performance] InitializeOnLoad ManagedDebugger                                                                                :        2 samples, Peak.   600 ns (1.5x), Avg.   400 ns, Total. 800.0 ns (0.0%)
[Performance] InitializeOnLoad CloudBuild                                                                                     :        2 samples, Peak.  3.60 us (1.2x), Avg.  3.05 us, Total. 6.100 us (0.0%)
[Performance] InitializeOnLoad AssetStoreContext                                                                              :        2 samples, Peak.  16.6 ms (1.7x), Avg.  9.92 ms, Total. 19.83 ms (0.1%)
[Performance] InitializeOnLoad AddComponentWindow                                                                             :        2 samples, Peak.  85.4 us (1.0x), Avg.  84.7 us, Total. 169.5 us (0.0%)
[Performance] InitializeOnLoad TuanjiePathAndNameFix                                                                          :        2 samples, Peak.   123 us (1.1x), Avg.   115 us, Total. 230.1 us (0.0%)
[Performance] InitializeOnLoad PlayModeDownload                                                                               :        2 samples, Peak.   441 us (1.7x), Avg.   257 us, Total. 513.6 us (0.0%)
[Performance] InitializeOnLoad PlayableAdsHtmlChannelManager                                                                  :        2 samples, Peak.   521 us (1.0x), Avg.   518 us, Total. 1.036 ms (0.0%)
[Performance] InitializeOnLoad MixerEffectDefinitionReloader                                                                  :        2 samples, Peak.  1.41 ms (1.1x), Avg.  1.28 ms, Total. 2.553 ms (0.0%)
[Performance] InitializeOnLoad NativeFormatImporterUtility                                                                    :        2 samples, Peak.  1.80 ms (1.2x), Avg.  1.51 ms, Total. 3.019 ms (0.0%)
[Performance] InitializeOnLoad DrivenRectTransformUndo                                                                        :        2 samples, Peak.   180 us (1.0x), Avg.   172 us, Total. 343.3 us (0.0%)
[Performance] InitializeOnLoad SceneSearch                                                                                    :        2 samples, Peak.  42.3 us (1.2x), Avg.  35.0 us, Total. 70.00 us (0.0%)
[Performance] InitializeOnLoad EditorMonitor                                                                                  :        2 samples, Peak.   529 us (1.2x), Avg.   426 us, Total. 851.8 us (0.0%)
[Performance] InitializeOnLoad RetainedMode                                                                                   :        2 samples, Peak.  1.65 ms (1.1x), Avg.  1.56 ms, Total. 3.124 ms (0.0%)
[Performance] InitializeOnLoad EditorShaderLoader                                                                             :        2 samples, Peak.   472 us (1.0x), Avg.   458 us, Total. 916.5 us (0.0%)
[Performance] InitializeOnLoad EditorDelegateRegistration                                                                     :        2 samples, Peak.   390 us (1.1x), Avg.   340 us, Total. 680.0 us (0.0%)
[Performance] InitializeOnLoad UIDocumentHierarchyWatcher                                                                     :        2 samples, Peak.  55.5 us (1.1x), Avg.  52.8 us, Total. 105.7 us (0.0%)
[Performance] InitializeOnLoad LiveReloadTrackerCreator                                                                       :        2 samples, Peak.   132 us (1.1x), Avg.   118 us, Total. 236.0 us (0.0%)
[Performance] InitializeOnLoad UxmlObjectEditorFactories                                                                      :        2 samples, Peak.   380 us (1.1x), Avg.   348 us, Total. 695.9 us (0.0%)
[Performance] InitializeOnLoad UXMLEditorFactories                                                                            :        2 samples, Peak.  43.4 ms (1.1x), Avg.  40.8 ms, Total. 81.68 ms (0.2%)
[Performance] InitializeOnLoad PurchasingService                                                                              :        2 samples, Peak.  5.51 ms (1.0x), Avg.  5.39 ms, Total. 10.78 ms (0.0%)
[Performance] InitializeOnLoad CloudBuildPoller                                                                               :        2 samples, Peak.  84.3 us (1.0x), Avg.  83.9 us, Total. 167.7 us (0.0%)
[Performance] InitializeOnLoad EditorGameServicesAnalytics                                                                    :        2 samples, Peak.  1.15 ms (1.3x), Avg.   892 us, Total. 1.783 ms (0.0%)
[Performance] InitializeOnLoad AnalyticsService                                                                               :        2 samples, Peak.   125 us (1.0x), Avg.   125 us, Total. 249.4 us (0.0%)
[Performance] InitializeOnLoad BuildService                                                                                   :        2 samples, Peak.   100 us (1.0x), Avg.  99.7 us, Total. 199.4 us (0.0%)
[Performance] InitializeOnLoad AdsService                                                                                     :        2 samples, Peak.   297 us (1.1x), Avg.   275 us, Total. 550.8 us (0.0%)
[Performance] InitializeOnLoad UDPService                                                                                     :        2 samples, Peak.   123 us (1.1x), Avg.   113 us, Total. 227.0 us (0.0%)
[Performance] InitializeOnLoad CrashService                                                                                   :        2 samples, Peak.   103 us (1.0x), Avg.  98.7 us, Total. 197.3 us (0.0%)
[Performance] InitializeOnLoad ServicesRepository                                                                             :        2 samples, Peak.   400 ns (1.1x), Avg.   350 ns, Total. 700.0 ns (0.0%)
[Performance] InitializeOnLoad SearchWindow                                                                                   :        2 samples, Peak.   107 us (1.2x), Avg.  92.2 us, Total. 184.4 us (0.0%)
[Performance] InitializeOnLoad CustomIndexers                                                                                 :        2 samples, Peak.  12.1 ms (1.0x), Avg.  11.5 ms, Total. 22.98 ms (0.1%)
[Performance] InitializeOnLoad SearchMonitor                                                                                  :        2 samples, Peak.   780 us (1.1x), Avg.   683 us, Total. 1.366 ms (0.0%)
[Performance] InitializeOnLoad ParameterControllerEditor                                                                      :        2 samples, Peak.  20.7 us (1.1x), Avg.  18.0 us, Total. 36.00 us (0.0%)
[Performance] InitializeOnLoad LayerSettingsWindow                                                                            :        2 samples, Peak.  24.6 us (1.8x), Avg.  13.9 us, Total. 27.90 us (0.0%)
[Performance] InitializeOnLoad PackageManagerHookGUIDConverter.RegisterPackagesEventHandler                                   :        2 samples, Peak.   589 us (1.6x), Avg.   361 us, Total. 722.1 us (0.0%)
[Performance] InitializeOnLoad EditorDragAndDrop.RegisterEditorClient                                                         :        2 samples, Peak.   412 us (1.5x), Avg.   273 us, Total. 545.8 us (0.0%)
[Performance] InitializeOnLoad EditorEventCallbacks.InitializeFontAssetResourceChangeCallBacks                                :        2 samples, Peak.  1.32 ms (1.3x), Avg.  1.05 ms, Total. 2.109 ms (0.0%)
[Performance] InitializeOnLoad SceneTemplateService.Init                                                                      :        2 samples, Peak.  1.30 ms (1.3x), Avg.  1.02 ms, Total. 2.041 ms (0.0%)
[Performance] InitializeOnLoad DiagnosticSwitchesConsoleMessage.Init                                                          :        2 samples, Peak.  7.73 ms (1.8x), Avg.  4.39 ms, Total. 8.780 ms (0.0%)
[Performance] InitializeOnLoad MemoryProfilerCompilationGuard.InjectCompileGuard                                              :        2 samples, Peak.   127 us (1.2x), Avg.   104 us, Total. 207.8 us (0.0%)
[Performance] InitializeOnLoad SysrootManager.Initialize                                                                      :        2 samples, Peak.  1.15 ms (1.5x), Avg.   752 us, Total. 1.503 ms (0.0%)
[Performance] InitializeOnLoad SceneVisibilityManager.Initialize                                                              :        2 samples, Peak.  2.37 ms (1.2x), Avg.  2.02 ms, Total. 4.033 ms (0.0%)
[Performance] InitializeOnLoad AssetPostprocessingInternal.RefreshCustomDependencies                                          :        2 samples, Peak.  2.18 ms (1.5x), Avg.  1.46 ms, Total. 2.928 ms (0.0%)
[Performance] InitializeOnLoad ToolShortcutContext.Init                                                                       :        2 samples, Peak.   185 us (1.2x), Avg.   149 us, Total. 298.0 us (0.0%)
[Performance] InitializeOnLoad EditorWindow.Initialize                                                                        :        2 samples, Peak.   383 us (1.4x), Avg.   265 us, Total. 529.3 us (0.0%)
[Performance] InitializeOnLoad PackageManagerWindow.EditorInitializedInSafeMode                                               :        2 samples, Peak.   140 us (1.4x), Avg.   102 us, Total. 203.7 us (0.0%)
[Performance] InitializeOnLoad ScopedRegistryAddedPopup.SubscribeToRegistriesAdded                                            :        2 samples, Peak.   303 us (1.7x), Avg.   183 us, Total. 366.0 us (0.0%)
[Performance] AssemblyReloadEvents.afterAssemblyReload: UnityEditor.PackageManager.TuanjiePathAndNameFix.FixTuanjieNameOrPath :        2 samples, Peak.  2.24 ms (1.4x), Avg.  1.64 ms, Total. 3.285 ms (0.0%)
[Performance] AssemblyReloadEvents.afterAssemblyReload: UnityEditor.SceneTemplate.SceneTemplateService.AfterAssemblyReload    :        2 samples, Peak.  2.44 ms (1.9x), Avg.  1.31 ms, Total. 2.627 ms (0.0%)
[Performance] ProcessService.EditorAfterLoadAllAssemblies                                                                     :        2 samples, Peak.   257 us (1.2x), Avg.   218 us, Total. 435.5 us (0.0%)
[Performance] Application.ReadLicenseInfo                                                                                     :        1 samples, Peak.   191 us (1.0x), Avg.   191 us, Total. 191.0 us (0.0%)
[Performance] Application.InitialRefresh                                                                                      :        1 samples, Peak.  2.85 s (1.0x), Avg.  2.85 s, Total. 2.852 s (8.0%)
[Performance] ShaderImporter.SourceAssetModified                                                                              :        4 samples, Peak.   900 ns (1.4x), Avg.   625 ns, Total. 2.500 us (0.0%)
[Performance] ShaderIncludeImporter.SourceAssetModified                                                                       :        4 samples, Peak.   800 ns (1.4x), Avg.   575 ns, Total. 2.300 us (0.0%)
[Performance] Compiling Scripts                                                                                               :        1 samples, Peak.   822 ms (1.0x), Avg.   822 ms, Total. 822.4 ms (2.3%)
[Performance] AssemblyReloadEvents.beforeAssemblyReload: UnityEditor.SceneTemplate.SceneTemplateService.BeforeAssemblyReload  :        1 samples, Peak.   316 us (1.0x), Avg.   316 us, Total. 315.7 us (0.0%)
[Performance] PresetManagerPostProcessor.OnPreprocessAsset                                                                    :        5 samples, Peak.   817 us (4.0x), Avg.   206 us, Total. 1.030 ms (0.0%)
[Performance] CancelSplashScreenOnAssetChange.OnPreprocessAsset                                                               :        5 samples, Peak.  96.0 us (4.6x), Avg.  21.0 us, Total. 105.0 us (0.0%)
[Performance] InitializeOnLoad BurstLoader                                                                                    :        1 samples, Peak.  1.14 s (1.0x), Avg.  1.14 s, Total. 1.145 s (3.2%)
[Performance] InitializeOnLoad PackageSetupCheck                                                                              :        1 samples, Peak.  5.84 ms (1.0x), Avg.  5.84 ms, Total. 5.838 ms (0.0%)
[Performance] InitializeOnLoad BackgroundWatcher                                                                              :        1 samples, Peak.   133 us (1.0x), Avg.   133 us, Total. 133.2 us (0.0%)
[Performance] InitializeOnLoad RerunCallbackInitializer                                                                       :        1 samples, Peak.  3.85 ms (1.0x), Avg.  3.85 ms, Total. 3.851 ms (0.0%)
[Performance] InitializeOnLoad TestStarter                                                                                    :        1 samples, Peak.   737 us (1.0x), Avg.   737 us, Total. 736.8 us (0.0%)
[Performance] InitializeOnLoad UnityTestProtocolStarter                                                                       :        1 samples, Peak.   144 us (1.0x), Avg.   144 us, Total. 143.9 us (0.0%)
[Performance] InitializeOnLoad TestJobDataHolder.ResumeRunningJobs                                                            :        1 samples, Peak.   603 us (1.0x), Avg.   603 us, Total. 603.4 us (0.0%)
[Performance] InitializeOnLoad AnalyticsReporter.RegisterCallbacks                                                            :        1 samples, Peak.   172 us (1.0x), Avg.   172 us, Total. 172.2 us (0.0%)
[Performance] InitializeOnLoad $BurstDirectCallInitializer.Initialize                                                         :        3 samples, Peak.  16.9 ms (2.6x), Avg.  6.56 ms, Total. 19.68 ms (0.1%)
[Performance] DidReloadScriptsTestRunnerWindow.CompilationCallback                                                            :        1 samples, Peak.   704 us (1.0x), Avg.   704 us, Total. 703.6 us (0.0%)
[Performance] DidReloadScriptsTestListCache.ScriptReloaded                                                                    :        1 samples, Peak.  1.11 ms (1.0x), Avg.  1.11 ms, Total. 1.106 ms (0.0%)
[Performance] DidReloadScriptsOnScriptsReloadHandler.OnScriptsReloaded                                                        :        1 samples, Peak.   123 us (1.0x), Avg.   123 us, Total. 123.2 us (0.0%)
[Performance] DidReloadScriptsAdvancedDropdownWindow.OnScriptReload                                                           :        1 samples, Peak.   176 us (1.0x), Avg.   176 us, Total. 175.9 us (0.0%)
[Performance] AssetDatabase.ImportAssets                                                                                      :        8 samples, Peak.  11.1 ms (8.0x), Avg.  1.38 ms, Total. 11.05 ms (0.0%)
[Performance] VersionControl.Task.Wait                                                                                        :        1 samples, Peak.  6.10 us (1.0x), Avg.  6.10 us, Total. 6.100 us (0.0%)
[Performance] BuilderAssetPostprocessor.OnPostprocessAllAssets                                                                :        8 samples, Peak.  2.35 ms (3.9x), Avg.   594 us, Total. 4.756 ms (0.0%)
[Performance] ArtifactBrowserPostProcessor.OnPostprocessAllAssets                                                             :        8 samples, Peak.   384 us (3.9x), Avg.  97.5 us, Total. 779.9 us (0.0%)
[Performance] AssetEvents.OnPostprocessAllAssets                                                                              :       16 samples, Peak.   171 us (5.8x), Avg.  29.8 us, Total. 476.8 us (0.0%)
[Performance] AudioMixerPostprocessor.OnPostprocessAllAssets                                                                  :        8 samples, Peak.   221 us (3.9x), Avg.  57.0 us, Total. 455.7 us (0.0%)
[Performance] DomainReloadPostprocessor.OnPostprocessAllAssets                                                                :        8 samples, Peak.   892 us (3.8x), Avg.   233 us, Total. 1.866 ms (0.0%)
[Performance] StyleCatalogPostProcessor.OnPostprocessAllAssets                                                                :        8 samples, Peak.  10.4 ms (4.0x), Avg.  2.61 ms, Total. 20.90 ms (0.1%)
[Performance] BuildCatalog                                                                                                    :        1 samples, Peak.  9.62 ms (1.0x), Avg.  9.62 ms, Total. 9.617 ms (0.0%)
[Performance] ModelImporterPostProcessor.OnPostprocessAllAssets                                                               :        8 samples, Peak.   716 us (3.8x), Avg.   187 us, Total. 1.498 ms (0.0%)
[Performance] RetainedModeAssetPostprocessor.OnPostprocessAllAssets                                                           :        8 samples, Peak.  1.79 ms (3.9x), Avg.   456 us, Total. 3.649 ms (0.0%)
[Performance] AssetChangedListener.OnPostprocessAllAssets                                                                     :        8 samples, Peak.  1.13 ms (3.4x), Avg.   331 us, Total. 2.651 ms (0.0%)
[Performance] SpeedTreePostProcessor.OnPostprocessAllAssets                                                                   :        8 samples, Peak.   197 us (3.6x), Avg.  55.3 us, Total. 442.1 us (0.0%)
[Performance] TextAssetPostProcessor.OnPostprocessAllAssets                                                                   :        8 samples, Peak.  1.06 ms (3.0x), Avg.   353 us, Total. 2.828 ms (0.0%)
[Performance] SyncVS.PostprocessSyncProject                                                                                   :        4 samples, Peak.  1.41 ms (3.7x), Avg.   381 us, Total. 1.525 ms (0.0%)
[Performance] EditorApplication.projectChanged: UnityEditor.Audio.MixerEffectDefinitionReloader.OnProjectChanged              :        2 samples, Peak.   288 us (1.0x), Avg.   278 us, Total. 556.8 us (0.0%)
[Performance] Application.ImportPackagesAndSetTemplateWhenCreatingProject                                                     :        1 samples, Peak.  12.9 ms (1.0x), Avg.  12.9 ms, Total. 12.88 ms (0.0%)
[Performance] Application.SyncCurrentColorSpace                                                                               :        1 samples, Peak.  14.4 ms (1.0x), Avg.  14.4 ms, Total. 14.44 ms (0.0%)
[Performance] Application.OnUsbDevicesChanged                                                                                 :        1 samples, Peak.  8.50 ms (1.0x), Avg.  8.50 ms, Total. 8.498 ms (0.0%)
[Performance] Application.AssetInstanceCacheUpdate                                                                            :        1 samples, Peak.   200 ns (1.0x), Avg.   200 ns, Total. 200.0 ns (0.0%)
[Performance] Application.UnityExtensions.Initialize                                                                          :        1 samples, Peak.  1.18 ms (1.0x), Avg.  1.18 ms, Total. 1.179 ms (0.0%)
[Performance] CodeEditorProjectSync.SyncEditorProject                                                                         :        1 samples, Peak.   121 us (1.0x), Avg.   121 us, Total. 121.4 us (0.0%)
[Performance] Application.ExecuteStartups                                                                                     :        1 samples, Peak.  35.7 ms (1.0x), Avg.  35.7 ms, Total. 35.72 ms (0.1%)
[Performance] Menu.RegisterMenuInterface                                                                                      :       27 samples, Peak.   700 ns (4.3x), Avg.   163 ns, Total. 4.400 us (0.0%)
[Performance] Gizmo.RebuildRenderers                                                                                          :        2 samples, Peak.  34.6 ms (1.4x), Avg.  24.1 ms, Total. 48.25 ms (0.1%)
[Performance] Gizmo.AddGizmoRenderers                                                                                         :       96 samples, Peak.  1.52 ms (32.4x), Avg.  46.9 us, Total. 4.498 ms (0.0%)
[Performance] Application.editorInitializingProject                                                                           :        1 samples, Peak.   361 ms (1.0x), Avg.   361 ms, Total. 361.2 ms (1.0%)
[Performance] Application.InitializeMenu                                                                                      :        1 samples, Peak.   752 ms (1.0x), Avg.   752 ms, Total. 751.6 ms (2.1%)
[Performance] Menu.RebuildAll                                                                                                 :        1 samples, Peak.   752 ms (1.0x), Avg.   752 ms, Total. 751.6 ms (2.1%)
[Performance] Menu.BuildRegisteredMenuInterfaces                                                                              :        1 samples, Peak.   750 ms (1.0x), Avg.   750 ms, Total. 749.9 ms (2.1%)
[Performance] Menu.FilterMenuItem                                                                                             :      529 samples, Peak.  15.9 ms (524.5x), Avg.  30.2 us, Total. 15.99 ms (0.0%)
[Performance] UpdateAllMenus                                                                                                  :        1 samples, Peak.   389 us (1.0x), Avg.   389 us, Total. 389.4 us (0.0%)
[Performance] Menu.RebuildOSMainMenu                                                                                          :        3 samples, Peak.  2.96 ms (1.6x), Avg.  1.81 ms, Total. 5.424 ms (0.0%)
[Performance] EditorSceneManager.sceneClosing: UnityEditor.SceneVisibilityManager.EditorSceneManagerOnSceneClosing            :        5 samples, Peak.   193 us (4.7x), Avg.  41.1 us, Total. 205.5 us (0.0%)
[Performance] GUIView.RepaintAll.PlayerLoopController                                                                         :        4 samples, Peak.  1.10 us (1.3x), Avg.   825 ns, Total. 3.300 us (0.0%)
[Performance] EditorSceneManager.newSceneCreated: UnityEditor.SceneTemplate.SceneTemplateService.OnNewSceneCreated            :        3 samples, Peak.   211 us (3.0x), Avg.  71.4 us, Total. 214.2 us (0.0%)
[Performance] EditorSceneManager.newSceneCreated: UnityEditor.SceneVisibilityManager.EditorSceneManagerOnNewSceneCreated      :        3 samples, Peak.   134 us (2.6x), Avg.  52.2 us, Total. 156.7 us (0.0%)
[Performance] EditorSceneManager.newSceneCreated: UnityEditor.SceneManagement.StageNavigationManager.OnNewSceneCreated        :        3 samples, Peak.  44.4 us (2.8x), Avg.  15.9 us, Total. 47.70 us (0.0%)
[Performance] Application.InvokeFinishedLoadingProject                                                                        :        1 samples, Peak.  1.70 ms (1.0x), Avg.  1.70 ms, Total. 1.697 ms (0.0%)
[Performance] ProcessService.OnProjectLoaded                                                                                  :        1 samples, Peak.  36.0 us (1.0x), Avg.  36.0 us, Total. 36.00 us (0.0%)
[Performance] Inspector.InitOrRebuild                                                                                         :        3 samples, Peak.   222 us (1.4x), Avg.   156 us, Total. 467.1 us (0.0%)
[Performance] BuilderAssetModificationProcessor.OnWillSaveAssets                                                              :        2 samples, Peak.   259 us (1.9x), Avg.   135 us, Total. 269.0 us (0.0%)
[Performance] TerrainModificationProcessor.OnWillSaveAssets                                                                   :        2 samples, Peak.   468 us (2.0x), Avg.   235 us, Total. 470.5 us (0.0%)
[Performance] GenerateAssemblyTypeInfos                                                                                       :        2 samples, Peak.  9.21 ms (1.2x), Avg.  7.54 ms, Total. 15.09 ms (0.0%)
[Performance] AssetDatabase.Refresh                                                                                           :        1 samples, Peak.  31.9 ms (1.0x), Avg.  31.9 ms, Total. 31.93 ms (0.1%)
[Performance] TextureImporter.Import                                                                                          :        2 samples, Peak.  8.98 ms (1.7x), Avg.  5.40 ms, Total. 10.81 ms (0.0%)
[Performance] EditorSceneManager.sceneOpened: UnityEditor.SceneTemplate.SceneTemplateService.OnSceneOpened                    :        1 samples, Peak.   177 us (1.0x), Avg.   177 us, Total. 176.8 us (0.0%)
[Performance] EditorSceneManager.sceneOpened: UnityEditor.SceneVisibilityManager.EditorSceneManagerOnSceneOpened              :        1 samples, Peak.   128 us (1.0x), Avg.   128 us, Total. 128.1 us (0.0%)
[Performance] EditorSceneManager.sceneOpened: UnityEditor.SceneManagement.StageNavigationManager.OnSceneOpened                :        1 samples, Peak.  39.3 us (1.0x), Avg.  39.3 us, Total. 39.30 us (0.0%)
[Performance] UnityBuildPostprocessor.OnProcessScene                                                                          :        1 samples, Peak.   405 us (1.0x), Avg.   405 us, Total. 404.9 us (0.0%)
[Performance] EditorApplication.quitting: Unity.Burst.Editor.BurstLoader.OnEditorApplicationQuitting                          :        1 samples, Peak.  23.6 us (1.0x), Avg.  23.6 us, Total. 23.60 us (0.0%)
[Performance] EditorApplication.quitting: callback in UnityEditor.TextCore.Text.EditorEventCallbacks                          :        1 samples, Peak.  6.24 ms (1.0x), Avg.  6.24 ms, Total. 6.235 ms (0.0%)
[Performance] Killing ADB server                                                                                              :        1 samples, Peak.   115 ms (1.0x), Avg.   115 ms, Total. 115.4 ms (0.3%)
[Performance] Application.Shutdown.PauseProfilerSession                                                                       :        1 samples, Peak.  23.5 us (1.0x), Avg.  23.5 us, Total. 23.50 us (0.0%)
[Performance] Application.Shutdown.PauseAssetImportWorkers                                                                    :        1 samples, Peak.  86.8 us (1.0x), Avg.  86.8 us, Total. 86.80 us (0.0%)
[Performance] Application.Shutdown.SaveAssets                                                                                 :        1 samples, Peak.  3.32 ms (1.0x), Avg.  3.32 ms, Total. 3.322 ms (0.0%)
[Performance] Application.Shutdown.CleanupRenderPipeline                                                                      :        1 samples, Peak.  5.20 us (1.0x), Avg.  5.20 us, Total. 5.200 us (0.0%)
[Performance] Application.Shutdown.StopPreloadManager                                                                         :        1 samples, Peak.  9.57 ms (1.0x), Avg.  9.57 ms, Total. 9.570 ms (0.0%)
[Performance] Application.Shutdown.DestroyWorld                                                                               :        1 samples, Peak.   401 us (1.0x), Avg.   401 us, Total. 400.5 us (0.0%)
[Performance] Application.Shutdown.CleanupAfterLoad                                                                           :        1 samples, Peak.   125 ms (1.0x), Avg.   125 ms, Total. 124.8 ms (0.3%)
[Performance] Application.Shutdown.Progress                                                                                   :        1 samples, Peak.  6.80 us (1.0x), Avg.  6.80 us, Total. 6.800 us (0.0%)
[Performance] Application.Shutdown.GICleanupManagers                                                                          :        1 samples, Peak.  1.84 ms (1.0x), Avg.  1.84 ms, Total. 1.835 ms (0.0%)
[Performance] Application.Shutdown.MenuCleanupClass                                                                           :        1 samples, Peak.   159 us (1.0x), Avg.   159 us, Total. 159.1 us (0.0%)
[Performance] Application.Shutdown.ADBSaveStateBeforeShutdown                                                                 :        1 samples, Peak.  8.70 us (1.0x), Avg.  8.70 us, Total. 8.700 us (0.0%)
[Performance] Application.Shutdown.RemoteShutdown                                                                             :        1 samples, Peak.   800 ns (1.0x), Avg.   800 ns, Total. 800.0 ns (0.0%)
[Performance] Application.Shutdown.CleanupVCProvider                                                                          :        1 samples, Peak.  8.70 us (1.0x), Avg.  8.70 us, Total. 8.700 us (0.0%)
[Performance] Application.Shutdown.InputShutdown                                                                              :        1 samples, Peak.   500 ns (1.0x), Avg.   500 ns, Total. 500.0 ns (0.0%)
[Performance] Application.Shutdown.GizmoManagerDestroy                                                                        :        1 samples, Peak.   711 us (1.0x), Avg.   711 us, Total. 710.6 us (0.0%)
[Performance] Application.Shutdown.ProfilerSession                                                                            :        1 samples, Peak.   219 us (1.0x), Avg.   219 us, Total. 219.3 us (0.0%)
[Performance] Application.Shutdown.ReleaseGfxWindowOnAllGUIViews                                                              :        1 samples, Peak.   400 ns (1.0x), Avg.   400 ns, Total. 400.0 ns (0.0%)
[Performance] Application.Shutdown.CleanupEngine                                                                              :        1 samples, Peak.  77.5 ms (1.0x), Avg.  77.5 ms, Total. 77.49 ms (0.2%)
[Performance] Application.Shutdown.CleanupAssetDatabase                                                                       :        1 samples, Peak.  8.16 ms (1.0x), Avg.  8.16 ms, Total. 8.155 ms (0.0%)
[Performance] Application.Shutdown.ScriptCompilationCleanUp                                                                   :        1 samples, Peak.  25.0 ms (1.0x), Avg.  25.0 ms, Total. 24.98 ms (0.1%)
[Performance] Application.Shutdown.DestroyJobSystem                                                                           :        1 samples, Peak.   149 us (1.0x), Avg.   149 us, Total. 148.9 us (0.0%)
[Performance] Application.Shutdown.CleanupPersistentManager                                                                   :        1 samples, Peak.  1.19 ms (1.0x), Avg.  1.19 ms, Total. 1.192 ms (0.0%)
[Performance] Application.Shutdown.CleanupAsyncReadManager                                                                    :        1 samples, Peak.   313 us (1.0x), Avg.   313 us, Total. 313.4 us (0.0%)
[Performance] Application.Shutdown.CleanupProgressBar                                                                         :        1 samples, Peak.   500 ns (1.0x), Avg.   500 ns, Total. 500.0 ns (0.0%)
[Performance] Application.Shutdown.CleanupMono                                                                                :        1 samples, Peak.   111 ms (1.0x), Avg.   111 ms, Total. 110.5 ms (0.3%)
[Performance] Application.Shutdown.CleanupStdConverters                                                                       :        1 samples, Peak.  10.1 us (1.0x), Avg.  10.1 us, Total. 10.10 us (0.0%)
[Performance] Application.Shutdown.UnloadAllPlatformSupportModuleNativeDlls                                                   :        1 samples, Peak.   700 ns (1.0x), Avg.   700 ns, Total. 700.0 ns (0.0%)
[Performance] Application.Shutdown.UnloadAllPlatformSupportNativeLibraries                                                    :        1 samples, Peak. 100.0 ns (1.0x), Avg. 100.0 ns, Total. 100.00 ns (0.0%)
[Performance] Application.Shutdown.CleanupAutoDocumentation                                                                   :        1 samples, Peak.   429 us (1.0x), Avg.   429 us, Total. 428.9 us (0.0%)
[Performance] Application.Shutdown.ShaderNameManagerDestroy                                                                   :        1 samples, Peak.  64.6 us (1.0x), Avg.  64.6 us, Total. 64.60 us (0.0%)
[Performance] Application.Shutdown.CleanupCacheServer                                                                         :        1 samples, Peak.   100 ns (1.0x), Avg.   100 ns, Total. 100.0 ns (0.0%)
[Performance] Application.Shutdown.Virtualization_Shutdown                                                                    :        1 samples, Peak.   600 ns (1.0x), Avg.   600 ns, Total. 600.0 ns (0.0%)
[Performance] Application.Shutdown.DevConnections                                                                             :        1 samples, Peak.   193 us (1.0x), Avg.   193 us, Total. 192.6 us (0.0%)
Exiting batchmode successfully now!
Exiting without the bug reporter. Application will terminate with return code 0